keyword,intencion,cobertura,tipo,url,titulo,id,score
10 condores chilenos,mixto,NO,,,,,1
accesorios habitrail,mixto,SI,post,https://avesnativaschilenas.cl/jaulas/accesorios-para-jaulas/,Accesorios para Jaulas de Aves: Todo lo que Necesitas,15289,100
accesorios para aves,mixto,SI,post,https://avesnativaschilenas.cl/jaulas/accesorios-para-jaulas/,Accesorios para Jaulas de Aves: Todo lo que Necesitas,15289,100
actividades con aves,mixto,SI/Parcial,post,https://avesnativaschilenas.cl/jaulas/transportines-para-aves/,Transportines para Aves: Como Elegir el Mejor para Viajar con tu Pajaro,15286,2
agaporni roseicollis,mixto,NO,,,,,0
agapornis variedades,mixto,SI,post,https://avesnativaschilenas.cl/jaulas/para-loros/descubre-el-secreto-para-mantener-la-jaula-de-tu-loro-siempre-limpia-y-fresca/,¡Descubre el secreto para mantener la jaula de tu loro siempre limpia y fresca!,8533,100
aguila alas abiertas,mixto,SI,post,https://avesnativaschilenas.cl/aguilas/cuanto-mide-un-aguila-real-con-las-alas-abiertas/,Cuanto mide un aguila real con las alas abiertas,9362,3
aguila cuello blanco,mixto,NO,,,,,1
aguila harris precio,comercial,NO,,,,,1
aguila real en vuelo,mixto,SI,post,https://avesnativaschilenas.cl/aguilas/el-vuelo-del-aguila-y-su-simbolismo-en-otras-culturas/,El vuelo del aguila y su simbolismo en otras culturas,9512,3
aguila real mexicana,mixto,SI/Parcial,post,https://avesnativaschilenas.cl/aguilas/cuanto-mide-un-aguila-real-con-las-alas-abiertas/,Cuanto mide un aguila real con las alas abiertas,9362,2
aguilas aves rapaces,mixto,SI/Parcial,post,https://avesnativaschilenas.cl/rapaces/falconidae-guia-completa-de-las-aves-rapaces-diurnas/,Falconidae: Guia Completa de las Aves Rapaces Diurnas,11822,2
aguilas en la biblia,mixto,SI,post,https://avesnativaschilenas.cl/aguilas/caracteristicas-de-las-aguilas-segun-la-biblia/,El Aguila en la Biblia: significado espiritual y versiculos clave,1857,4
albatro de galapagos,mixto,SI,post,https://avesnativaschilenas.cl/albatro/albatros-de-las-galapagos/,"Albatros de las Galápagos: Datos, curiosidades y fotografías impresionantes",456,3
alimentacion colibri,informacional,NO,,,,,1
alimentacion de loro,informacional,SI,post,https://avesnativaschilenas.cl/jaulas/para-loros/descubre-el-secreto-para-mantener-la-jaula-de-tu-loro-siempre-limpia-y-fresca/,¡Descubre el secreto para mantener la jaula de tu loro siempre limpia y fresca!,8533,100
alimentacion de pato,informacional,SI/Parcial,post,https://avesnativaschilenas.cl/cuidados/tipo-de-alimentacion-de-las-aves/,Descubre los Tipos de Alimentación de las Aves: Guía Completa para Entender sus Dietas,11359,2
alimentacion gorrion,informacional,SI/Parcial,page,https://avesnativaschilenas.cl/gorrion/,"Gorrion en Chile: caracteristicas, habitat, alimentacion y comportamiento",9827,2
alimento de ponedora,mixto,SI,post,https://avesnativaschilenas.cl/jaulas/para-gallinas-ponedoras/,Jaulas para Gallinas Ponedoras: Guia de Compra 2026,15281,100
alimento para perico,mixto,SI,post,https://avesnativaschilenas.cl/jaulas/para-periquitos/,Jaulas para Periquitos: Guia de Compra Completa 2026,15284,100
alimento para zorzal,mixto,NO,,,,,1
amazon jaula pajaros,navegacional,SI,post,https://avesnativaschilenas.cl/jaulas/accesorios-para-jaulas/,Accesorios para Jaulas de Aves: Todo lo que Necesitas,15289,100
amazonas frente azul,navegacional,NO,,,,,1
ambiente de las aves,mixto,SI,post,https://avesnativaschilenas.cl/blog/importancia-de-las-aves-en-chile/,Importancia de las aves en Chile: su rol en los ecosistemas y la conservacion nacional,15082,3
anillos para pájaros,mixto,SI/Parcial,post,https://avesnativaschilenas.cl/jaulas/voladeras/,Voladeras para Aves: Como Elegir la Mejor para tus Pajaros,15277,2
arboles para pajaros,mixto,SI/Parcial,post,https://avesnativaschilenas.cl/jaulas/voladeras/,Voladeras para Aves: Como Elegir la Mejor para tus Pajaros,15277,2
articulos para loros,mixto,SI,post,https://avesnativaschilenas.cl/jaulas/para-loros/descubre-el-secreto-para-mantener-la-jaula-de-tu-loro-siempre-limpia-y-fresca/,¡Descubre el secreto para mantener la jaula de tu loro siempre limpia y fresca!,8533,100
asociaciones de aves,mixto,SI/Parcial,post,https://avesnativaschilenas.cl/jaulas/accesorios-para-jaulas/,Accesorios para Jaulas de Aves: Todo lo que Necesitas,15289,2
ave flamenco chileno,mixto,SI/Parcial,post,https://avesnativaschilenas.cl/aguilas/peuco/,"Peuco chileno: caracteristicas, habitat y comportamiento de un ave protegida",178,2
ave zorzal argentino,mixto,NO,,,,,1
aves acuaticas chile,mixto,SI,post,https://avesnativaschilenas.cl/pato/donde-viven-los-patos-y-de-que-se-alimentan/,Donde viven los patos y de que se alimentan: guia completa de aves acuaticas en Chile,9370,3
aves blancas grandes,mixto,SI/Parcial,post,https://avesnativaschilenas.cl/jaulas/grandes/descubre-la-elegante-jaula-liuands-el-hogar-perfecto-y-espacioso-para-la-salud-de-tus-aves/,Descubre la elegante jaula LIUANDS: ¡el hogar perfecto y espacioso para la salud de tus aves!,7741,2
aves blancas nombres,mixto,NO,,,,,1
aves de brasil fotos,mixto,SI/Parcial,post,https://avesnativaschilenas.cl/jaulas/accesorios-para-jaulas/,Accesorios para Jaulas de Aves: Todo lo que Necesitas,15289,2
aves de presa animal,mixto,SI/Parcial,post,https://avesnativaschilenas.cl/jaulas/accesorios-para-jaulas/,Accesorios para Jaulas de Aves: Todo lo que Necesitas,15289,2
aves de puerto montt,mixto,SI,post,https://avesnativaschilenas.cl/ubicacion/aves-en-puerto-montt/,Aves en Puerto Montt: Guía completa de observación y recomendaciones,2113,4
aves de puerto varas,mixto,SI,post,https://avesnativaschilenas.cl/ubicacion/aves-en-puerto-montt/,Aves en Puerto Montt: Guía completa de observación y recomendaciones,2113,3
aves de punta arenas,mixto,SI/Parcial,post,https://avesnativaschilenas.cl/jaulas/accesorios-para-jaulas/,Accesorios para Jaulas de Aves: Todo lo que Necesitas,15289,2
aves dibujos de aves,mixto,SI/Parcial,post,https://avesnativaschilenas.cl/jaulas/accesorios-para-jaulas/,Accesorios para Jaulas de Aves: Todo lo que Necesitas,15289,2
aves grandes blancas,mixto,SI/Parcial,post,https://avesnativaschilenas.cl/jaulas/grandes/descubre-la-elegante-jaula-liuands-el-hogar-perfecto-y-espacioso-para-la-salud-de-tus-aves/,Descubre la elegante jaula LIUANDS: ¡el hogar perfecto y espacioso para la salud de tus aves!,7741,2
aves grandes nombres,mixto,SI/Parcial,post,https://avesnativaschilenas.cl/jaulas/grandes/descubre-la-elegante-jaula-liuands-el-hogar-perfecto-y-espacioso-para-la-salud-de-tus-aves/,Descubre la elegante jaula LIUANDS: ¡el hogar perfecto y espacioso para la salud de tus aves!,7741,2
aves litoral central,mixto,NO,,,,,1
aves marinas grandes,mixto,SI/Parcial,post,https://avesnativaschilenas.cl/gaviotas/la-vida-secreta-de-las-aves-marinas/,La Vida Secreta de las Aves Marinas: Descubre sus Hábitos y Misterios,11042,2
aves negras chilenas,mixto,SI/Parcial,post,https://avesnativaschilenas.cl/marina/ave-marina-pico-rojo/,Aves marinas Chilenas con pico rojo​,8857,2
aves nocturnas chile,mixto,SI/Parcial,post,https://avesnativaschilenas.cl/blog/importancia-de-las-aves-en-chile/,Importancia de las aves en Chile: su rol en los ecosistemas y la conservacion nacional,15082,2
aves nocturnas raras,mixto,SI/Parcial,post,https://avesnativaschilenas.cl/rapaces/lechuza/aves-que-cantan-de-noche/,Descubre el misterio de las aves que cantan de noche: ¡Conoce sus secretos y melodías nocturnas!,2137,2
aves nombres comunes,mixto,SI/Parcial,post,https://avesnativaschilenas.cl/cuidados/sintomas-de-enfermedades-comunes-en-aves-domesticas/,Guía Completa sobre los Síntomas de Enfermedades Comunes en Aves Domésticas: Cómo Identificarlos y Actuar a Tiempo,6537,2
aves nombres y fotos,mixto,SI/Parcial,post,https://avesnativaschilenas.cl/jaulas/nidos-para-aves/,"Nidos para Aves: Tipos, Materiales y Como Elegir el Mejor",15288,2
aves rapaces diurnas,mixto,SI,post,https://avesnativaschilenas.cl/rapaces/falconidae-guia-completa-de-las-aves-rapaces-diurnas/,Falconidae: Guia Completa de las Aves Rapaces Diurnas,11822,3
aves rapaces grandes,mixto,SI/Parcial,post,https://avesnativaschilenas.cl/rapaces/falconidae-guia-completa-de-las-aves-rapaces-diurnas/,Falconidae: Guia Completa de las Aves Rapaces Diurnas,11822,2
aves raras del mundo,mixto,SI,post,https://avesnativaschilenas.cl/rapaces/excremento-de-las-aves-de-rapina/,El Curioso Mundo del Excremento de las Aves de Rapiña: Más Allá de un Simple Desecho,1903,3
aves verdes pequeñas,mixto,SI/Parcial,post,https://avesnativaschilenas.cl/nidos/descubre-los-8-forros-de-yute-perfectos-para-mimar-a-tus-canarios-y-pequenas-aves/,Descubre los 8 Forros de Yute Perfectos para Mimar a tus Canarios y Pequeñas Aves,8601,2
aviario de agapornis,mixto,SI,post,https://avesnativaschilenas.cl/jaulas/para-loros/descubre-el-secreto-para-mantener-la-jaula-de-tu-loro-siempre-limpia-y-fresca/,¡Descubre el secreto para mantener la jaula de tu loro siempre limpia y fresca!,8533,100
aviario para pajaros,mixto,SI,post,https://avesnativaschilenas.cl/jaulas/aviarios/,Aviarios para Aves: Guia Completa para Elegir el Mejor Aviario,15276,100
aviarios de canarios,mixto,SI,post,https://avesnativaschilenas.cl/jaulas/para-canarios/,Jaulas para Canarios: Guia de Compra para tu Pajaro Cantor,15280,100
bailarin baryshnikov,mixto,NO,,,,,1
bailarin de folklore,mixto,SI/Parcial,post,https://avesnativaschilenas.cl/rapaces/bailarin/,"Pajaro Bailarín, la Elegante Ave de Rapiña de Chile",1694,2
bailarin julio bocca,mixto,NO,,,,,1
bailarin profesional,mixto,NO,,,,,1
bailarina de bachata,mixto,NO,,,,,1
bailarina de can can,mixto,NO,,,,,1
bailarina de hip hop,mixto,NO,,,,,1
bailarina fotografia,mixto,NO,,,,,1
bailarina mora godoy,mixto,NO,,,,,0
bailarina venezolana,mixto,NO,,,,,0
balanceado para aves,mixto,SI/Parcial,post,https://avesnativaschilenas.cl/jaulas/accesorios-para-jaulas/,Accesorios para Jaulas de Aves: Todo lo que Necesitas,15289,2
baryshnikov bailando,mixto,NO,,,,,0
baryshnikov bailarin,mixto,NO,,,,,1
bebederos para loros,mixto,SI,post,https://avesnativaschilenas.cl/tienda/comederos/,Los mejores comederos para jaulas de pájaros : guía de compra y recomendaciones,2194,100
bebo y chucho valdés,mixto,NO,,,,,1
buchones valencianos,mixto,NO,,,,,0
buses condor copiapo,mixto,NO,,,,,1
cabeza amarilla loro,mixto,SI,post,https://avesnativaschilenas.cl/jaulas/para-loros/descubre-el-secreto-para-mantener-la-jaula-de-tu-loro-siempre-limpia-y-fresca/,¡Descubre el secreto para mantener la jaula de tu loro siempre limpia y fresca!,8533,100
caburé ave argentina,mixto,NO,,,,,1
cacatua alba comprar,comercial,SI,post,https://avesnativaschilenas.cl/jaulas/para-loros/descubre-el-secreto-para-mantener-la-jaula-de-tu-loro-siempre-limpia-y-fresca/,¡Descubre el secreto para mantener la jaula de tu loro siempre limpia y fresca!,8533,100
canarios en voladera,mixto,SI,post,https://avesnativaschilenas.cl/jaulas/para-canarios/,Jaulas para Canarios: Guia de Compra para tu Pajaro Cantor,15280,100
canto aves nocturnas,mixto,SI/Parcial,post,https://avesnativaschilenas.cl/rapaces/lechuza/aves-que-cantan-de-noche/,Descubre el misterio de las aves que cantan de noche: ¡Conoce sus secretos y melodías nocturnas!,2137,2
carpinteros chilenos,mixto,NO,,,,,1
casa para codornices,mixto,SI,post,https://avesnativaschilenas.cl/jaulas/para-gallinas-ponedoras/,Jaulas para Gallinas Ponedoras: Guia de Compra 2026,15281,100
cerveza garza blanca,mixto,NO,,,,,1
chucho y bebo valdes,mixto,NO,,,,,1
cigueña con bebe png,mixto,NO,,,,,1
codornices de puesta,mixto,SI,post,https://avesnativaschilenas.cl/jaulas/para-gallinas-ponedoras/,Jaulas para Gallinas Ponedoras: Guia de Compra 2026,15281,100
codornices españolas,mixto,SI,post,https://avesnativaschilenas.cl/jaulas/para-gallinas-ponedoras/,Jaulas para Gallinas Ponedoras: Guia de Compra 2026,15281,100
codornices japonicas,mixto,SI,post,https://avesnativaschilenas.cl/jaulas/para-gallinas-ponedoras/,Jaulas para Gallinas Ponedoras: Guia de Compra 2026,15281,100
codornices mexicanas,mixto,SI,post,https://avesnativaschilenas.cl/jaulas/para-gallinas-ponedoras/,Jaulas para Gallinas Ponedoras: Guia de Compra 2026,15281,100
codornices ponedoras,mixto,SI,post,https://avesnativaschilenas.cl/jaulas/para-gallinas-ponedoras/,Jaulas para Gallinas Ponedoras: Guia de Compra 2026,15281,100
codorniz australiana,mixto,SI,post,https://avesnativaschilenas.cl/jaulas/para-gallinas-ponedoras/,Jaulas para Gallinas Ponedoras: Guia de Compra 2026,15281,100
codorniz bebe precio,comercial,SI,post,https://avesnativaschilenas.cl/jaulas/para-gallinas-ponedoras/,Jaulas para Gallinas Ponedoras: Guia de Compra 2026,15281,100
codorniz china enana,mixto,SI,post,https://avesnativaschilenas.cl/jaulas/para-gallinas-ponedoras/,Jaulas para Gallinas Ponedoras: Guia de Compra 2026,15281,100
codorniz china macho,mixto,SI,post,https://avesnativaschilenas.cl/jaulas/para-gallinas-ponedoras/,Jaulas para Gallinas Ponedoras: Guia de Compra 2026,15281,100
codorniz viva precio,comercial,SI,post,https://avesnativaschilenas.cl/jaulas/para-gallinas-ponedoras/,Jaulas para Gallinas Ponedoras: Guia de Compra 2026,15281,100
cola de un pavo real,mixto,SI,post,https://avesnativaschilenas.cl/cuidados/como-distinguir-un-pavo-real-macho-de-una-hembra/,Como distinguir un pavo real macho de una hembra: diferencias reales y fotos,9393,4
colibri azul y verde,mixto,SI,post,https://avesnativaschilenas.cl/jaulas/transforma-la-vida-de-tu-canario-con-la-jaula-relaxdays-espacio-y-estilo-en-azul-verde/,¡Transforma la vida de tu canario con la jaula Relaxdays! Espacio y estilo en azul/verde.,7197,3
colibri buena suerte,mixto,SI/Parcial,post,https://avesnativaschilenas.cl/rapaces/lechuza/las-lechuzas-traen-buena-suerte-simbolismo/,"Las lechuzas y buhos traen buena suerte? Simbolismo, mitos y realidad",15121,2
colibri de los andes,mixto,SI,post,https://avesnativaschilenas.cl/rapaces/2-razones-para-proteger-el-condor-de-los-andes/,2 razones para proteger el cóndor de los andes,9439,3
colibri en el cuello,mixto,SI,post,https://avesnativaschilenas.cl/cisne/por-que-esta-en-peligro-de-extincion-el-cisne-de-cuello-negro/,¿por qué está en peligro de extinción el cisne de cuello negro?,9380,3
colibri en la biblia,mixto,SI,post,https://avesnativaschilenas.cl/aguilas/caracteristicas-de-las-aguilas-segun-la-biblia/,El Aguila en la Biblia: significado espiritual y versiculos clave,1857,3
colibri orejivioleta,mixto,NO,,,,,1
colibri pecho blanco,mixto,NO,,,,,1
colibri verde y azul,mixto,SI,post,https://avesnativaschilenas.cl/jaulas/transforma-la-vida-de-tu-canario-con-la-jaula-relaxdays-espacio-y-estilo-en-azul-verde/,¡Transforma la vida de tu canario con la jaula Relaxdays! Espacio y estilo en azul/verde.,7197,3
colibríes de colores,mixto,SI/Parcial,post,https://avesnativaschilenas.cl/fardela/fardela-heraldica/,Fardela heráldica: el petrel de tres colores de Rapa Nui,14188,2
color de los pericos,mixto,SI,post,https://avesnativaschilenas.cl/jaulas/para-periquitos/,Jaulas para Periquitos: Guia de Compra Completa 2026,15284,100
color de los tucanes,mixto,SI,post,https://avesnativaschilenas.cl/cuidados/de-que-color-son-los-huevos-de-pavo-real/,de que color son los huevos de pavo real,9364,3
colores de guacamayo,mixto,SI,post,https://avesnativaschilenas.cl/jaulas/para-loros/descubre-el-secreto-para-mantener-la-jaula-de-tu-loro-siempre-limpia-y-fresca/,¡Descubre el secreto para mantener la jaula de tu loro siempre limpia y fresca!,8533,100
colores de los loros,mixto,SI,post,https://avesnativaschilenas.cl/jaulas/para-loros/descubre-el-secreto-para-mantener-la-jaula-de-tu-loro-siempre-limpia-y-fresca/,¡Descubre el secreto para mantener la jaula de tu loro siempre limpia y fresca!,8533,100
colores de un pajaro,mixto,SI,post,https://avesnativaschilenas.cl/blog/que-significa-la-visita-de-un-pajaro-gris-presagio-y-significado-espiritual/,Que Significa la Visita de un Pajaro Gris? Presagio y Significado Espiritual,11826,3
colores de un perico,mixto,SI,post,https://avesnativaschilenas.cl/jaulas/para-periquitos/,Jaulas para Periquitos: Guia de Compra Completa 2026,15284,100
colores del picaflor,mixto,SI/Parcial,post,https://avesnativaschilenas.cl/picaflor/significado-espiritual-del-colibri-y-tatuajes-de-picaflor/,Significado espiritual del colibrí y tatuajes de picaflor: simbolismo y creencias,14221,2
comedero antipajaros,mixto,SI,post,https://avesnativaschilenas.cl/tienda/comederos/,Los mejores comederos para jaulas de pájaros : guía de compra y recomendaciones,2194,100
comedero aves casero,mixto,SI,post,https://avesnativaschilenas.cl/tienda/comederos/,Los mejores comederos para jaulas de pájaros : guía de compra y recomendaciones,2194,100
comedero aves jardin,mixto,SI,post,https://avesnativaschilenas.cl/tienda/comederos/,Los mejores comederos para jaulas de pájaros : guía de compra y recomendaciones,2194,100
comedero aves madera,mixto,SI,post,https://avesnativaschilenas.cl/tienda/comederos/,Los mejores comederos para jaulas de pájaros : guía de compra y recomendaciones,2194,100
comedero de canarios,mixto,SI,post,https://avesnativaschilenas.cl/tienda/comederos/,Los mejores comederos para jaulas de pájaros : guía de compra y recomendaciones,2194,100
comedero de codorniz,mixto,SI,post,https://avesnativaschilenas.cl/tienda/comederos/,Los mejores comederos para jaulas de pájaros : guía de compra y recomendaciones,2194,100
comedero de perdices,mixto,SI,post,https://avesnativaschilenas.cl/tienda/comederos/,Los mejores comederos para jaulas de pájaros : guía de compra y recomendaciones,2194,100
comedero de picaflor,mixto,SI,post,https://avesnativaschilenas.cl/tienda/comederos/,Los mejores comederos para jaulas de pájaros : guía de compra y recomendaciones,2194,100
comedero de pollitos,mixto,SI,post,https://avesnativaschilenas.cl/tienda/comederos/,Los mejores comederos para jaulas de pájaros : guía de compra y recomendaciones,2194,100
comedero para ninfas,mixto,SI,post,https://avesnativaschilenas.cl/tienda/comederos/,Los mejores comederos para jaulas de pájaros : guía de compra y recomendaciones,2194,100
comederos de palomas,mixto,SI,post,https://avesnativaschilenas.cl/tienda/comederos/,Los mejores comederos para jaulas de pájaros : guía de compra y recomendaciones,2194,100
comederos para loros,mixto,SI,post,https://avesnativaschilenas.cl/tienda/comederos/,Los mejores comederos para jaulas de pájaros : guía de compra y recomendaciones,2194,100
comedor para pajaros,mixto,SI/Parcial,post,https://avesnativaschilenas.cl/jaulas/voladeras/,Voladeras para Aves: Como Elegir la Mejor para tus Pajaros,15277,2
comida pichon paloma,mixto,SI/Parcial,post,https://avesnativaschilenas.cl/cuidados/como-darle-de-comer-a-un-pichon-de-paloma/,Como alimentar a un pichon de paloma: guia segura paso a paso,9458,2
como cruzar canarios,informacional,SI,post,https://avesnativaschilenas.cl/jaulas/para-canarios/,Jaulas para Canarios: Guia de Compra para tu Pajaro Cantor,15280,100
compra de codornices,comercial,SI,post,https://avesnativaschilenas.cl/jaulas/para-gallinas-ponedoras/,Jaulas para Gallinas Ponedoras: Guia de Compra 2026,15281,100
comprar cacatua alba,comercial,SI,post,https://avesnativaschilenas.cl/jaulas/para-loros/descubre-el-secreto-para-mantener-la-jaula-de-tu-loro-siempre-limpia-y-fresca/,¡Descubre el secreto para mantener la jaula de tu loro siempre limpia y fresca!,8533,100
comprar jaula grande,comercial,SI,post,https://avesnativaschilenas.cl/jaulas/accesorios-para-jaulas/,Accesorios para Jaulas de Aves: Todo lo que Necesitas,15289,100
comprar jaula pajaro,comercial,SI,post,https://avesnativaschilenas.cl/jaulas/accesorios-para-jaulas/,Accesorios para Jaulas de Aves: Todo lo que Necesitas,15289,100
comprar jaula trampa,comercial,SI,post,https://avesnativaschilenas.cl/jaulas/accesorios-para-jaulas/,Accesorios para Jaulas de Aves: Todo lo que Necesitas,15289,100
concentrado ponedora,mixto,SI,post,https://avesnativaschilenas.cl/jaulas/para-gallinas-ponedoras/,Jaulas para Gallinas Ponedoras: Guia de Compra 2026,15281,100
condominios albatros,mixto,NO,,,,,1
condor alas abiertas,mixto,SI/Parcial,post,https://avesnativaschilenas.cl/aguilas/cuanto-mide-un-aguila-real-con-las-alas-abiertas/,Cuanto mide un aguila real con las alas abiertas,9362,2
condor bus algarrobo,mixto,NO,,,,,1
condor cuello blanco,mixto,NO,,,,,1
conservacion de aves,mixto,SI,post,https://avesnativaschilenas.cl/blog/importancia-de-las-aves-en-chile/,Importancia de las aves en Chile: su rol en los ecosistemas y la conservacion nacional,15082,3
cormoran costa brava,mixto,NO,,,,,1
corral para pollitos,mixto,SI,post,https://avesnativaschilenas.cl/jaulas/para-gallinas-ponedoras/,Jaulas para Gallinas Ponedoras: Guia de Compra 2026,15281,100
costurero pico largo,mixto,SI/Parcial,post,https://avesnativaschilenas.cl/terrestres/mirlo/pajaro-negro-de-pico-largo/,¿Quién es el pájaro negro de pico largo? Descúbrelo aquí,11056,2
cotorra alimentación,informacional,SI,post,https://avesnativaschilenas.cl/jaulas/para-loros/descubre-el-secreto-para-mantener-la-jaula-de-tu-loro-siempre-limpia-y-fresca/,¡Descubre el secreto para mantener la jaula de tu loro siempre limpia y fresca!,8533,100
cotorra australianas,mixto,SI,post,https://avesnativaschilenas.cl/jaulas/para-loros/descubre-el-secreto-para-mantener-la-jaula-de-tu-loro-siempre-limpia-y-fresca/,¡Descubre el secreto para mantener la jaula de tu loro siempre limpia y fresca!,8533,100
cotorra cabeza negra,mixto,SI,post,https://avesnativaschilenas.cl/jaulas/para-loros/descubre-el-secreto-para-mantener-la-jaula-de-tu-loro-siempre-limpia-y-fresca/,¡Descubre el secreto para mantener la jaula de tu loro siempre limpia y fresca!,8533,100
cotorra monje precio,comercial,SI,post,https://avesnativaschilenas.cl/jaulas/para-loros/descubre-el-secreto-para-mantener-la-jaula-de-tu-loro-siempre-limpia-y-fresca/,¡Descubre el secreto para mantener la jaula de tu loro siempre limpia y fresca!,8533,100
cotorra quaker verde,mixto,SI,post,https://avesnativaschilenas.cl/jaulas/para-loros/descubre-el-secreto-para-mantener-la-jaula-de-tu-loro-siempre-limpia-y-fresca/,¡Descubre el secreto para mantener la jaula de tu loro siempre limpia y fresca!,8533,100
cotorra verde precio,comercial,SI,post,https://avesnativaschilenas.cl/jaulas/para-loros/descubre-el-secreto-para-mantener-la-jaula-de-tu-loro-siempre-limpia-y-fresca/,¡Descubre el secreto para mantener la jaula de tu loro siempre limpia y fresca!,8533,100
cotorras canary wing,mixto,SI,post,https://avesnativaschilenas.cl/jaulas/para-loros/descubre-el-secreto-para-mantener-la-jaula-de-tu-loro-siempre-limpia-y-fresca/,¡Descubre el secreto para mantener la jaula de tu loro siempre limpia y fresca!,8533,100
cotorras colombianas,mixto,SI,post,https://avesnativaschilenas.cl/jaulas/para-loros/descubre-el-secreto-para-mantener-la-jaula-de-tu-loro-siempre-limpia-y-fresca/,¡Descubre el secreto para mantener la jaula de tu loro siempre limpia y fresca!,8533,100
cotorras en adopcion,mixto,SI,post,https://avesnativaschilenas.cl/jaulas/para-loros/descubre-el-secreto-para-mantener-la-jaula-de-tu-loro-siempre-limpia-y-fresca/,¡Descubre el secreto para mantener la jaula de tu loro siempre limpia y fresca!,8533,100
criadero de cacatuas,mixto,SI,post,https://avesnativaschilenas.cl/jaulas/para-loros/descubre-el-secreto-para-mantener-la-jaula-de-tu-loro-siempre-limpia-y-fresca/,¡Descubre el secreto para mantener la jaula de tu loro siempre limpia y fresca!,8533,100
criadero de canarios,mixto,SI,post,https://avesnativaschilenas.cl/jaulas/para-canarios/,Jaulas para Canarios: Guia de Compra para tu Pajaro Cantor,15280,100
criadero de faisanes,mixto,SI/Parcial,post,https://avesnativaschilenas.cl/nidos/transforma-tu-criadero-con-besportble-30-nidos-de-cria-para-aves-que-aceleraran-la-eclosion/,¡Transforma tu criadero con BESPORTBLE! 30 Nidos de cría para aves que acelerarán la eclosión.,7707,2
criaderos de pajaros,mixto,SI/Parcial,post,https://avesnativaschilenas.cl/rapaces/lechuza/pajaros-blancos-que-vuelan-de-noche/,5 Fascinantes Pájaros Blancos que Vuelan de Noche,11061,2
cuantas gaviotas hay,mixto,NO,,,,,1
cuervo blanco existe,mixto,NO,,,,,1
cuervo mascota chile,mixto,SI/Parcial,post,https://avesnativaschilenas.cl/cuervo/cuervo-casero/,El Cuervo Indio en Chile: Una Presencia Inesperada en Punta Arenas,11296,2
cuervo recién nacido,mixto,NO,,,,,1
cuidado de agapòrnis,mixto,SI,post,https://avesnativaschilenas.cl/jaulas/para-loros/descubre-el-secreto-para-mantener-la-jaula-de-tu-loro-siempre-limpia-y-fresca/,¡Descubre el secreto para mantener la jaula de tu loro siempre limpia y fresca!,8533,100
cuidados de codorniz,informacional,SI,post,https://avesnativaschilenas.cl/jaulas/para-gallinas-ponedoras/,Jaulas para Gallinas Ponedoras: Guia de Compra 2026,15281,100
curiosidades de aves,informacional,SI,post,https://avesnativaschilenas.cl/familia/picidae/,"Familia de aves Picidae: características, hábitat y curiosidades",2165,3
curso de ornitología,mixto,SI/Parcial,post,https://avesnativaschilenas.cl/ubicacion/aves-tipicas-de-santiago/,Descubre las aves típicas de Santiago: guía completa para amantes de la ornitología,2155,2
cuál es el pavo real,mixto,SI,post,https://avesnativaschilenas.cl/blog/el-pavo-real-esta-en-peligro-de-extincion/,El Pavo Real en Peligro de Extinción: Todo lo que Necesitas Saber para Protegerlo,9999,3
cuáles son los loros,mixto,SI,post,https://avesnativaschilenas.cl/jaulas/para-loros/descubre-el-secreto-para-mantener-la-jaula-de-tu-loro-siempre-limpia-y-fresca/,¡Descubre el secreto para mantener la jaula de tu loro siempre limpia y fresca!,8533,100
de pájaro carpintero,mixto,SI/Parcial,post,https://avesnativaschilenas.cl/jaulas/para-canarios/,Jaulas para Canarios: Guia de Compra para tu Pajaro Cantor,15280,2
decoracion terrarios,mixto,NO,,,,,1
diamante de bichenov,mixto,SI/Parcial,post,https://avesnativaschilenas.cl/cuidados/guia-completa-para-el-cuidado-de-tu-diamante-mandarin-primeros-pasos-esenciales-para-asegurar-su-bienestar/,Guía Completa para el Cuidado de tu Diamante Mandarín: Primeros Pasos Esenciales para Asegurar su Bienestar,7383,2
diamante de mandarin,mixto,SI,post,https://avesnativaschilenas.cl/cuidados/guia-completa-para-el-cuidado-de-tu-diamante-mandarin-primeros-pasos-esenciales-para-asegurar-su-bienestar/,Guía Completa para el Cuidado de tu Diamante Mandarín: Primeros Pasos Esenciales para Asegurar su Bienestar,7383,3
diuca macho y hembra,mixto,SI,post,https://avesnativaschilenas.cl/terrestres/pavo-real-diferencias-entre-macho-y-hembra-fotos/,Pavo Real: Diferencias entre Macho y Hembra + Fotos,11823,3
dunas de las palomas,mixto,SI,post,https://avesnativaschilenas.cl/cuidados/enfermedades-de-las-palomas-y-limpieza-de-heces/,"Las palomas transmiten enfermedades? Mitos, riesgos reales y limpieza segura",15090,3
eco camping gaviotas,mixto,NO,,,,,1
el carpintero pajaro,mixto,SI/Parcial,post,https://avesnativaschilenas.cl/jaulas/transportines-para-aves/,Transportines para Aves: Como Elegir el Mejor para Viajar con tu Pajaro,15286,2
el color de las aves,mixto,SI,post,https://avesnativaschilenas.cl/cuidados/por-que-el-excremento-de-las-aves-es-de-consistencia-liquida/,por qué el excremento de las aves es de consistencia líquida,9368,4
el diamante de gould,mixto,SI,post,https://avesnativaschilenas.cl/cuidados/guia-completa-para-el-cuidado-de-tu-diamante-mandarin-primeros-pasos-esenciales-para-asegurar-su-bienestar/,Guía Completa para el Cuidado de tu Diamante Mandarín: Primeros Pasos Esenciales para Asegurar su Bienestar,7383,3
el diamante mandarin,mixto,SI,post,https://avesnativaschilenas.cl/cuidados/guia-completa-para-el-cuidado-de-tu-diamante-mandarin-primeros-pasos-esenciales-para-asegurar-su-bienestar/,Guía Completa para el Cuidado de tu Diamante Mandarín: Primeros Pasos Esenciales para Asegurar su Bienestar,7383,3
el libro de las aves,mixto,SI,post,https://avesnativaschilenas.cl/cuidados/por-que-el-excremento-de-las-aves-es-de-consistencia-liquida/,por qué el excremento de las aves es de consistencia líquida,9368,4
el mundo de las aves,mixto,SI,post,https://avesnativaschilenas.cl/rapaces/excremento-de-las-aves-de-rapina/,El Curioso Mundo del Excremento de las Aves de Rapiña: Más Allá de un Simple Desecho,1903,5
el pajaro mas bonito,mixto,SI/Parcial,post,https://avesnativaschilenas.cl/jaulas/transportines-para-aves/,Transportines para Aves: Como Elegir el Mejor para Viajar con tu Pajaro,15286,2
el pájaro de colores,mixto,SI,post,https://avesnativaschilenas.cl/fardela/fardela-heraldica/,Fardela heráldica: el petrel de tres colores de Rapa Nui,14188,3
el pájaro más bonito,mixto,SI/Parcial,post,https://avesnativaschilenas.cl/jaulas/transportines-para-aves/,Transportines para Aves: Como Elegir el Mejor para Viajar con tu Pajaro,15286,2
eliminar las palomas,mixto,SI/Parcial,post,https://avesnativaschilenas.cl/cuidados/enfermedades-de-las-palomas-y-limpieza-de-heces/,"Las palomas transmiten enfermedades? Mitos, riesgos reales y limpieza segura",15090,2
escaramujo tapaculos,mixto,NO,,,,,0
especie de agapornis,mixto,SI,post,https://avesnativaschilenas.cl/jaulas/para-loros/descubre-el-secreto-para-mantener-la-jaula-de-tu-loro-siempre-limpia-y-fresca/,¡Descubre el secreto para mantener la jaula de tu loro siempre limpia y fresca!,8533,100
especies de cacatuas,informacional,SI,post,https://avesnativaschilenas.cl/jaulas/para-loros/descubre-el-secreto-para-mantener-la-jaula-de-tu-loro-siempre-limpia-y-fresca/,¡Descubre el secreto para mantener la jaula de tu loro siempre limpia y fresca!,8533,100
especies de cacatúas,informacional,SI,post,https://avesnativaschilenas.cl/jaulas/para-loros/descubre-el-secreto-para-mantener-la-jaula-de-tu-loro-siempre-limpia-y-fresca/,¡Descubre el secreto para mantener la jaula de tu loro siempre limpia y fresca!,8533,100
especies de cotorras,informacional,SI,post,https://avesnativaschilenas.cl/jaulas/para-loros/descubre-el-secreto-para-mantener-la-jaula-de-tu-loro-siempre-limpia-y-fresca/,¡Descubre el secreto para mantener la jaula de tu loro siempre limpia y fresca!,8533,100
excremento de paloma,mixto,SI/Parcial,post,https://avesnativaschilenas.cl/cuidados/piojos-de-paloma/,Piojos de Paloma: Como Identificarlos y Eliminarlos,15250,2
faisan dorado precio,comercial,NO,,,,,1
faisan mercado libre,mixto,NO,,,,,1
faisanes venta chile,comercial,NO,,,,,1
flor de garza blanca,mixto,SI/Parcial,post,https://avesnativaschilenas.cl/fardela/fardela-blanca-de-juan-fernandez/,¿Conoces la Fardela Blanca de Juan Fernández? Descúbrela Aquí,11063,2
foto pavo real macho,mixto,SI,post,https://avesnativaschilenas.cl/terrestres/pavo-real-diferencias-entre-macho-y-hembra-fotos/,Pavo Real: Diferencias entre Macho y Hembra + Fotos,11823,3
fotos de los pericos,mixto,SI,post,https://avesnativaschilenas.cl/jaulas/para-periquitos/,Jaulas para Periquitos: Guia de Compra Completa 2026,15284,100
fotos de los pájaros,mixto,SI,post,https://avesnativaschilenas.cl/redes/descubre-como-esta-red-verde-de-4x10m-protege-tus-plantas-y-frutas-de-los-pajaros-imperdible/,Descubre cómo esta red verde de 4x10m protege tus plantas y frutas de los pájaros ¡Imperdible!,8502,3
fotos de ninfas aves,mixto,SI,post,https://avesnativaschilenas.cl/jaulas/para-ninfas/,Jaulas para Ninfas (Cockatiel): Guia de Compra y Medidas Ideales,15285,100
gallinero codornices,mixto,SI,post,https://avesnativaschilenas.cl/jaulas/para-gallinas-ponedoras/,Jaulas para Gallinas Ponedoras: Guia de Compra 2026,15281,100
gallos en rascaderos,mixto,SI,post,https://avesnativaschilenas.cl/jaulas/para-gallinas-ponedoras/,Jaulas para Gallinas Ponedoras: Guia de Compra 2026,15281,100
garza blanca habitat,informacional,SI/Parcial,post,https://avesnativaschilenas.cl/albatro/albatros-de-frente-blanca/,"Descubre el misterioso Albatros de frente blanca: características, hábitat y curiosidades",437,2
garza blanca y negra,mixto,SI/Parcial,post,https://avesnativaschilenas.cl/fardela/fardela-negra-de-juan-fernandez/,"Fardela negra de Juan Fernández: características, hábitat y conservación",14186,2
gaviotas en la playa,mixto,SI,post,https://avesnativaschilenas.cl/blog/grupo-de-aves-marinas-al-que-pertenecen-las-gaviotas/,Grupo de aves marinas al que pertenecen las gaviotas: guia de la familia Laridae en Chile,9156,3
golondrina americana,mixto,NO,,,,,1
golondrina primavera,mixto,NO,,,,,1
golondrina protegida,mixto,NO,,,,,1
golondrinas migrando,mixto,NO,,,,,1
golondrinas pequeñas,mixto,NO,,,,,1
gorriones de colores,mixto,SI/Parcial,post,https://avesnativaschilenas.cl/fardela/fardela-heraldica/,Fardela heráldica: el petrel de tres colores de Rapa Nui,14188,2
guacamayo de colores,mixto,SI,post,https://avesnativaschilenas.cl/jaulas/para-loros/descubre-el-secreto-para-mantener-la-jaula-de-tu-loro-siempre-limpia-y-fresca/,¡Descubre el secreto para mantener la jaula de tu loro siempre limpia y fresca!,8533,100
guacamayo es un loro,mixto,SI,post,https://avesnativaschilenas.cl/jaulas/para-loros/descubre-el-secreto-para-mantener-la-jaula-de-tu-loro-siempre-limpia-y-fresca/,¡Descubre el secreto para mantener la jaula de tu loro siempre limpia y fresca!,8533,100
guia de aves uruguay,mixto,SI,post,https://avesnativaschilenas.cl/marina/aves-de-isla-de-pascua-rapa-nui/,"Aves de Isla de Pascua (Rapa Nui): guía completa de especies, cultura y conservación",14225,3
habitrail accesorios,mixto,SI,post,https://avesnativaschilenas.cl/jaulas/accesorios-para-jaulas/,Accesorios para Jaulas de Aves: Todo lo que Necesitas,15289,100
halcones adiestrados,mixto,NO,,,,,1
halcones de cetreria,mixto,NO,,,,,1
imagen de guacamayos,mixto,SI,post,https://avesnativaschilenas.cl/jaulas/para-loros/descubre-el-secreto-para-mantener-la-jaula-de-tu-loro-siempre-limpia-y-fresca/,¡Descubre el secreto para mantener la jaula de tu loro siempre limpia y fresca!,8533,100
imagen de periquitos,mixto,SI,post,https://avesnativaschilenas.cl/jaulas/para-periquitos/,Jaulas para Periquitos: Guia de Compra Completa 2026,15284,100
imagenes de cacatuas,mixto,SI,post,https://avesnativaschilenas.cl/jaulas/para-loros/descubre-el-secreto-para-mantener-la-jaula-de-tu-loro-siempre-limpia-y-fresca/,¡Descubre el secreto para mantener la jaula de tu loro siempre limpia y fresca!,8533,100
imagenes de cotorras,mixto,SI,post,https://avesnativaschilenas.cl/jaulas/para-loros/descubre-el-secreto-para-mantener-la-jaula-de-tu-loro-siempre-limpia-y-fresca/,¡Descubre el secreto para mantener la jaula de tu loro siempre limpia y fresca!,8533,100
incubación pavo real,mixto,SI/Parcial,post,https://avesnativaschilenas.cl/terrestres/pavo-real-diferencias-entre-macho-y-hembra-fotos/,Pavo Real: Diferencias entre Macho y Hembra + Fotos,11823,2
informacion del pato,informacional,SI/Parcial,page,https://avesnativaschilenas.cl/pato/,"Patos silvestres Chilenos: Información de Tipos, razas y características (Machos y Hembras)",9862,2
isadora duncan danza,mixto,NO,,,,,0
jaula atrapa pajaros,mixto,SI,post,https://avesnativaschilenas.cl/jaulas/accesorios-para-jaulas/,Accesorios para Jaulas de Aves: Todo lo que Necesitas,15289,100
jaula atrapa palomas,mixto,SI,post,https://avesnativaschilenas.cl/jaulas/accesorios-para-jaulas/,Accesorios para Jaulas de Aves: Todo lo que Necesitas,15289,100
jaula con divisiones,mixto,SI,post,https://avesnativaschilenas.cl/jaulas/accesorios-para-jaulas/,Accesorios para Jaulas de Aves: Todo lo que Necesitas,15289,100
jaula de aves grande,mixto,SI,post,https://avesnativaschilenas.cl/jaulas/accesorios-para-jaulas/,Accesorios para Jaulas de Aves: Todo lo que Necesitas,15289,100
jaula de loro grande,mixto,SI,post,https://avesnativaschilenas.cl/jaulas/accesorios-para-jaulas/,Accesorios para Jaulas de Aves: Todo lo que Necesitas,15289,100
jaula de loro precio,comercial,SI,post,https://avesnativaschilenas.cl/jaulas/accesorios-para-jaulas/,Accesorios para Jaulas de Aves: Todo lo que Necesitas,15289,100
jaula de los pajaros,mixto,SI,post,https://avesnativaschilenas.cl/jaulas/accesorios-para-jaulas/,Accesorios para Jaulas de Aves: Todo lo que Necesitas,15289,100
jaula esquinera loro,mixto,SI,post,https://avesnativaschilenas.cl/jaulas/accesorios-para-jaulas/,Accesorios para Jaulas de Aves: Todo lo que Necesitas,15289,100
jaula exposicion 2gr,mixto,SI,post,https://avesnativaschilenas.cl/jaulas/accesorios-para-jaulas/,Accesorios para Jaulas de Aves: Todo lo que Necesitas,15289,100
jaula grande de loro,mixto,SI,post,https://avesnativaschilenas.cl/jaulas/accesorios-para-jaulas/,Accesorios para Jaulas de Aves: Todo lo que Necesitas,15289,100
jaula hierro forjado,mixto,SI,post,https://avesnativaschilenas.cl/jaulas/accesorios-para-jaulas/,Accesorios para Jaulas de Aves: Todo lo que Necesitas,15289,100
jaula madera pajaros,mixto,SI,post,https://avesnativaschilenas.cl/jaulas/accesorios-para-jaulas/,Accesorios para Jaulas de Aves: Todo lo que Necesitas,15289,100
jaula modular cobaya,mixto,SI,post,https://avesnativaschilenas.cl/jaulas/accesorios-para-jaulas/,Accesorios para Jaulas de Aves: Todo lo que Necesitas,15289,100
jaula pajaro antigua,mixto,SI,post,https://avesnativaschilenas.cl/jaulas/accesorios-para-jaulas/,Accesorios para Jaulas de Aves: Todo lo que Necesitas,15289,100
jaula pajaro con pie,mixto,SI,post,https://avesnativaschilenas.cl/jaulas/accesorios-para-jaulas/,Accesorios para Jaulas de Aves: Todo lo que Necesitas,15289,100
jaula pajaro juguete,mixto,SI,post,https://avesnativaschilenas.cl/jaulas/accesorios-para-jaulas/,Accesorios para Jaulas de Aves: Todo lo que Necesitas,15289,100
jaula pajaro pequeña,mixto,SI,post,https://avesnativaschilenas.cl/jaulas/accesorios-para-jaulas/,Accesorios para Jaulas de Aves: Todo lo que Necesitas,15289,100
jaula pajaro redonda,mixto,SI,post,https://avesnativaschilenas.cl/jaulas/accesorios-para-jaulas/,Accesorios para Jaulas de Aves: Todo lo que Necesitas,15289,100
jaula pajaros precio,comercial,SI,post,https://avesnativaschilenas.cl/jaulas/accesorios-para-jaulas/,Accesorios para Jaulas de Aves: Todo lo que Necesitas,15289,100
jaula para 2 hamster,mixto,SI,post,https://avesnativaschilenas.cl/jaulas/accesorios-para-jaulas/,Accesorios para Jaulas de Aves: Todo lo que Necesitas,15289,100
jaula para cenzontle,mixto,SI,post,https://avesnativaschilenas.cl/jaulas/accesorios-para-jaulas/,Accesorios para Jaulas de Aves: Todo lo que Necesitas,15289,100
jaula para diamantes,mixto,SI,post,https://avesnativaschilenas.cl/jaulas/accesorios-para-jaulas/,Accesorios para Jaulas de Aves: Todo lo que Necesitas,15289,100
jaula para gorriones,mixto,SI,post,https://avesnativaschilenas.cl/jaulas/accesorios-para-jaulas/,Accesorios para Jaulas de Aves: Todo lo que Necesitas,15289,100
jaula para guacamayo,mixto,SI,post,https://avesnativaschilenas.cl/jaulas/accesorios-para-jaulas/,Accesorios para Jaulas de Aves: Todo lo que Necesitas,15289,100
jaula para pavo real,mixto,SI,post,https://avesnativaschilenas.cl/jaulas/accesorios-para-jaulas/,Accesorios para Jaulas de Aves: Todo lo que Necesitas,15289,100
jaula para topo ruso,mixto,SI,post,https://avesnativaschilenas.cl/jaulas/accesorios-para-jaulas/,Accesorios para Jaulas de Aves: Todo lo que Necesitas,15289,100
jaula pedros 1 metro,mixto,SI,post,https://avesnativaschilenas.cl/jaulas/accesorios-para-jaulas/,Accesorios para Jaulas de Aves: Todo lo que Necesitas,15289,100
jaula pequeña pajaro,mixto,SI,post,https://avesnativaschilenas.cl/jaulas/accesorios-para-jaulas/,Accesorios para Jaulas de Aves: Todo lo que Necesitas,15289,100
jaula redonda grande,mixto,SI,post,https://avesnativaschilenas.cl/jaulas/accesorios-para-jaulas/,Accesorios para Jaulas de Aves: Todo lo que Necesitas,15289,100
jaula trampa pajaros,mixto,SI,post,https://avesnativaschilenas.cl/jaulas/accesorios-para-jaulas/,Accesorios para Jaulas de Aves: Todo lo que Necesitas,15289,100
jaula trampa palomas,mixto,SI,post,https://avesnativaschilenas.cl/jaulas/accesorios-para-jaulas/,Accesorios para Jaulas de Aves: Todo lo que Necesitas,15289,100
jaulas aves exoticas,mixto,SI,post,https://avesnativaschilenas.cl/jaulas/accesorios-para-jaulas/,Accesorios para Jaulas de Aves: Todo lo que Necesitas,15289,100
jaulas de tres pisos,mixto,SI,post,https://avesnativaschilenas.cl/jaulas/accesorios-para-jaulas/,Accesorios para Jaulas de Aves: Todo lo que Necesitas,15289,100
jaulas hechas a mano,mixto,SI,post,https://avesnativaschilenas.cl/jaulas/accesorios-para-jaulas/,Accesorios para Jaulas de Aves: Todo lo que Necesitas,15289,100
jaulas italianas 2gr,mixto,SI,post,https://avesnativaschilenas.cl/jaulas/accesorios-para-jaulas/,Accesorios para Jaulas de Aves: Todo lo que Necesitas,15289,100
jaulas para cacatuas,mixto,SI,post,https://avesnativaschilenas.cl/jaulas/accesorios-para-jaulas/,Accesorios para Jaulas de Aves: Todo lo que Necesitas,15289,100
jaulas para cotorras,mixto,SI,post,https://avesnativaschilenas.cl/jaulas/accesorios-para-jaulas/,Accesorios para Jaulas de Aves: Todo lo que Necesitas,15289,100
jaulas para cotorros,mixto,SI,post,https://avesnativaschilenas.cl/jaulas/accesorios-para-jaulas/,Accesorios para Jaulas de Aves: Todo lo que Necesitas,15289,100
jaulas para hámsters,mixto,SI,post,https://avesnativaschilenas.cl/jaulas/accesorios-para-jaulas/,Accesorios para Jaulas de Aves: Todo lo que Necesitas,15289,100
jaulas para tortugas,mixto,SI,post,https://avesnativaschilenas.cl/jaulas/accesorios-para-jaulas/,Accesorios para Jaulas de Aves: Todo lo que Necesitas,15289,100
jaulas rectangulares,mixto,SI,post,https://avesnativaschilenas.cl/jaulas/accesorios-para-jaulas/,Accesorios para Jaulas de Aves: Todo lo que Necesitas,15289,100
julio bocca bailando,mixto,NO,,,,,0
julio bocca bailarin,mixto,NO,,,,,1
la alemana bailarina,mixto,NO,,,,,1
la casa de los loros,mixto,SI,post,https://avesnativaschilenas.cl/jaulas/para-loros/descubre-el-secreto-para-mantener-la-jaula-de-tu-loro-siempre-limpia-y-fresca/,¡Descubre el secreto para mantener la jaula de tu loro siempre limpia y fresca!,8533,100
la cigueña maria pdf,mixto,SI/Parcial,page,https://avesnativaschilenas.cl/ciguena/,La fascinante cigüeña blanca: una maravilla de la naturaleza,378,2
la cotorra argentina,mixto,SI,post,https://avesnativaschilenas.cl/jaulas/para-loros/descubre-el-secreto-para-mantener-la-jaula-de-tu-loro-siempre-limpia-y-fresca/,¡Descubre el secreto para mantener la jaula de tu loro siempre limpia y fresca!,8533,100
la vida de un pajaro,mixto,SI,post,https://avesnativaschilenas.cl/blog/que-significa-la-visita-de-un-pajaro-gris-presagio-y-significado-espiritual/,Que Significa la Visita de un Pajaro Gris? Presagio y Significado Espiritual,11826,4
las aves de colombia,mixto,SI,post,https://avesnativaschilenas.cl/blog/importancia-de-las-aves-en-chile/,Importancia de las aves en Chile: su rol en los ecosistemas y la conservacion nacional,15082,3
las aves migratorias,mixto,SI/Parcial,post,https://avesnativaschilenas.cl/blog/importancia-de-las-aves-en-chile/,Importancia de las aves en Chile: su rol en los ecosistemas y la conservacion nacional,15082,2
las aves más bonitas,mixto,SI,post,https://avesnativaschilenas.cl/libros/descubre-las-100-aves-mas-sorprendentes-de-chile-tu-guia-definitiva/,Descubre las 100 aves más sorprendentes de Chile: ¡tu guía definitiva!,7120,3
lechuza alimentacion,informacional,SI/Parcial,post,https://avesnativaschilenas.cl/rapaces/lechuza/,"Lechuzas y buhos en Chile: habitat, alimentacion y simbolismo",1669,2
lora frente amarilla,mixto,NO,,,,,1
loro amarillo precio,comercial,SI,post,https://avesnativaschilenas.cl/jaulas/para-loros/descubre-el-secreto-para-mantener-la-jaula-de-tu-loro-siempre-limpia-y-fresca/,¡Descubre el secreto para mantener la jaula de tu loro siempre limpia y fresca!,8533,100
loro amazona aestiva,navegacional,SI,post,https://avesnativaschilenas.cl/jaulas/para-loros/descubre-el-secreto-para-mantener-la-jaula-de-tu-loro-siempre-limpia-y-fresca/,¡Descubre el secreto para mantener la jaula de tu loro siempre limpia y fresca!,8533,100
loro amazona oratrix,navegacional,SI,post,https://avesnativaschilenas.cl/jaulas/para-loros/descubre-el-secreto-para-mantener-la-jaula-de-tu-loro-siempre-limpia-y-fresca/,¡Descubre el secreto para mantener la jaula de tu loro siempre limpia y fresca!,8533,100
loro copete amarillo,mixto,SI,post,https://avesnativaschilenas.cl/jaulas/para-loros/descubre-el-secreto-para-mantener-la-jaula-de-tu-loro-siempre-limpia-y-fresca/,¡Descubre el secreto para mantener la jaula de tu loro siempre limpia y fresca!,8533,100
loro cuello amarillo,mixto,SI,post,https://avesnativaschilenas.cl/jaulas/para-loros/descubre-el-secreto-para-mantener-la-jaula-de-tu-loro-siempre-limpia-y-fresca/,¡Descubre el secreto para mantener la jaula de tu loro siempre limpia y fresca!,8533,100
loro eclectus hembra,mixto,SI,post,https://avesnativaschilenas.cl/jaulas/para-loros/descubre-el-secreto-para-mantener-la-jaula-de-tu-loro-siempre-limpia-y-fresca/,¡Descubre el secreto para mantener la jaula de tu loro siempre limpia y fresca!,8533,100
loro guayabero habla,mixto,SI,post,https://avesnativaschilenas.cl/jaulas/para-loros/descubre-el-secreto-para-mantener-la-jaula-de-tu-loro-siempre-limpia-y-fresca/,¡Descubre el secreto para mantener la jaula de tu loro siempre limpia y fresca!,8533,100
loro hablador hembra,mixto,SI,post,https://avesnativaschilenas.cl/jaulas/para-loros/descubre-el-secreto-para-mantener-la-jaula-de-tu-loro-siempre-limpia-y-fresca/,¡Descubre el secreto para mantener la jaula de tu loro siempre limpia y fresca!,8533,100
loro kramer amarillo,mixto,SI,post,https://avesnativaschilenas.cl/jaulas/para-loros/descubre-el-secreto-para-mantener-la-jaula-de-tu-loro-siempre-limpia-y-fresca/,¡Descubre el secreto para mantener la jaula de tu loro siempre limpia y fresca!,8533,100
loro verde argentino,mixto,SI,post,https://avesnativaschilenas.cl/jaulas/para-loros/descubre-el-secreto-para-mantener-la-jaula-de-tu-loro-siempre-limpia-y-fresca/,¡Descubre el secreto para mantener la jaula de tu loro siempre limpia y fresca!,8533,100
loros de cabeza azul,mixto,SI,post,https://avesnativaschilenas.cl/jaulas/para-loros/descubre-el-secreto-para-mantener-la-jaula-de-tu-loro-siempre-limpia-y-fresca/,¡Descubre el secreto para mantener la jaula de tu loro siempre limpia y fresca!,8533,100
loros de cabeza roja,mixto,SI,post,https://avesnativaschilenas.cl/jaulas/para-loros/descubre-el-secreto-para-mantener-la-jaula-de-tu-loro-siempre-limpia-y-fresca/,¡Descubre el secreto para mantener la jaula de tu loro siempre limpia y fresca!,8533,100
loros rojos y azules,mixto,SI,post,https://avesnativaschilenas.cl/jaulas/para-loros/descubre-el-secreto-para-mantener-la-jaula-de-tu-loro-siempre-limpia-y-fresca/,¡Descubre el secreto para mantener la jaula de tu loro siempre limpia y fresca!,8533,100
loros verdes comunes,mixto,SI,post,https://avesnativaschilenas.cl/jaulas/para-loros/descubre-el-secreto-para-mantener-la-jaula-de-tu-loro-siempre-limpia-y-fresca/,¡Descubre el secreto para mantener la jaula de tu loro siempre limpia y fresca!,8533,100
los pajaros del amor,mixto,SI,post,https://avesnativaschilenas.cl/cuidados/guia-completa-para-proteger-a-los-pajaros-del-frio-invernal-consejos-practicos-y-soluciones-efectivas/,Guía completa para proteger a los pájaros del frío invernal: consejos prácticos y soluciones efectivas,6535,3
los tipos de pájaros,informacional,SI,post,https://avesnativaschilenas.cl/cuidados/tipo-de-alimentacion-de-las-aves/,Descubre los Tipos de Alimentación de las Aves: Guía Completa para Entender sus Dietas,11359,3
malinois waterslager,mixto,NO,,,,,0
martin pescador azul,mixto,SI/Parcial,page,https://avesnativaschilenas.cl/martin-pescador/,"Martín pescador Chileno: hábitat, alimentación y curiosidades de un tesoro acuatico",9858,2
masculino de gaviota,mixto,SI/Parcial,post,https://avesnativaschilenas.cl/migratorias/paloma/gaviota-bebe/,Rescate de Gaviotas: Historia de un Pichón de Gaviota,2515,2
mazuri aves pequeñas,mixto,SI/Parcial,post,https://avesnativaschilenas.cl/nidos/descubre-los-8-forros-de-yute-perfectos-para-mimar-a-tus-canarios-y-pequenas-aves/,Descubre los 8 Forros de Yute Perfectos para Mimar a tus Canarios y Pequeñas Aves,8601,2
migracion de pajaros,mixto,SI/Parcial,post,https://avesnativaschilenas.cl/rapaces/lechuza/pajaros-blancos-que-vuelan-de-noche/,5 Fascinantes Pájaros Blancos que Vuelan de Noche,11061,2
modelos de pajareras,mixto,SI,post,https://avesnativaschilenas.cl/jaulas/pajareras/,Pajareras para Jardin: Guia de Compra y Decoracion,15278,100
nido colgante pajaro,mixto,SI,post,https://avesnativaschilenas.cl/jaulas/nidos-para-aves/,"Nidos para Aves: Tipos, Materiales y Como Elegir el Mejor",15288,100
ninfa cacatua precio,comercial,SI,post,https://avesnativaschilenas.cl/jaulas/para-loros/descubre-el-secreto-para-mantener-la-jaula-de-tu-loro-siempre-limpia-y-fresca/,¡Descubre el secreto para mantener la jaula de tu loro siempre limpia y fresca!,8533,100
nombres aves marinas,mixto,SI/Parcial,post,https://avesnativaschilenas.cl/gaviotas/la-vida-secreta-de-las-aves-marinas/,La Vida Secreta de las Aves Marinas: Descubre sus Hábitos y Misterios,11042,2
nombres para pájaros,mixto,SI,post,https://avesnativaschilenas.cl/jilguero/nombres-para-pajaros-amarillos/,50 Nombres Creativos para tus Pájaros Amarillos,11055,3
observadores de aves,mixto,SI,post,https://avesnativaschilenas.cl/ubicacion/aves-de-la-region-de-coquimbo/,Aves de la Región de Coquimbo: Un Paraíso para los Observadores,2073,3
observar aves nombre,mixto,SI/Parcial,post,https://avesnativaschilenas.cl/blog/quebrada-de-cordova/,Quebrada de Córdova: El paraíso escondido para observar aves en El Tabo,11125,2
oscar valdes irakere,mixto,NO,,,,,0
pajarera de aluminio,mixto,SI,post,https://avesnativaschilenas.cl/jaulas/pajareras/,Pajareras para Jardin: Guia de Compra y Decoracion,15278,100
pajarera de canarios,mixto,SI,post,https://avesnativaschilenas.cl/jaulas/para-canarios/,Jaulas para Canarios: Guia de Compra para tu Pajaro Cantor,15280,100
pajarera de exterior,mixto,SI,post,https://avesnativaschilenas.cl/jaulas/pajareras/,Pajareras para Jardin: Guia de Compra y Decoracion,15278,100
pajarera para jardin,mixto,SI,post,https://avesnativaschilenas.cl/jaulas/pajareras/,Pajareras para Jardin: Guia de Compra y Decoracion,15278,100
pajarera para ninfas,mixto,SI,post,https://avesnativaschilenas.cl/jaulas/para-ninfas/,Jaulas para Ninfas (Cockatiel): Guia de Compra y Medidas Ideales,15285,100
pajareras recicladas,mixto,SI,post,https://avesnativaschilenas.cl/jaulas/pajareras/,Pajareras para Jardin: Guia de Compra y Decoracion,15278,100
pajarito en la jaula,mixto,SI,post,https://avesnativaschilenas.cl/jaulas/accesorios-para-jaulas/,Accesorios para Jaulas de Aves: Todo lo que Necesitas,15289,100
pajaritos de mascota,mixto,SI/Parcial,post,https://avesnativaschilenas.cl/blog/que-aves-se-pueden-tener-de-mascota-en-argentina/,que aves se pueden tener de mascota en argentina,10418,2
pajaro cacatua ninfa,mixto,SI,post,https://avesnativaschilenas.cl/jaulas/para-loros/descubre-el-secreto-para-mantener-la-jaula-de-tu-loro-siempre-limpia-y-fresca/,¡Descubre el secreto para mantener la jaula de tu loro siempre limpia y fresca!,8533,100
pajaro de cola larga,mixto,SI,post,https://avesnativaschilenas.cl/terrestres/colilarga/,Colilarga: el pájaro que ayuda a recordar lecciones y encanta con su cola de plumas mágicas,11131,3
pajaro de color azul,mixto,SI/Parcial,post,https://avesnativaschilenas.cl/jaulas/para-canarios/,Jaulas para Canarios: Guia de Compra para tu Pajaro Cantor,15280,2
pajaro de pico largo,mixto,SI,post,https://avesnativaschilenas.cl/terrestres/mirlo/pajaro-negro-de-pico-largo/,¿Quién es el pájaro negro de pico largo? Descúbrelo aquí,11056,4
pajaro diamante gold,mixto,NO,,,,,1
pajaro juguete jaula,mixto,SI,post,https://avesnativaschilenas.cl/jaulas/accesorios-para-jaulas/,Accesorios para Jaulas de Aves: Todo lo que Necesitas,15289,100
pajaro nido colgante,mixto,SI,post,https://avesnativaschilenas.cl/jaulas/nidos-para-aves/,"Nidos para Aves: Tipos, Materiales y Como Elegir el Mejor",15288,100
pajaros en la ciudad,mixto,SI,post,https://avesnativaschilenas.cl/uncategorized/como-transforme-mi-jardin-en-un-refugio-para-aves-y-tu-tambien-puedes/,Cómo Atraer Pájaros a tu Jardín con Nidos Colgantes: La Guía Completa para Crear un Paraíso Aviar,11064,3
pajaros espirituales,mixto,NO,,,,,1
pajaros mas hermosos,mixto,SI/Parcial,post,https://avesnativaschilenas.cl/nidos/descubre-los-nidos-de-pajaros-mas-encantadores-para-tu-jardin-colibries-felices-te-esperan/,¡Descubre los nidos de pájaros más encantadores para tu jardín! ¡Colibríes felices te esperan!,7962,2
pajaros muy pequeños,mixto,SI/Parcial,post,https://avesnativaschilenas.cl/blog/pajaros-domesticos-pequenos/,pájaros domésticos pequeños,10416,2
pajaros ornamentales,mixto,NO,,,,,1
pajaros para comprar,comercial,SI/Parcial,post,https://avesnativaschilenas.cl/jaulas/voladeras/,Voladeras para Aves: Como Elegir la Mejor para tus Pajaros,15277,2
pajaros para mascota,mixto,SI,post,https://avesnativaschilenas.cl/jaulas/accesorios/descubre-por-que-la-bandeja-yarnow-para-pajaros-transformara-el-cuidado-de-tu-mascota/,Descubre por qué la bandeja YARNOW para pájaros transformará el cuidado de tu mascota,8623,3
pajaros venta online,comercial,NO,,,,,1
pajaros viña del mar,mixto,SI/Parcial,post,https://avesnativaschilenas.cl/jaulas/marcas/descubre-la-increible-jaula-de-pajaros-yardwe-protege-a-tu-loro-del-sol-con-estilo-europeo/,Descubre la increíble Jaula de Pájaros Yardwe: ¡Protege a tu loro del sol con estilo europeo!,7729,2
paloma torcaz hembra,mixto,SI/Parcial,post,https://avesnativaschilenas.cl/migratorias/paloma/paloma-torcaz/,Paloma torcaz: encuentros con palomas torcaces,2537,2
papagayo australiano,mixto,SI,post,https://avesnativaschilenas.cl/jaulas/para-periquitos/,Jaulas para Periquitos: Guia de Compra Completa 2026,15284,100
papamosca cerrojillo,mixto,NO,,,,,0
paseo de los pájaros,mixto,SI,post,https://avesnativaschilenas.cl/redes/descubre-como-esta-red-verde-de-4x10m-protege-tus-plantas-y-frutas-de-los-pajaros-imperdible/,Descubre cómo esta red verde de 4x10m protege tus plantas y frutas de los pájaros ¡Imperdible!,8502,3
pasta cria agapornis,mixto,SI,post,https://avesnativaschilenas.cl/jaulas/para-loros/descubre-el-secreto-para-mantener-la-jaula-de-tu-loro-siempre-limpia-y-fresca/,¡Descubre el secreto para mantener la jaula de tu loro siempre limpia y fresca!,8533,100
pasta de cría casera,mixto,SI/Parcial,post,https://avesnativaschilenas.cl/nidos/descubre-el-nido-de-cria-perfecto-para-tus-aves-karlie-nistkasten-de-madera-natural/,¡Descubre el Nido de Cría Perfecto para Tus Aves! Karlie Nistkasten de Madera Natural,8284,2
pato de cuello verde,mixto,SI/Parcial,post,https://avesnativaschilenas.cl/cisne/por-que-esta-en-peligro-de-extincion-el-cisne-de-cuello-negro/,¿por qué está en peligro de extinción el cisne de cuello negro?,9380,2
pato doméstico vuela,mixto,NO,,,,,1
pato mandarín hembra,mixto,NO,,,,,1
pato vapor malvinero,mixto,NO,,,,,1
pavas reales hembras,mixto,NO,,,,,1
pavo real bebe macho,mixto,SI,post,https://avesnativaschilenas.cl/terrestres/pavo-real-diferencias-entre-macho-y-hembra-fotos/,Pavo Real: Diferencias entre Macho y Hembra + Fotos,11823,3
pavo real de mascota,mixto,SI,post,https://avesnativaschilenas.cl/blog/el-pavo-real-esta-en-peligro-de-extincion/,El Pavo Real en Peligro de Extinción: Todo lo que Necesitas Saber para Protegerlo,9999,3
pavo real macho bebe,mixto,SI,post,https://avesnativaschilenas.cl/terrestres/pavo-real-diferencias-entre-macho-y-hembra-fotos/,Pavo Real: Diferencias entre Macho y Hembra + Fotos,11823,3
pavo real sin plumas,mixto,SI/Parcial,post,https://avesnativaschilenas.cl/terrestres/pavo-real-diferencias-entre-macho-y-hembra-fotos/,Pavo Real: Diferencias entre Macho y Hembra + Fotos,11823,2
pavo real variedades,mixto,SI/Parcial,post,https://avesnativaschilenas.cl/terrestres/pavo-real-diferencias-entre-macho-y-hembra-fotos/,Pavo Real: Diferencias entre Macho y Hembra + Fotos,11823,2
perdiz ave silvestre,mixto,SI,post,https://avesnativaschilenas.cl/jaulas/para-gallinas-ponedoras/,Jaulas para Gallinas Ponedoras: Guia de Compra 2026,15281,100
pericas australianas,mixto,NO,,,,,1
perico animal precio,comercial,SI,post,https://avesnativaschilenas.cl/jaulas/para-periquitos/,Jaulas para Periquitos: Guia de Compra Completa 2026,15284,100
perico ingles precio,comercial,SI,post,https://avesnativaschilenas.cl/jaulas/para-periquitos/,Jaulas para Periquitos: Guia de Compra Completa 2026,15284,100
perico kramer precio,comercial,SI,post,https://avesnativaschilenas.cl/jaulas/para-periquitos/,Jaulas para Periquitos: Guia de Compra Completa 2026,15284,100
pericos de australia,mixto,SI,post,https://avesnativaschilenas.cl/jaulas/para-periquitos/,Jaulas para Periquitos: Guia de Compra Completa 2026,15284,100
periquito espléndido,mixto,SI,post,https://avesnativaschilenas.cl/jaulas/para-periquitos/,Jaulas para Periquitos: Guia de Compra Completa 2026,15284,100
periquitos de bourke,mixto,SI,post,https://avesnativaschilenas.cl/jaulas/para-periquitos/,Jaulas para Periquitos: Guia de Compra Completa 2026,15284,100
periquitos esmeralda,mixto,SI,post,https://avesnativaschilenas.cl/jaulas/para-periquitos/,Jaulas para Periquitos: Guia de Compra Completa 2026,15284,100
playa de la gaviotas,mixto,SI,post,https://avesnativaschilenas.cl/gaviotas/la-vida-secreta-de-las-aves-marinas/,La Vida Secreta de las Aves Marinas: Descubre sus Hábitos y Misterios,11042,3
plumaje de pavo real,mixto,SI,post,https://avesnativaschilenas.cl/blog/el-pavo-real-esta-en-peligro-de-extincion/,El Pavo Real en Peligro de Extinción: Todo lo que Necesitas Saber para Protegerlo,9999,3
pollitos de codorniz,mixto,SI,post,https://avesnativaschilenas.cl/jaulas/para-gallinas-ponedoras/,Jaulas para Gallinas Ponedoras: Guia de Compra 2026,15281,100
precio de codornices,comercial,SI,post,https://avesnativaschilenas.cl/jaulas/para-gallinas-ponedoras/,Jaulas para Gallinas Ponedoras: Guia de Compra 2026,15281,100
precio de un gorrion,comercial,SI/Parcial,post,https://avesnativaschilenas.cl/blog/palomas-urbanas-problema-salud-publica-chile/,Palomas urbanas en Chile: un problema de salud publica y como controlarlas,15094,2
precio faisan dorado,comercial,NO,,,,,1
productos para loros,mixto,SI,post,https://avesnativaschilenas.cl/jaulas/para-loros/descubre-el-secreto-para-mantener-la-jaula-de-tu-loro-siempre-limpia-y-fresca/,¡Descubre el secreto para mantener la jaula de tu loro siempre limpia y fresca!,8533,100
psittacus minor 3 kg,mixto,NO,,,,,1
purina para pollitos,mixto,SI,post,https://avesnativaschilenas.cl/jaulas/para-gallinas-ponedoras/,Jaulas para Gallinas Ponedoras: Guia de Compra 2026,15281,100
pyrrhura piña precio,comercial,SI,post,https://avesnativaschilenas.cl/jaulas/para-loros/descubre-el-secreto-para-mantener-la-jaula-de-tu-loro-siempre-limpia-y-fresca/,¡Descubre el secreto para mantener la jaula de tu loro siempre limpia y fresca!,8533,100
pájaros de pico rojo,mixto,SI/Parcial,post,https://avesnativaschilenas.cl/rapaces/lechuza/pajaros-blancos-que-vuelan-de-noche/,5 Fascinantes Pájaros Blancos que Vuelan de Noche,11061,2
pájaros fotos gratis,mixto,NO,,,,,1
q comen las cotorras,mixto,SI,post,https://avesnativaschilenas.cl/jaulas/para-loros/descubre-el-secreto-para-mantener-la-jaula-de-tu-loro-siempre-limpia-y-fresca/,¡Descubre el secreto para mantener la jaula de tu loro siempre limpia y fresca!,8533,100
que come el codorniz,mixto,SI,post,https://avesnativaschilenas.cl/jaulas/para-gallinas-ponedoras/,Jaulas para Gallinas Ponedoras: Guia de Compra 2026,15281,100
que come un codorniz,mixto,SI,post,https://avesnativaschilenas.cl/jaulas/para-gallinas-ponedoras/,Jaulas para Gallinas Ponedoras: Guia de Compra 2026,15281,100
quinta la golondrina,mixto,SI/Parcial,post,https://avesnativaschilenas.cl/migratorias/golondrina/que-significa-cuando-hay-una-bandada-de-pajaros/,Qué Significa Cuando Hay Una Bandada de Pájaros: Descubre el Misterioso Mensaje de la Naturaleza,10003,2
rabadilla ave precio,comercial,NO,,,,,1
rascaderos de gallos,mixto,SI,post,https://avesnativaschilenas.cl/jaulas/para-gallinas-ponedoras/,Jaulas para Gallinas Ponedoras: Guia de Compra 2026,15281,100
recinto para cobayas,mixto,NO,,,,,1
rejillas para jaulas,mixto,SI,post,https://avesnativaschilenas.cl/jaulas/accesorios-para-jaulas/,Accesorios para Jaulas de Aves: Todo lo que Necesitas,15289,100
restaurante el tordo,mixto,NO,,,,,1
sara lopez bailarina,mixto,NO,,,,,0
tamaño del pavo real,mixto,SI,post,https://avesnativaschilenas.cl/blog/de-que-esta-cubierta-la-piel-del-pavo-real/,de qué está cubierta la piel del pavo real,9402,3
tienda aves exoticas,comercial,SI/Parcial,post,https://avesnativaschilenas.cl/nidos/descubre-el-secreto-para-atraer-aves-exoticas-a-tu-jardin-con-estos-nidos-de-madera-irresistibles/,Descubre el secreto para atraer aves exóticas a tu jardín con estos nidos de madera irresistibles!,7788,2
tienda de aves chile,comercial,SI,post,https://avesnativaschilenas.cl/blog/importancia-de-las-aves-en-chile/,Importancia de las aves en Chile: su rol en los ecosistemas y la conservacion nacional,15082,3
tienda de periquitos,comercial,SI,post,https://avesnativaschilenas.cl/jaulas/para-periquitos/,Jaulas para Periquitos: Guia de Compra Completa 2026,15284,100
tipo de aves grandes,mixto,SI,post,https://avesnativaschilenas.cl/cuidados/tipo-de-alimentacion-de-las-aves/,Descubre los Tipos de Alimentación de las Aves: Guía Completa para Entender sus Dietas,11359,3
todo sobre agapornis,mixto,SI,post,https://avesnativaschilenas.cl/jaulas/para-loros/descubre-el-secreto-para-mantener-la-jaula-de-tu-loro-siempre-limpia-y-fresca/,¡Descubre el secreto para mantener la jaula de tu loro siempre limpia y fresca!,8533,100
todo sobre los loros,mixto,SI,post,https://avesnativaschilenas.cl/jaulas/para-loros/descubre-el-secreto-para-mantener-la-jaula-de-tu-loro-siempre-limpia-y-fresca/,¡Descubre el secreto para mantener la jaula de tu loro siempre limpia y fresca!,8533,100
todo tipo de pájaros,mixto,SI,post,https://avesnativaschilenas.cl/jaulas/accesorios/transforma-la-jaula-de-tus-pajaros-con-yarnow-descubre-las-3-piezas-que-cambiaran-todo/,Transforma la jaula de tus pájaros con YARNOW: ¡Descubre las 3 piezas que cambiarán todo!,8717,3
toldo gaviota simbac,mixto,NO,,,,,1
torcaza alimentación,informacional,NO,,,,,1
tortola alimentacion,informacional,SI/Parcial,post,https://avesnativaschilenas.cl/tortola/tortola-comun/,"Descubre todo sobre la Tórtola Común: Hábitat, Alimentación y Comportamiento",220,2
tortolas diamantinas,mixto,NO,,,,,0
trampa para cotorros,mixto,NO,,,,,1
trampa para pichones,mixto,NO,,,,,1
trampa para tortolas,mixto,NO,,,,,1
tórtola turca precio,comercial,NO,,,,,1
un loro en una jaula,mixto,SI,post,https://avesnativaschilenas.cl/jaulas/accesorios-para-jaulas/,Accesorios para Jaulas de Aves: Todo lo que Necesitas,15289,100
un pájaro carpintero,mixto,SI/Parcial,post,https://avesnativaschilenas.cl/blog/que-significa-la-visita-de-un-pajaro-gris-presagio-y-significado-espiritual/,Que Significa la Visita de un Pajaro Gris? Presagio y Significado Espiritual,11826,2
venta jaulas pajaros,comercial,SI,post,https://avesnativaschilenas.cl/jaulas/accesorios-para-jaulas/,Accesorios para Jaulas de Aves: Todo lo que Necesitas,15289,100
venta pajaros online,comercial,NO,,,,,1
versiculo del aguila,mixto,SI/Parcial,post,https://avesnativaschilenas.cl/aguilas/el-vuelo-del-aguila-y-su-simbolismo-en-otras-culturas/,El vuelo del aguila y su simbolismo en otras culturas,9512,2
vida de un pavo real,mixto,SI,post,https://avesnativaschilenas.cl/cuidados/como-distinguir-un-pavo-real-macho-de-una-hembra/,Como distinguir un pavo real macho de una hembra: diferencias reales y fotos,9393,4
vitaminas para loros,mixto,SI,post,https://avesnativaschilenas.cl/jaulas/para-loros/descubre-el-secreto-para-mantener-la-jaula-de-tu-loro-siempre-limpia-y-fresca/,¡Descubre el secreto para mantener la jaula de tu loro siempre limpia y fresca!,8533,100
voladera para ninfas,mixto,SI,post,https://avesnativaschilenas.cl/jaulas/para-ninfas/,Jaulas para Ninfas (Cockatiel): Guia de Compra y Medidas Ideales,15285,100
voladeras de pajaros,mixto,SI,post,https://avesnativaschilenas.cl/jaulas/voladeras/,Voladeras para Aves: Como Elegir la Mejor para tus Pajaros,15277,100
voladeras exteriores,mixto,SI,post,https://avesnativaschilenas.cl/jaulas/voladeras/,Voladeras para Aves: Como Elegir la Mejor para tus Pajaros,15277,100
voladeras para loros,mixto,SI,post,https://avesnativaschilenas.cl/jaulas/para-loros/descubre-el-secreto-para-mantener-la-jaula-de-tu-loro-siempre-limpia-y-fresca/,¡Descubre el secreto para mantener la jaula de tu loro siempre limpia y fresca!,8533,100
voladeras terenziani,mixto,SI,post,https://avesnativaschilenas.cl/jaulas/marcas/,"Marcas de Jaulas para Aves: Pedros, 2gr, Vision, Hagen, IMAC y Mas",15283,100
voladero de perdices,mixto,SI,post,https://avesnativaschilenas.cl/jaulas/para-gallinas-ponedoras/,Jaulas para Gallinas Ponedoras: Guia de Compra 2026,15281,100
voladeros de pajaros,mixto,SI,post,https://avesnativaschilenas.cl/jaulas/voladeras/,Voladeras para Aves: Como Elegir la Mejor para tus Pajaros,15277,100
voladeros para loros,mixto,SI,post,https://avesnativaschilenas.cl/jaulas/para-loros/descubre-el-secreto-para-mantener-la-jaula-de-tu-loro-siempre-limpia-y-fresca/,¡Descubre el secreto para mantener la jaula de tu loro siempre limpia y fresca!,8533,100
www aviario picaflor,navegacional,SI,post,https://avesnativaschilenas.cl/jaulas/aviarios/,Aviarios para Aves: Guia Completa para Elegir el Mejor Aviario,15276,100
águila arpía gigante,mixto,SI/Parcial,post,https://avesnativaschilenas.cl/aguilas/aguila-arpia/,"Aguila arpia en los bosques: tamano imponente, habitat y papel ecologico",1849,2
águila blanca animal,mixto,NO,,,,,1
águila calva gigante,mixto,NO,,,,,1
águila de la bandera,mixto,SI,post,https://avesnativaschilenas.cl/aguilas/el-aguila-que-tipo-de-consumidor-es/,El aguila desvelada: como regula la vida en su ecosistema,6998,3
agaponis roseicollis,mixto,NO,,,,,0
aves de la araucania,mixto,SI,post,https://avesnativaschilenas.cl/blog/importancia-de-las-aves-en-chile/,Importancia de las aves en Chile: su rol en los ecosistemas y la conservacion nacional,15082,3
avistamiento de aves,mixto,SI,post,https://avesnativaschilenas.cl/ubicacion/arica/,Avistamiento de aves en Arica - Chile,2710,3
bailarin de flamenco,mixto,SI/Parcial,post,https://avesnativaschilenas.cl/rapaces/bailarin/,"Pajaro Bailarín, la Elegante Ave de Rapiña de Chile",1694,2
cacatua ninfa precio,comercial,SI,post,https://avesnativaschilenas.cl/jaulas/para-loros/descubre-el-secreto-para-mantener-la-jaula-de-tu-loro-siempre-limpia-y-fresca/,¡Descubre el secreto para mantener la jaula de tu loro siempre limpia y fresca!,8533,100
codornices japonesas,mixto,SI,post,https://avesnativaschilenas.cl/jaulas/para-gallinas-ponedoras/,Jaulas para Gallinas Ponedoras: Guia de Compra 2026,15281,100
condor andino tamaño,mixto,SI/Parcial,post,https://avesnativaschilenas.cl/rapaces/condor-andino-caracteristicas-habitat-y-donde-verlo-en-chile/,"Condor Andino: Caracteristicas, Habitat y Donde Verlo en Chile",11832,2
donde vive el cóndor,informacional,SI,post,https://avesnativaschilenas.cl/cisne/donde-vive-el-cisne-de-cuello-negro-en-chile/,donde vive el cisne de cuello negro en chile,9359,3
el picaflor de arica,mixto,SI,post,https://avesnativaschilenas.cl/blog/porque-esta-en-peligro-de-extincion-el-picaflor-de-juan-fernandez/,porque esta en peligro de extinción el picaflor de juan fernández,9449,3
el pájaro carpintero,mixto,SI/Parcial,post,https://avesnativaschilenas.cl/jaulas/transportines-para-aves/,Transportines para Aves: Como Elegir el Mejor para Viajar con tu Pajaro,15286,2
en chile hay cuervos,mixto,SI/Parcial,post,https://avesnativaschilenas.cl/blog/palomas-urbanas-problema-salud-publica-chile/,Palomas urbanas en Chile: un problema de salud publica y como controlarlas,15094,2
espantar las palomas,mixto,SI/Parcial,post,https://avesnativaschilenas.cl/cuidados/enfermedades-de-las-palomas-y-limpieza-de-heces/,"Las palomas transmiten enfermedades? Mitos, riesgos reales y limpieza segura",15090,2
estudios de las aves,mixto,SI,post,https://avesnativaschilenas.cl/blog/importancia-de-las-aves-en-chile/,Importancia de las aves en Chile: su rol en los ecosistemas y la conservacion nacional,15082,3
guacamayos amarillos,mixto,SI,post,https://avesnativaschilenas.cl/jaulas/para-loros/descubre-el-secreto-para-mantener-la-jaula-de-tu-loro-siempre-limpia-y-fresca/,¡Descubre el secreto para mantener la jaula de tu loro siempre limpia y fresca!,8533,100
jaula grande pajaros,mixto,SI,post,https://avesnativaschilenas.cl/jaulas/accesorios-para-jaulas/,Accesorios para Jaulas de Aves: Todo lo que Necesitas,15289,100
jaulas para canarios,mixto,SI,post,https://avesnativaschilenas.cl/jaulas/accesorios-para-jaulas/,Accesorios para Jaulas de Aves: Todo lo que Necesitas,15289,100
jaulas para gallinas,mixto,SI,post,https://avesnativaschilenas.cl/jaulas/accesorios-para-jaulas/,Accesorios para Jaulas de Aves: Todo lo que Necesitas,15289,100
pajarito australiano,mixto,SI,post,https://avesnativaschilenas.cl/jaulas/para-periquitos/,Jaulas para Periquitos: Guia de Compra Completa 2026,15284,100
pajaritos de colores,mixto,SI/Parcial,post,https://avesnativaschilenas.cl/fardela/fardela-heraldica/,Fardela heráldica: el petrel de tres colores de Rapa Nui,14188,2
pajaro de pecho rojo,mixto,SI,post,https://avesnativaschilenas.cl/blog/pajaro-pecho-rojo-chile/,pajaro pecho rojo chile,6801,3
pajaros sur de chile,mixto,SI,post,https://avesnativaschilenas.cl/libros/descubre-los-secretos-de-avitopia-los-pajaros-de-chile-te-sorprenderan/,Descubre los secretos de AVITOPIA: ¡Los pájaros de Chile te sorprenderán!,7243,3
pato cortacorrientes,mixto,NO,,,,,1
pericos australianos,mixto,SI,post,https://avesnativaschilenas.cl/jaulas/para-periquitos/,Jaulas para Periquitos: Guia de Compra Completa 2026,15284,100
promotor l para aves,mixto,SI/Parcial,post,https://avesnativaschilenas.cl/jaulas/accesorios-para-jaulas/,Accesorios para Jaulas de Aves: Todo lo que Necesitas,15289,2
pájaros australianos,mixto,SI,post,https://avesnativaschilenas.cl/jaulas/para-periquitos/,Jaulas para Periquitos: Guia de Compra Completa 2026,15284,100
ave del sur de chile,mixto,SI,page,https://avesnativaschilenas.cl/nandu/,"Qué es un Ñandú: Características, Hábitat y Curiosidades del Ave Emblemática de Chile",10930,4
hembra del pavo real,mixto,SI,post,https://avesnativaschilenas.cl/terrestres/pavo-real-diferencias-entre-macho-y-hembra-fotos/,Pavo Real: Diferencias entre Macho y Hembra + Fotos,11823,3
huevos de codornices,mixto,SI,post,https://avesnativaschilenas.cl/jaulas/para-gallinas-ponedoras/,Jaulas para Gallinas Ponedoras: Guia de Compra 2026,15281,100
pingüino de humboldt,mixto,SI/Parcial,post,https://avesnativaschilenas.cl/piqueros/piquero-peruano/,Piquero peruano (Sula variegata): el ave guanera de la corriente de Humboldt,14141,2
10 nombres de pájaros,mixto,SI/Parcial,post,https://avesnativaschilenas.cl/rapaces/lechuza/pajaros-blancos-que-vuelan-de-noche/,5 Fascinantes Pájaros Blancos que Vuelan de Noche,11061,2
accesorios para jaula,mixto,SI,post,https://avesnativaschilenas.cl/jaulas/accesorios-para-jaulas/,Accesorios para Jaulas de Aves: Todo lo que Necesitas,15289,100
accesorios para loros,mixto,SI,post,https://avesnativaschilenas.cl/jaulas/accesorios-para-jaulas/,Accesorios para Jaulas de Aves: Todo lo que Necesitas,15289,100
agaporni alimentacion,informacional,NO,,,,,1
aguila chilena tamaño,mixto,SI/Parcial,post,https://avesnativaschilenas.cl/aguilas/aguila-arpia/,"Aguila arpia en los bosques: tamano imponente, habitat y papel ecologico",1849,2
aguila de dos cabezas,mixto,SI/Parcial,post,https://avesnativaschilenas.cl/aguilas/el-aguila-que-tipo-de-consumidor-es/,El aguila desvelada: como regula la vida en su ecosistema,6998,2
aguila norteamericana,mixto,NO,,,,,1
aguila real americana,mixto,SI/Parcial,post,https://avesnativaschilenas.cl/aguilas/cuanto-mide-un-aguila-real-con-las-alas-abiertas/,Cuanto mide un aguila real con las alas abiertas,9362,2
ahuyentar las palomas,mixto,SI/Parcial,post,https://avesnativaschilenas.cl/cuidados/enfermedades-de-las-palomas-y-limpieza-de-heces/,"Las palomas transmiten enfermedades? Mitos, riesgos reales y limpieza segura",15090,2
alas de aguila biblia,mixto,SI,post,https://avesnativaschilenas.cl/aguilas/caracteristicas-de-las-aguilas-segun-la-biblia/,El Aguila en la Biblia: significado espiritual y versiculos clave,1857,3
albatros alimentacion,informacional,NO,,,,,1
alimentacion canarios,informacional,SI,post,https://avesnativaschilenas.cl/jaulas/para-canarios/,Jaulas para Canarios: Guia de Compra para tu Pajaro Cantor,15280,100
alimentacion codorniz,informacional,SI,post,https://avesnativaschilenas.cl/jaulas/para-gallinas-ponedoras/,Jaulas para Gallinas Ponedoras: Guia de Compra 2026,15281,100
alimentacion de cuyes,informacional,SI/Parcial,post,https://avesnativaschilenas.cl/cuidados/tipo-de-alimentacion-de-las-aves/,Descubre los Tipos de Alimentación de las Aves: Guía Completa para Entender sus Dietas,11359,2
alimentacion de tucan,informacional,SI/Parcial,post,https://avesnativaschilenas.cl/cuidados/tipo-de-alimentacion-de-las-aves/,Descubre los Tipos de Alimentación de las Aves: Guía Completa para Entender sus Dietas,11359,2
alimentacion del loro,informacional,SI,post,https://avesnativaschilenas.cl/jaulas/para-loros/descubre-el-secreto-para-mantener-la-jaula-de-tu-loro-siempre-limpia-y-fresca/,¡Descubre el secreto para mantener la jaula de tu loro siempre limpia y fresca!,8533,100
alimentacion del pato,informacional,SI/Parcial,post,https://avesnativaschilenas.cl/pato/pato-capuchino-spatula-versicolor/,"Pato Capuchino (Spatula versicolor) en la naturaleza: hábitat, alimentación y curiosidades",3404,2
alimentacion jilguero,informacional,SI/Parcial,post,https://avesnativaschilenas.cl/terrestres/jilguero/,"Jilguero Chileno: cuidados, alimentación y curiosidades",142,2
alimentación del buho,informacional,SI/Parcial,post,https://avesnativaschilenas.cl/gaviotas/guanay/,"Descubre las maravillas del guanay: hábitat, alimentación y características únicas",136,2
alimentador para aves,mixto,SI,post,https://avesnativaschilenas.cl/nidos/transforma-tu-balcon-en-un-refugio-para-aves-descubre-el-alimentador-zxm-iron/,Transforma tu balcón en un refugio para aves: ¡Descubre el alimentador ZXM Iron!,7575,3
alimento para cotorro,mixto,NO,,,,,1
alimento para pajaros,mixto,SI/Parcial,post,https://avesnativaschilenas.cl/jaulas/voladeras/,Voladeras para Aves: Como Elegir la Mejor para tus Pajaros,15277,2
amazona oratrix magna,navegacional,NO,,,,,0
amazonas ochrocephala,navegacional,NO,,,,,0
angel torrez bailarin,mixto,NO,,,,,1
anillos para canarios,mixto,SI,post,https://avesnativaschilenas.cl/jaulas/para-canarios/,Jaulas para Canarios: Guia de Compra para tu Pajaro Cantor,15280,100
apartamentos albatros,mixto,NO,,,,,1
asociacion de pajaros,mixto,SI/Parcial,post,https://avesnativaschilenas.cl/rapaces/lechuza/pajaros-blancos-que-vuelan-de-noche/,5 Fascinantes Pájaros Blancos que Vuelan de Noche,11061,2
ave de muchos colores,mixto,SI/Parcial,post,https://avesnativaschilenas.cl/fardela/fardela-heraldica/,Fardela heráldica: el petrel de tres colores de Rapa Nui,14188,2
ave de rapiña chilena,mixto,SI,post,https://avesnativaschilenas.cl/terrestres/tapaculo-caracteristicas-habitat-y-curiosidades-de-esta-ave-chilena/,"Tapaculo: Caracteristicas, Habitat y Curiosidades de esta Ave Chilena",11839,3
ave de varios colores,mixto,SI/Parcial,post,https://avesnativaschilenas.cl/fardela/fardela-heraldica/,Fardela heráldica: el petrel de tres colores de Rapa Nui,14188,2
ave diamante de gould,mixto,SI/Parcial,post,https://avesnativaschilenas.cl/piqueros/piquero-peruano/,Piquero peruano (Sula variegata): el ave guanera de la corriente de Humboldt,14141,2
ave diamante mandarin,mixto,SI/Parcial,post,https://avesnativaschilenas.cl/cuidados/guia-completa-para-el-cuidado-de-tu-diamante-mandarin-primeros-pasos-esenciales-para-asegurar-su-bienestar/,Guía Completa para el Cuidado de tu Diamante Mandarín: Primeros Pasos Esenciales para Asegurar su Bienestar,7383,2
ave pajaro carpintero,mixto,SI/Parcial,post,https://avesnativaschilenas.cl/rapaces/bailarin/,"Pajaro Bailarín, la Elegante Ave de Rapiña de Chile",1694,2
aves blancas y negras,mixto,SI/Parcial,post,https://avesnativaschilenas.cl/jaulas/nidos-para-aves/,"Nidos para Aves: Tipos, Materiales y Como Elegir el Mejor",15288,2
aves chilenas comunes,mixto,SI/Parcial,post,https://avesnativaschilenas.cl/marina/ave-marina-pico-rojo/,Aves marinas Chilenas con pico rojo​,8857,2
aves chilenas dibujos,mixto,SI/Parcial,post,https://avesnativaschilenas.cl/marina/ave-marina-pico-rojo/,Aves marinas Chilenas con pico rojo​,8857,2
aves ciudad de mexico,mixto,SI/Parcial,post,https://avesnativaschilenas.cl/jaulas/accesorios-para-jaulas/,Accesorios para Jaulas de Aves: Todo lo que Necesitas,15289,2
aves comunes en chile,mixto,SI,post,https://avesnativaschilenas.cl/blog/importancia-de-las-aves-en-chile/,Importancia de las aves en Chile: su rol en los ecosistemas y la conservacion nacional,15082,3
aves de la naturaleza,mixto,SI,post,https://avesnativaschilenas.cl/nidos/descubre-la-magia-de-la-naturaleza-nido-colgante-hecho-a-mano-para-tus-aves-favoritas/,Descubre la magia de la naturaleza: Nido colgante hecho a mano para tus aves favoritas,8184,4
aves de los humedales,mixto,SI,post,https://avesnativaschilenas.cl/blog/importancia-de-las-aves-en-chile/,Importancia de las aves en Chile: su rol en los ecosistemas y la conservacion nacional,15082,3
aves de orilla de mar,mixto,SI/Parcial,post,https://avesnativaschilenas.cl/jaulas/accesorios-para-jaulas/,Accesorios para Jaulas de Aves: Todo lo que Necesitas,15289,2
aves de presa que son,mixto,SI,page,https://avesnativaschilenas.cl/en-peligro-de-extincion/,"Aves en peligro de extinción en Chile: ¿Qué son, por qué importan y cómo salvarlas?",1015,4
aves de todo el mundo,mixto,SI,post,https://avesnativaschilenas.cl/rapaces/excremento-de-las-aves-de-rapina/,El Curioso Mundo del Excremento de las Aves de Rapiña: Más Allá de un Simple Desecho,1903,4
aves domesticas chile,mixto,SI/Parcial,post,https://avesnativaschilenas.cl/blog/importancia-de-las-aves-en-chile/,Importancia de las aves en Chile: su rol en los ecosistemas y la conservacion nacional,15082,2
aves en la naturaleza,mixto,SI,post,https://avesnativaschilenas.cl/blog/cantos-de-aves-chilenas/,El cantos de aves chilenas en la naturaleza,6621,4
aves exóticas comprar,comercial,SI/Parcial,post,https://avesnativaschilenas.cl/nidos/descubre-el-secreto-para-atraer-aves-exoticas-a-tu-jardin-con-estos-nidos-de-madera-irresistibles/,Descubre el secreto para atraer aves exóticas a tu jardín con estos nidos de madera irresistibles!,7788,2
aves los inseparables,mixto,SI,post,https://avesnativaschilenas.cl/jaulas/para-loros/descubre-el-secreto-para-mantener-la-jaula-de-tu-loro-siempre-limpia-y-fresca/,¡Descubre el secreto para mantener la jaula de tu loro siempre limpia y fresca!,8533,100
aves marinas de chile,mixto,SI,post,https://avesnativaschilenas.cl/blog/grupo-de-aves-marinas-al-que-pertenecen-las-gaviotas/,Grupo de aves marinas al que pertenecen las gaviotas: guia de la familia Laridae en Chile,9156,4
aves marinas ejemplos,mixto,SI/Parcial,post,https://avesnativaschilenas.cl/gaviotas/la-vida-secreta-de-las-aves-marinas/,La Vida Secreta de las Aves Marinas: Descubre sus Hábitos y Misterios,11042,2
aves marinas pequeñas,mixto,SI/Parcial,post,https://avesnativaschilenas.cl/gaviotas/la-vida-secreta-de-las-aves-marinas/,La Vida Secreta de las Aves Marinas: Descubre sus Hábitos y Misterios,11042,2
aves marinas peruanas,mixto,SI/Parcial,post,https://avesnativaschilenas.cl/gaviotas/la-vida-secreta-de-las-aves-marinas/,La Vida Secreta de las Aves Marinas: Descubre sus Hábitos y Misterios,11042,2
aves nativas chilenas,mixto,SI,page,https://avesnativaschilenas.cl/ubicacion/,Aves nativas chilenas por ubicación geografica,10852,3
aves pequeñas nombres,mixto,SI/Parcial,post,https://avesnativaschilenas.cl/nidos/descubre-los-8-forros-de-yute-perfectos-para-mimar-a-tus-canarios-y-pequenas-aves/,Descubre los 8 Forros de Yute Perfectos para Mimar a tus Canarios y Pequeñas Aves,8601,2
aves rapaces pequeñas,mixto,SI/Parcial,post,https://avesnativaschilenas.cl/rapaces/falconidae-guia-completa-de-las-aves-rapaces-diurnas/,Falconidae: Guia Completa de las Aves Rapaces Diurnas,11822,2
aves raras y hermosas,mixto,SI/Parcial,post,https://avesnativaschilenas.cl/jaulas/nidos-para-aves/,"Nidos para Aves: Tipos, Materiales y Como Elegir el Mejor",15288,2
aves tierra del fuego,mixto,SI/Parcial,post,https://avesnativaschilenas.cl/rapaces/rapaces-santiago/,Aves Rapaces de Santiago: Guardianes del Cielo y la Biodiversidad,10896,2
avestruz alimentacion,informacional,NO,,,,,1
avestruz precio chile,comercial,NO,,,,,1
aviario para canarios,mixto,SI,post,https://avesnativaschilenas.cl/jaulas/para-canarios/,Jaulas para Canarios: Guia de Compra para tu Pajaro Cantor,15280,100
aviarios para pajaros,mixto,SI,post,https://avesnativaschilenas.cl/jaulas/aviarios/,Aviarios para Aves: Guia Completa para Elegir el Mejor Aviario,15276,100
aviones y golondrinas,mixto,SI/Parcial,post,https://avesnativaschilenas.cl/migratorias/golondrina/,"Descubre todo sobre las golondrinas: características, hábitats y curiosidades",3170,2
bailarin arabe hombre,mixto,NO,,,,,1
bailarin para mujeres,mixto,NO,,,,,1
bailarina tamara rojo,mixto,NO,,,,,1
bailarín ruso nureyev,mixto,NO,,,,,1
bandurria alhambra 3c,mixto,NO,,,,,1
bandurria alhambra 4p,mixto,NO,,,,,1
bandurria javier rojo,mixto,NO,,,,,1
bandurria significado,informacional,SI/Parcial,post,https://avesnativaschilenas.cl/terrestres/bandurria/bandurria-significado-espiritual-caracteristicas-y-habitat/,"Bandurria: Significado Espiritual, Caracteristicas y Habitat",11820,2
bandurria y mandolina,mixto,SI/Parcial,post,https://avesnativaschilenas.cl/terrestres/bandurria/bandurria-significado-espiritual-caracteristicas-y-habitat/,"Bandurria: Significado Espiritual, Caracteristicas y Habitat",11820,2
bebederos de canarios,mixto,SI,post,https://avesnativaschilenas.cl/tienda/comederos/,Los mejores comederos para jaulas de pájaros : guía de compra y recomendaciones,2194,100
bebederos para jaulas,mixto,SI,post,https://avesnativaschilenas.cl/jaulas/accesorios-para-jaulas/,Accesorios para Jaulas de Aves: Todo lo que Necesitas,15289,100
bebederos para ovejas,mixto,SI,post,https://avesnativaschilenas.cl/tienda/comederos/,Los mejores comederos para jaulas de pájaros : guía de compra y recomendaciones,2194,100
bebederos y comederos,mixto,SI,post,https://avesnativaschilenas.cl/tienda/comederos/,Los mejores comederos para jaulas de pájaros : guía de compra y recomendaciones,2194,100
bungalows las palomas,mixto,SI/Parcial,post,https://avesnativaschilenas.cl/cuidados/enfermedades-de-las-palomas-y-limpieza-de-heces/,"Las palomas transmiten enfermedades? Mitos, riesgos reales y limpieza segura",15090,2
buses condor quintero,mixto,NO,,,,,1
buses condor santiago,mixto,NO,,,,,1
cacatua blanca precio,comercial,SI,post,https://avesnativaschilenas.cl/jaulas/para-loros/descubre-el-secreto-para-mantener-la-jaula-de-tu-loro-siempre-limpia-y-fresca/,¡Descubre el secreto para mantener la jaula de tu loro siempre limpia y fresca!,8533,100
cacatúa blanca precio,comercial,SI,post,https://avesnativaschilenas.cl/jaulas/para-loros/descubre-el-secreto-para-mantener-la-jaula-de-tu-loro-siempre-limpia-y-fresca/,¡Descubre el secreto para mantener la jaula de tu loro siempre limpia y fresca!,8533,100
caique cabeza naranja,mixto,NO,,,,,1
caja nido para ninfas,mixto,SI,post,https://avesnativaschilenas.cl/jaulas/para-ninfas/,Jaulas para Ninfas (Cockatiel): Guia de Compra y Medidas Ideales,15285,100
canario giboso precio,comercial,SI,post,https://avesnativaschilenas.cl/jaulas/para-canarios/,Jaulas para Canarios: Guia de Compra para tu Pajaro Cantor,15280,100
canario roller precio,comercial,SI,post,https://avesnativaschilenas.cl/jaulas/para-canarios/,Jaulas para Canarios: Guia de Compra para tu Pajaro Cantor,15280,100
canarios venta online,comercial,SI,post,https://avesnativaschilenas.cl/jaulas/para-canarios/,Jaulas para Canarios: Guia de Compra para tu Pajaro Cantor,15280,100
carne codorniz precio,comercial,SI,post,https://avesnativaschilenas.cl/jaulas/para-gallinas-ponedoras/,Jaulas para Gallinas Ponedoras: Guia de Compra 2026,15281,100
carofil para canarios,mixto,SI,post,https://avesnativaschilenas.cl/jaulas/para-canarios/,Jaulas para Canarios: Guia de Compra para tu Pajaro Cantor,15280,100
casa para golondrinas,mixto,SI/Parcial,post,https://avesnativaschilenas.cl/jaulas/para-agapornis/,Jaulas para Agapornis e Inseparables: La Mejor Casa para tus Lovebirds,15273,2
cebadero para pajaros,mixto,SI/Parcial,post,https://avesnativaschilenas.cl/jaulas/voladeras/,Voladeras para Aves: Como Elegir la Mejor para tus Pajaros,15277,2
cernícalos americanos,mixto,NO,,,,,1
cetreria con halcones,mixto,NO,,,,,1
chucho valdes quartet,mixto,NO,,,,,0
cigueña cargando bebe,mixto,NO,,,,,1
cigueña trayendo bebe,mixto,NO,,,,,1
clases de patos fotos,mixto,SI/Parcial,post,https://avesnativaschilenas.cl/acuaticas/patos-chilenos/,"Patos de Chile: Tipos, Especies y Guia de Identificacion",15251,2
clases de tordos aves,mixto,SI/Parcial,post,https://avesnativaschilenas.cl/jaulas/accesorios-para-jaulas/,Accesorios para Jaulas de Aves: Todo lo que Necesitas,15289,2
codornices a la venta,comercial,SI,post,https://avesnativaschilenas.cl/jaulas/para-gallinas-ponedoras/,Jaulas para Gallinas Ponedoras: Guia de Compra 2026,15281,100
codornices americanas,mixto,SI,post,https://avesnativaschilenas.cl/jaulas/para-gallinas-ponedoras/,Jaulas para Gallinas Ponedoras: Guia de Compra 2026,15281,100
codornices confitadas,mixto,SI,post,https://avesnativaschilenas.cl/jaulas/para-gallinas-ponedoras/,Jaulas para Gallinas Ponedoras: Guia de Compra 2026,15281,100
codornices congeladas,mixto,SI,post,https://avesnativaschilenas.cl/jaulas/para-gallinas-ponedoras/,Jaulas para Gallinas Ponedoras: Guia de Compra 2026,15281,100
codornices de postura,mixto,SI,post,https://avesnativaschilenas.cl/jaulas/para-gallinas-ponedoras/,Jaulas para Gallinas Ponedoras: Guia de Compra 2026,15281,100
codornices para carne,mixto,SI,post,https://avesnativaschilenas.cl/jaulas/para-gallinas-ponedoras/,Jaulas para Gallinas Ponedoras: Guia de Compra 2026,15281,100
codornices para comer,mixto,SI,post,https://avesnativaschilenas.cl/jaulas/para-gallinas-ponedoras/,Jaulas para Gallinas Ponedoras: Guia de Compra 2026,15281,100
codornices preparadas,mixto,SI,post,https://avesnativaschilenas.cl/jaulas/para-gallinas-ponedoras/,Jaulas para Gallinas Ponedoras: Guia de Compra 2026,15281,100
codornices silvestres,mixto,SI,post,https://avesnativaschilenas.cl/jaulas/para-gallinas-ponedoras/,Jaulas para Gallinas Ponedoras: Guia de Compra 2026,15281,100
codorniz china hembra,mixto,SI,post,https://avesnativaschilenas.cl/jaulas/para-gallinas-ponedoras/,Jaulas para Gallinas Ponedoras: Guia de Compra 2026,15281,100
codorniz china huevos,mixto,SI,post,https://avesnativaschilenas.cl/jaulas/para-gallinas-ponedoras/,Jaulas para Gallinas Ponedoras: Guia de Compra 2026,15281,100
codorniz china precio,comercial,SI,post,https://avesnativaschilenas.cl/jaulas/para-gallinas-ponedoras/,Jaulas para Gallinas Ponedoras: Guia de Compra 2026,15281,100
codorniz macho precio,comercial,SI,post,https://avesnativaschilenas.cl/jaulas/para-gallinas-ponedoras/,Jaulas para Gallinas Ponedoras: Guia de Compra 2026,15281,100
colibri bebe cuidados,informacional,SI/Parcial,post,https://avesnativaschilenas.cl/cuidados/que-se-le-puede-dar-a-una-torcaza-bebe/,que se le puede dar a una torcaza bebe,9419,2
colibri cola espatula,mixto,NO,,,,,1
colibri cuello blanco,mixto,NO,,,,,1
colibri de plastilina,mixto,SI/Parcial,post,https://avesnativaschilenas.cl/picaflor/significado-espiritual-del-colibri-y-tatuajes-de-picaflor/,Significado espiritual del colibrí y tatuajes de picaflor: simbolismo y creencias,14221,2
colibri en cautiverio,mixto,NO,,,,,1
colibri en la ventana,comercial,SI/Parcial,post,https://avesnativaschilenas.cl/blog/importancia-de-las-aves-en-chile/,Importancia de las aves en Chile: su rol en los ecosistemas y la conservacion nacional,15082,2
colibri en mi ventana,comercial,SI/Parcial,post,https://avesnativaschilenas.cl/uncategorized/como-transforme-mi-jardin-en-un-refugio-para-aves-y-tu-tambien-puedes/,Cómo Atraer Pájaros a tu Jardín con Nidos Colgantes: La Guía Completa para Crear un Paraíso Aviar,11064,2
colibri para imprimir,mixto,SI/Parcial,post,https://avesnativaschilenas.cl/nidos/descubre-el-encantador-juego-de-nidos-de-colibri-yardwe-para-atraer-aves-a-tu-jardin/,¡Descubre el encantador juego de nidos de colibrí Yardwe para atraer aves a tu jardín!,7486,2
colibri png sin fondo,mixto,NO,,,,,1
colibri siete colores,mixto,NO,,,,,1
colibríes y mariposas,mixto,SI/Parcial,post,https://avesnativaschilenas.cl/nidos/descubre-el-nido-perfecto-para-tus-aves-la-casa-tejida-a-mano-que-encantara-a-colibries-y-loros/,¡Descubre el nido perfecto para tus aves! La casa tejida a mano que encantará a colibríes y loros.,7672,2
colores de periquitos,mixto,SI,post,https://avesnativaschilenas.cl/jaulas/para-periquitos/,Jaulas para Periquitos: Guia de Compra Completa 2026,15284,100
comedero de gorriones,mixto,SI,post,https://avesnativaschilenas.cl/tienda/comederos/,Los mejores comederos para jaulas de pájaros : guía de compra y recomendaciones,2194,100
comedero para colibrí,mixto,SI,post,https://avesnativaschilenas.cl/tienda/comederos/,Los mejores comederos para jaulas de pájaros : guía de compra y recomendaciones,2194,100
comedero para pericos,mixto,SI,post,https://avesnativaschilenas.cl/tienda/comederos/,Los mejores comederos para jaulas de pájaros : guía de compra y recomendaciones,2194,100
comederos para gallos,mixto,SI,post,https://avesnativaschilenas.cl/tienda/comederos/,Los mejores comederos para jaulas de pájaros : guía de compra y recomendaciones,2194,100
comederos para jaulas,mixto,SI,post,https://avesnativaschilenas.cl/jaulas/accesorios-para-jaulas/,Accesorios para Jaulas de Aves: Todo lo que Necesitas,15289,100
comida de los pajaros,mixto,SI,post,https://avesnativaschilenas.cl/redes/descubre-como-esta-red-verde-de-4x10m-protege-tus-plantas-y-frutas-de-los-pajaros-imperdible/,Descubre cómo esta red verde de 4x10m protege tus plantas y frutas de los pájaros ¡Imperdible!,8502,3
comida para agapòrnis,mixto,SI,post,https://avesnativaschilenas.cl/jaulas/para-loros/descubre-el-secreto-para-mantener-la-jaula-de-tu-loro-siempre-limpia-y-fresca/,¡Descubre el secreto para mantener la jaula de tu loro siempre limpia y fresca!,8533,100
como hacer codornices,informacional,SI,post,https://avesnativaschilenas.cl/jaulas/para-gallinas-ponedoras/,Jaulas para Gallinas Ponedoras: Guia de Compra 2026,15281,100
como son las gaviotas,informacional,SI/Parcial,post,https://avesnativaschilenas.cl/migratorias/paloma/las-palomas-son-omnivoras/,¿Las Palomas Son Omnívoras? Descubre Su Dieta Variada y Saludable,11355,2
como son las lechuzas,informacional,SI/Parcial,post,https://avesnativaschilenas.cl/rapaces/lechuza/las-lechuzas-traen-buena-suerte-simbolismo/,"Las lechuzas y buhos traen buena suerte? Simbolismo, mitos y realidad",15121,2
complejo los albatros,mixto,SI/Parcial,post,https://avesnativaschilenas.cl/albatro/albatros-errante/,"Descubre los secretos del albatros errante: características, hábitat y curiosidades",466,2
complemento para aves,mixto,SI/Parcial,post,https://avesnativaschilenas.cl/jaulas/accesorios-para-jaulas/,Accesorios para Jaulas de Aves: Todo lo que Necesitas,15289,2
comprar aves exoticas,comercial,SI/Parcial,post,https://avesnativaschilenas.cl/nidos/descubre-el-secreto-para-atraer-aves-exoticas-a-tu-jardin-con-estos-nidos-de-madera-irresistibles/,Descubre el secreto para atraer aves exóticas a tu jardín con estos nidos de madera irresistibles!,7788,2
comprar cacatua ninfa,comercial,SI,post,https://avesnativaschilenas.cl/jaulas/para-loros/descubre-el-secreto-para-mantener-la-jaula-de-tu-loro-siempre-limpia-y-fresca/,¡Descubre el secreto para mantener la jaula de tu loro siempre limpia y fresca!,8533,100
con con aves de chile,mixto,SI,post,https://avesnativaschilenas.cl/blog/importancia-de-las-aves-en-chile/,Importancia de las aves en Chile: su rol en los ecosistemas y la conservacion nacional,15082,3
condor andino habitat,informacional,SI,post,https://avesnativaschilenas.cl/rapaces/condor-andino-caracteristicas-habitat-y-donde-verlo-en-chile/,"Condor Andino: Caracteristicas, Habitat y Donde Verlo en Chile",11832,3
condor andino medidas,mixto,SI/Parcial,post,https://avesnativaschilenas.cl/rapaces/condor-andino-caracteristicas-habitat-y-donde-verlo-en-chile/,"Condor Andino: Caracteristicas, Habitat y Donde Verlo en Chile",11832,2
condor andino resumen,mixto,SI/Parcial,post,https://avesnativaschilenas.cl/rapaces/condor-andino-caracteristicas-habitat-y-donde-verlo-en-chile/,"Condor Andino: Caracteristicas, Habitat y Donde Verlo en Chile",11832,2
condor bus valparaiso,mixto,NO,,,,,1
conjunto las gaviotas,mixto,SI/Parcial,post,https://avesnativaschilenas.cl/gaviotas/la-vida-secreta-de-las-aves-marinas/,La Vida Secreta de las Aves Marinas: Descubre sus Hábitos y Misterios,11042,2
cormoran apartamentos,mixto,NO,,,,,1
cosas sobre los loros,mixto,SI,post,https://avesnativaschilenas.cl/jaulas/para-loros/descubre-el-secreto-para-mantener-la-jaula-de-tu-loro-siempre-limpia-y-fresca/,¡Descubre el secreto para mantener la jaula de tu loro siempre limpia y fresca!,8533,100
cotorra de pecho gris,mixto,SI,post,https://avesnativaschilenas.cl/jaulas/para-loros/descubre-el-secreto-para-mantener-la-jaula-de-tu-loro-siempre-limpia-y-fresca/,¡Descubre el secreto para mantener la jaula de tu loro siempre limpia y fresca!,8533,100
cotorra de sol precio,comercial,SI,post,https://avesnativaschilenas.cl/jaulas/para-loros/descubre-el-secreto-para-mantener-la-jaula-de-tu-loro-siempre-limpia-y-fresca/,¡Descubre el secreto para mantener la jaula de tu loro siempre limpia y fresca!,8533,100
cotorra kramer precio,comercial,SI,post,https://avesnativaschilenas.cl/jaulas/para-loros/descubre-el-secreto-para-mantener-la-jaula-de-tu-loro-siempre-limpia-y-fresca/,¡Descubre el secreto para mantener la jaula de tu loro siempre limpia y fresca!,8533,100
cotorra mejilla verde,mixto,SI,post,https://avesnativaschilenas.cl/jaulas/para-loros/descubre-el-secreto-para-mantener-la-jaula-de-tu-loro-siempre-limpia-y-fresca/,¡Descubre el secreto para mantener la jaula de tu loro siempre limpia y fresca!,8533,100
cotorra nanday precio,comercial,SI,post,https://avesnativaschilenas.cl/jaulas/para-loros/descubre-el-secreto-para-mantener-la-jaula-de-tu-loro-siempre-limpia-y-fresca/,¡Descubre el secreto para mantener la jaula de tu loro siempre limpia y fresca!,8533,100
cotorra pyrrhura piña,mixto,SI,post,https://avesnativaschilenas.cl/jaulas/para-loros/descubre-el-secreto-para-mantener-la-jaula-de-tu-loro-siempre-limpia-y-fresca/,¡Descubre el secreto para mantener la jaula de tu loro siempre limpia y fresca!,8533,100
cotorra quaker precio,comercial,SI,post,https://avesnativaschilenas.cl/jaulas/para-loros/descubre-el-secreto-para-mantener-la-jaula-de-tu-loro-siempre-limpia-y-fresca/,¡Descubre el secreto para mantener la jaula de tu loro siempre limpia y fresca!,8533,100
cotorra recien nacida,mixto,SI,post,https://avesnativaschilenas.cl/jaulas/para-loros/descubre-el-secreto-para-mantener-la-jaula-de-tu-loro-siempre-limpia-y-fresca/,¡Descubre el secreto para mantener la jaula de tu loro siempre limpia y fresca!,8533,100
cotorras de argentina,mixto,SI,post,https://avesnativaschilenas.cl/jaulas/para-loros/descubre-el-secreto-para-mantener-la-jaula-de-tu-loro-siempre-limpia-y-fresca/,¡Descubre el secreto para mantener la jaula de tu loro siempre limpia y fresca!,8533,100
cotorras quaker bebés,mixto,SI,post,https://avesnativaschilenas.cl/jaulas/para-loros/descubre-el-secreto-para-mantener-la-jaula-de-tu-loro-siempre-limpia-y-fresca/,¡Descubre el secreto para mantener la jaula de tu loro siempre limpia y fresca!,8533,100
cotorritas de colores,mixto,SI/Parcial,post,https://avesnativaschilenas.cl/fardela/fardela-heraldica/,Fardela heráldica: el petrel de tres colores de Rapa Nui,14188,2
cotorritos de colores,mixto,SI/Parcial,post,https://avesnativaschilenas.cl/fardela/fardela-heraldica/,Fardela heráldica: el petrel de tres colores de Rapa Nui,14188,2
cria de aves exoticas,mixto,SI,post,https://avesnativaschilenas.cl/nidos/descubre-el-nido-de-cria-perfecto-para-tus-aves-karlie-nistkasten-de-madera-natural/,¡Descubre el Nido de Cría Perfecto para Tus Aves! Karlie Nistkasten de Madera Natural,8284,3
criadero de agapornis,mixto,SI,post,https://avesnativaschilenas.cl/jaulas/para-loros/descubre-el-secreto-para-mantener-la-jaula-de-tu-loro-siempre-limpia-y-fresca/,¡Descubre el secreto para mantener la jaula de tu loro siempre limpia y fresca!,8533,100
criadero pavos reales,mixto,NO,,,,,1
cuanto pesa un aguila,mixto,SI,post,https://avesnativaschilenas.cl/aguilas/cuanto-mide-un-aguila-real-con-las-alas-abiertas/,Cuanto mide un aguila real con las alas abiertas,9362,3
cuervo mascota precio,comercial,NO,,,,,1
cuervo norteamericano,mixto,NO,,,,,1
cuervo precio mascota,comercial,NO,,,,,1
cuidados del jilguero,informacional,SI,post,https://avesnativaschilenas.cl/jilguero/cuidados-del-jilguero-en-cautividad/,Cuidados del Jilguero en Cautividad: Guía Completa para su Bienestar,11054,3
cóndor andino hábitat,informacional,SI,post,https://avesnativaschilenas.cl/rapaces/condor-andino-caracteristicas-habitat-y-donde-verlo-en-chile/,"Condor Andino: Caracteristicas, Habitat y Donde Verlo en Chile",11832,3
de donde es el condor,informacional,SI,post,https://avesnativaschilenas.cl/rapaces/porque-el-condor-es-el-ave-nacional-de-colombia/,porque el condor es el ave nacional de colombia,9444,4
diamante gould pajaro,mixto,NO,,,,,1
diamante mandarin ave,mixto,SI/Parcial,post,https://avesnativaschilenas.cl/cuidados/guia-completa-para-el-cuidado-de-tu-diamante-mandarin-primeros-pasos-esenciales-para-asegurar-su-bienestar/,Guía Completa para el Cuidado de tu Diamante Mandarín: Primeros Pasos Esenciales para Asegurar su Bienestar,7383,2
diamante mandarin pio,mixto,SI/Parcial,post,https://avesnativaschilenas.cl/cuidados/guia-completa-para-el-cuidado-de-tu-diamante-mandarin-primeros-pasos-esenciales-para-asegurar-su-bienestar/,Guía Completa para el Cuidado de tu Diamante Mandarín: Primeros Pasos Esenciales para Asegurar su Bienestar,7383,2
dije buho significado,informacional,SI/Parcial,post,https://avesnativaschilenas.cl/rapaces/lechuza/significado-de-ver-un-buho-blanco-en-la-noche/,significado de ver un buho blanco en la noche,9442,2
el aguila y la biblia,mixto,SI,post,https://avesnativaschilenas.cl/aguilas/caracteristicas-de-las-aguilas-segun-la-biblia/,El Aguila en la Biblia: significado espiritual y versiculos clave,1857,5
el colibri en el amor,mixto,SI/Parcial,post,https://avesnativaschilenas.cl/fardela/fardela-de-phoenix/,Fardela de Phoenix: el petrel blanquinegro en peligro de extinción,14189,2
el condor de colombia,mixto,SI,post,https://avesnativaschilenas.cl/rapaces/porque-el-condor-es-el-ave-nacional-de-colombia/,porque el condor es el ave nacional de colombia,9444,4
el pajaro mas hermoso,mixto,SI/Parcial,post,https://avesnativaschilenas.cl/jaulas/transportines-para-aves/,Transportines para Aves: Como Elegir el Mejor para Viajar con tu Pajaro,15286,2
el perico australiano,mixto,SI,post,https://avesnativaschilenas.cl/jaulas/para-periquitos/,Jaulas para Periquitos: Guia de Compra Completa 2026,15284,100
especie de ave marina,mixto,SI,post,https://avesnativaschilenas.cl/marina/ave-marina-que-escoge-pareja-para-toda-la-vida/,La fidelidad en las aves marinas: ¿por qué muchas especies eligen una sola pareja de por vida?,8852,3
especies aves marinas,informacional,SI,post,https://avesnativaschilenas.cl/marina/ave-marina-que-escoge-pareja-para-toda-la-vida/,La fidelidad en las aves marinas: ¿por qué muchas especies eligen una sola pareja de por vida?,8852,3
especies de pavo real,informacional,SI,post,https://avesnativaschilenas.cl/blog/el-pavo-real-esta-en-peligro-de-extincion/,El Pavo Real en Peligro de Extinción: Todo lo que Necesitas Saber para Protegerlo,9999,3
excremento de pajaros,mixto,SI/Parcial,post,https://avesnativaschilenas.cl/rapaces/excremento-de-aves-de-rapina-como-identificarlo-y-que-significa/,Excremento de Aves de Rapina: Como Identificarlo y Que Significa,11819,2
faisan dorado volando,mixto,NO,,,,,1
faisanes ornamentales,mixto,NO,,,,,1
flor picaflor colibrí,mixto,SI/Parcial,post,https://avesnativaschilenas.cl/picaflor/significado-espiritual-del-colibri-y-tatuajes-de-picaflor/,Significado espiritual del colibrí y tatuajes de picaflor: simbolismo y creencias,14221,2
foto pavo real hembra,mixto,SI,post,https://avesnativaschilenas.cl/terrestres/pavo-real-diferencias-entre-macho-y-hembra-fotos/,Pavo Real: Diferencias entre Macho y Hembra + Fotos,11823,3
fotografia de pajaros,mixto,SI/Parcial,post,https://avesnativaschilenas.cl/rapaces/lechuza/pajaros-blancos-que-vuelan-de-noche/,5 Fascinantes Pájaros Blancos que Vuelan de Noche,11061,2
fotos de aves bonitas,mixto,SI/Parcial,post,https://avesnativaschilenas.cl/jaulas/accesorios-para-jaulas/,Accesorios para Jaulas de Aves: Todo lo que Necesitas,15289,2
fotos de aves grandes,mixto,SI,post,https://avesnativaschilenas.cl/jaulas/grandes/descubre-la-elegante-jaula-liuands-el-hogar-perfecto-y-espacioso-para-la-salud-de-tus-aves/,Descubre la elegante jaula LIUANDS: ¡el hogar perfecto y espacioso para la salud de tus aves!,7741,3
fotos de aves marinas,mixto,SI,post,https://avesnativaschilenas.cl/gaviotas/la-vida-secreta-de-las-aves-marinas/,La Vida Secreta de las Aves Marinas: Descubre sus Hábitos y Misterios,11042,3
fotos de aves rapaces,mixto,SI,post,https://avesnativaschilenas.cl/rapaces/falconidae-guia-completa-de-las-aves-rapaces-diurnas/,Falconidae: Guia Completa de las Aves Rapaces Diurnas,11822,3
fotos de un periquito,mixto,SI,post,https://avesnativaschilenas.cl/jaulas/para-periquitos/,Jaulas para Periquitos: Guia de Compra Completa 2026,15284,100
fundación julio bocca,mixto,SI,post,https://avesnativaschilenas.cl/jaulas/accesorios-para-jaulas/,Accesorios para Jaulas de Aves: Todo lo que Necesitas,15289,100
gallo criollo gigante,mixto,SI,post,https://avesnativaschilenas.cl/jaulas/para-gallinas-ponedoras/,Jaulas para Gallinas Ponedoras: Guia de Compra 2026,15281,100
gallo pinta asturiana,mixto,SI,post,https://avesnativaschilenas.cl/jaulas/para-gallinas-ponedoras/,Jaulas para Gallinas Ponedoras: Guia de Compra 2026,15281,100
golondrina de colores,mixto,SI/Parcial,post,https://avesnativaschilenas.cl/fardela/fardela-heraldica/,Fardela heráldica: el petrel de tres colores de Rapa Nui,14188,2
golondrina transporte,mixto,NO,,,,,1
golondrinas primavera,mixto,NO,,,,,1
golondrinas y aviones,mixto,SI/Parcial,post,https://avesnativaschilenas.cl/migratorias/golondrina/,"Descubre todo sobre las golondrinas: características, hábitats y curiosidades",3170,2
golosinas para ninfas,mixto,SI,post,https://avesnativaschilenas.cl/jaulas/para-ninfas/,Jaulas para Ninfas (Cockatiel): Guia de Compra y Medidas Ideales,15285,100
guia aves de colombia,mixto,SI,post,https://avesnativaschilenas.cl/marina/aves-de-isla-de-pascua-rapa-nui/,"Aves de Isla de Pascua (Rapa Nui): guía completa de especies, cultura y conservación",14225,3
guia de aves colombia,mixto,SI,post,https://avesnativaschilenas.cl/marina/aves-de-isla-de-pascua-rapa-nui/,"Aves de Isla de Pascua (Rapa Nui): guía completa de especies, cultura y conservación",14225,3
guia de aves del peru,mixto,SI,post,https://avesnativaschilenas.cl/ubicacion/aves-del-maule/,Aves del Maule: guía completa para los amantes de la ornitología,2093,4
guia de aves svensson,mixto,SI,post,https://avesnativaschilenas.cl/marina/aves-de-isla-de-pascua-rapa-nui/,"Aves de Isla de Pascua (Rapa Nui): guía completa de especies, cultura y conservación",14225,3
guia de campo de aves,mixto,SI,post,https://avesnativaschilenas.cl/marina/aves-de-isla-de-pascua-rapa-nui/,"Aves de Isla de Pascua (Rapa Nui): guía completa de especies, cultura y conservación",14225,3
habitat del pavo real,informacional,SI,post,https://avesnativaschilenas.cl/blog/de-que-esta-cubierta-la-piel-del-pavo-real/,de qué está cubierta la piel del pavo real,9402,3
hosteria las gaviotas,mixto,SI/Parcial,post,https://avesnativaschilenas.cl/gaviotas/la-vida-secreta-de-las-aves-marinas/,La Vida Secreta de las Aves Marinas: Descubre sus Hábitos y Misterios,11042,2
huevos codorniz china,mixto,SI,post,https://avesnativaschilenas.cl/jaulas/para-gallinas-ponedoras/,Jaulas para Gallinas Ponedoras: Guia de Compra 2026,15281,100
huevos de mirlo color,mixto,SI,post,https://avesnativaschilenas.cl/cuidados/de-que-color-son-los-huevos-de-pavo-real/,de que color son los huevos de pavo real,9364,3
huevos de pavorreales,mixto,SI/Parcial,post,https://avesnativaschilenas.cl/cuidados/de-que-color-son-los-huevos-de-pavo-real/,de que color son los huevos de pavo real,9364,2
imagenes de un pájaro,mixto,SI,post,https://avesnativaschilenas.cl/blog/que-significa-la-visita-de-un-pajaro-gris-presagio-y-significado-espiritual/,Que Significa la Visita de un Pajaro Gris? Presagio y Significado Espiritual,11826,3
imágenes de los loros,mixto,SI,post,https://avesnativaschilenas.cl/jaulas/para-loros/descubre-el-secreto-para-mantener-la-jaula-de-tu-loro-siempre-limpia-y-fresca/,¡Descubre el secreto para mantener la jaula de tu loro siempre limpia y fresca!,8533,100
incubadora para loros,mixto,SI,post,https://avesnativaschilenas.cl/jaulas/para-loros/descubre-el-secreto-para-mantener-la-jaula-de-tu-loro-siempre-limpia-y-fresca/,¡Descubre el secreto para mantener la jaula de tu loro siempre limpia y fresca!,8533,100
información del tucán,informacional,NO,,,,,1
jardin para colibries,mixto,SI,post,https://avesnativaschilenas.cl/nidos/transforma-tu-jardin-en-un-paraiso-para-colibries-con-nuestro-increible-kit-de-nidos/,¡Transforma tu jardín en un paraíso para colibríes con nuestro increíble kit de nidos!,8246,3
jaula anti cernícalos,mixto,SI,post,https://avesnativaschilenas.cl/jaulas/accesorios-para-jaulas/,Accesorios para Jaulas de Aves: Todo lo que Necesitas,15289,100
jaula baratas pajaros,comercial,SI,post,https://avesnativaschilenas.cl/jaulas/accesorios-para-jaulas/,Accesorios para Jaulas de Aves: Todo lo que Necesitas,15289,100
jaula canario con pie,mixto,SI,post,https://avesnativaschilenas.cl/jaulas/accesorios-para-jaulas/,Accesorios para Jaulas de Aves: Todo lo que Necesitas,15289,100
jaula canarios grande,mixto,SI,post,https://avesnativaschilenas.cl/jaulas/accesorios-para-jaulas/,Accesorios para Jaulas de Aves: Todo lo que Necesitas,15289,100
jaula canarios madera,mixto,SI,post,https://avesnativaschilenas.cl/jaulas/accesorios-para-jaulas/,Accesorios para Jaulas de Aves: Todo lo que Necesitas,15289,100
jaula captura palomas,mixto,SI,post,https://avesnativaschilenas.cl/jaulas/accesorios-para-jaulas/,Accesorios para Jaulas de Aves: Todo lo que Necesitas,15289,100
jaula codorniz casera,mixto,SI,post,https://avesnativaschilenas.cl/jaulas/accesorios-para-jaulas/,Accesorios para Jaulas de Aves: Todo lo que Necesitas,15289,100
jaula cria codornices,mixto,SI,post,https://avesnativaschilenas.cl/jaulas/accesorios-para-jaulas/,Accesorios para Jaulas de Aves: Todo lo que Necesitas,15289,100
jaula cria de conejos,mixto,SI,post,https://avesnativaschilenas.cl/jaulas/accesorios-para-jaulas/,Accesorios para Jaulas de Aves: Todo lo que Necesitas,15289,100
jaula de hierro weber,mixto,SI,post,https://avesnativaschilenas.cl/jaulas/accesorios-para-jaulas/,Accesorios para Jaulas de Aves: Todo lo que Necesitas,15289,100
jaula de huron precio,comercial,SI,post,https://avesnativaschilenas.cl/jaulas/accesorios-para-jaulas/,Accesorios para Jaulas de Aves: Todo lo que Necesitas,15289,100
jaula de inseparables,mixto,SI,post,https://avesnativaschilenas.cl/jaulas/accesorios-para-jaulas/,Accesorios para Jaulas de Aves: Todo lo que Necesitas,15289,100
jaula de segunda mano,comercial,SI,post,https://avesnativaschilenas.cl/jaulas/accesorios-para-jaulas/,Accesorios para Jaulas de Aves: Todo lo que Necesitas,15289,100
jaula gallinas copele,mixto,SI,post,https://avesnativaschilenas.cl/jaulas/accesorios-para-jaulas/,Accesorios para Jaulas de Aves: Todo lo que Necesitas,15289,100
jaula mediana pajaros,mixto,SI,post,https://avesnativaschilenas.cl/jaulas/accesorios-para-jaulas/,Accesorios para Jaulas de Aves: Todo lo que Necesitas,15289,100
jaula metalica grande,mixto,SI,post,https://avesnativaschilenas.cl/jaulas/accesorios-para-jaulas/,Accesorios para Jaulas de Aves: Todo lo que Necesitas,15289,100
jaula pajarera grande,mixto,SI,post,https://avesnativaschilenas.cl/jaulas/accesorios-para-jaulas/,Accesorios para Jaulas de Aves: Todo lo que Necesitas,15289,100
jaula pajaros mediana,mixto,SI,post,https://avesnativaschilenas.cl/jaulas/accesorios-para-jaulas/,Accesorios para Jaulas de Aves: Todo lo que Necesitas,15289,100
jaula pajaros redonda,mixto,SI,post,https://avesnativaschilenas.cl/jaulas/accesorios-para-jaulas/,Accesorios para Jaulas de Aves: Todo lo que Necesitas,15289,100
jaula para cocotillas,mixto,SI,post,https://avesnativaschilenas.cl/jaulas/accesorios-para-jaulas/,Accesorios para Jaulas de Aves: Todo lo que Necesitas,15289,100
jaula para cotorritos,mixto,SI,post,https://avesnativaschilenas.cl/jaulas/accesorios-para-jaulas/,Accesorios para Jaulas de Aves: Todo lo que Necesitas,15289,100
jaula para cuy grande,mixto,SI,post,https://avesnativaschilenas.cl/jaulas/accesorios-para-jaulas/,Accesorios para Jaulas de Aves: Todo lo que Necesitas,15289,100
jaula para loro usada,comercial,SI,post,https://avesnativaschilenas.cl/jaulas/accesorios-para-jaulas/,Accesorios para Jaulas de Aves: Todo lo que Necesitas,15289,100
jaula para papilleros,mixto,SI,post,https://avesnativaschilenas.cl/jaulas/accesorios-para-jaulas/,Accesorios para Jaulas de Aves: Todo lo que Necesitas,15289,100
jaula para reina mora,mixto,SI,post,https://avesnativaschilenas.cl/jaulas/accesorios-para-jaulas/,Accesorios para Jaulas de Aves: Todo lo que Necesitas,15289,100
jaula para serpientes,mixto,SI,post,https://avesnativaschilenas.cl/jaulas/accesorios-para-jaulas/,Accesorios para Jaulas de Aves: Todo lo que Necesitas,15289,100
jaula pequeña canario,mixto,SI,post,https://avesnativaschilenas.cl/jaulas/accesorios-para-jaulas/,Accesorios para Jaulas de Aves: Todo lo que Necesitas,15289,100
jaula perdices copele,mixto,SI,post,https://avesnativaschilenas.cl/jaulas/accesorios-para-jaulas/,Accesorios para Jaulas de Aves: Todo lo que Necesitas,15289,100
jaula trampa jilguero,mixto,SI,post,https://avesnativaschilenas.cl/jaulas/accesorios-para-jaulas/,Accesorios para Jaulas de Aves: Todo lo que Necesitas,15289,100
jaula transporte aves,mixto,SI,post,https://avesnativaschilenas.cl/jaulas/accesorios-para-jaulas/,Accesorios para Jaulas de Aves: Todo lo que Necesitas,15289,100
jaula voladera grande,mixto,SI,post,https://avesnativaschilenas.cl/jaulas/accesorios-para-jaulas/,Accesorios para Jaulas de Aves: Todo lo que Necesitas,15289,100
jaulas copele precios,comercial,SI,post,https://avesnativaschilenas.cl/jaulas/accesorios-para-jaulas/,Accesorios para Jaulas de Aves: Todo lo que Necesitas,15289,100
jaulas para agapòrnis,mixto,SI,post,https://avesnativaschilenas.cl/jaulas/accesorios-para-jaulas/,Accesorios para Jaulas de Aves: Todo lo que Necesitas,15289,100
jaulas para colibríes,mixto,SI,post,https://avesnativaschilenas.cl/jaulas/accesorios-para-jaulas/,Accesorios para Jaulas de Aves: Todo lo que Necesitas,15289,100
jaulas para gorriones,mixto,SI,post,https://avesnativaschilenas.cl/jaulas/accesorios-para-jaulas/,Accesorios para Jaulas de Aves: Todo lo que Necesitas,15289,100
jaulas para guacamaya,mixto,SI,post,https://avesnativaschilenas.cl/jaulas/accesorios-para-jaulas/,Accesorios para Jaulas de Aves: Todo lo que Necesitas,15289,100
jaulas para papagayos,mixto,SI,post,https://avesnativaschilenas.cl/jaulas/accesorios-para-jaulas/,Accesorios para Jaulas de Aves: Todo lo que Necesitas,15289,100
jaulas para periquito,mixto,SI,post,https://avesnativaschilenas.cl/jaulas/accesorios-para-jaulas/,Accesorios para Jaulas de Aves: Todo lo que Necesitas,15289,100
jaulas para reciclaje,mixto,SI,post,https://avesnativaschilenas.cl/jaulas/accesorios-para-jaulas/,Accesorios para Jaulas de Aves: Todo lo que Necesitas,15289,100
jaulas trampa palomas,mixto,SI,post,https://avesnativaschilenas.cl/jaulas/accesorios-para-jaulas/,Accesorios para Jaulas de Aves: Todo lo que Necesitas,15289,100
jaulones para pajaros,mixto,SI/Parcial,post,https://avesnativaschilenas.cl/jaulas/voladeras/,Voladeras para Aves: Como Elegir la Mejor para tus Pajaros,15277,2
jaulones para palomas,mixto,SI/Parcial,post,https://avesnativaschilenas.cl/jaulas/portatiles/descubre-la-jaula-plegable-perfecta-para-tus-mascotas-ideal-para-viajar-con-palomas-y-conejos/,Descubre la jaula plegable perfecta para tus mascotas: ¡ideal para viajar con palomas y conejos!,8605,2
juguetes para pajaros,mixto,SI,post,https://avesnativaschilenas.cl/jaulas/accesorios-para-jaulas/,Accesorios para Jaulas de Aves: Todo lo que Necesitas,15289,100
la cola del pavo real,mixto,SI,post,https://avesnativaschilenas.cl/blog/de-que-esta-cubierta-la-piel-del-pavo-real/,de qué está cubierta la piel del pavo real,9402,4
las aves mas hermosas,mixto,SI,post,https://avesnativaschilenas.cl/libros/descubre-las-100-aves-mas-sorprendentes-de-chile-tu-guia-definitiva/,Descubre las 100 aves más sorprendentes de Chile: ¡tu guía definitiva!,7120,3
las gaviotas coquimbo,mixto,SI/Parcial,post,https://avesnativaschilenas.cl/gaviotas/la-vida-secreta-de-las-aves-marinas/,La Vida Secreta de las Aves Marinas: Descubre sus Hábitos y Misterios,11042,2
las gaviotas mar azul,mixto,SI,post,https://avesnativaschilenas.cl/gaviotas/historia-cultural-de-las-gaviotas-simbolos-de-libertad-y-mar/,Historia Cultural de las Gaviotas: Símbolos de Libertad y Mar,9747,3
las palomas comen pan,mixto,SI/Parcial,post,https://avesnativaschilenas.cl/cuidados/enfermedades-de-las-palomas-y-limpieza-de-heces/,"Las palomas transmiten enfermedades? Mitos, riesgos reales y limpieza segura",15090,2
lechuza blanca grande,mixto,SI/Parcial,post,https://avesnativaschilenas.cl/rapaces/lechuza/significado-de-ver-una-lechuza-blanca-en-la-noche/,significado de ver una lechuza blanca en la noche,9451,2
lechuza grande blanca,mixto,SI/Parcial,post,https://avesnativaschilenas.cl/rapaces/lechuza/significado-de-ver-una-lechuza-blanca-en-la-noche/,significado de ver una lechuza blanca en la noche,9451,2
loro amazona farinosa,navegacional,SI,post,https://avesnativaschilenas.cl/jaulas/para-loros/descubre-el-secreto-para-mantener-la-jaula-de-tu-loro-siempre-limpia-y-fresca/,¡Descubre el secreto para mantener la jaula de tu loro siempre limpia y fresca!,8533,100
loro amazonas oratrix,navegacional,SI,post,https://avesnativaschilenas.cl/jaulas/para-loros/descubre-el-secreto-para-mantener-la-jaula-de-tu-loro-siempre-limpia-y-fresca/,¡Descubre el secreto para mantener la jaula de tu loro siempre limpia y fresca!,8533,100
loro argentino precio,comercial,SI,post,https://avesnativaschilenas.cl/jaulas/para-loros/descubre-el-secreto-para-mantener-la-jaula-de-tu-loro-siempre-limpia-y-fresca/,¡Descubre el secreto para mantener la jaula de tu loro siempre limpia y fresca!,8533,100
loro australiano azul,mixto,SI,post,https://avesnativaschilenas.cl/jaulas/para-loros/descubre-el-secreto-para-mantener-la-jaula-de-tu-loro-siempre-limpia-y-fresca/,¡Descubre el secreto para mantener la jaula de tu loro siempre limpia y fresca!,8533,100
loro brasileño precio,comercial,SI,post,https://avesnativaschilenas.cl/jaulas/para-loros/descubre-el-secreto-para-mantener-la-jaula-de-tu-loro-siempre-limpia-y-fresca/,¡Descubre el secreto para mantener la jaula de tu loro siempre limpia y fresca!,8533,100
loro cabeza azul bebe,mixto,SI,post,https://avesnativaschilenas.cl/jaulas/para-loros/descubre-el-secreto-para-mantener-la-jaula-de-tu-loro-siempre-limpia-y-fresca/,¡Descubre el secreto para mantener la jaula de tu loro siempre limpia y fresca!,8533,100
loro cabeza de halcón,mixto,SI,post,https://avesnativaschilenas.cl/jaulas/para-loros/descubre-el-secreto-para-mantener-la-jaula-de-tu-loro-siempre-limpia-y-fresca/,¡Descubre el secreto para mantener la jaula de tu loro siempre limpia y fresca!,8533,100
loro cabeza roja bebe,mixto,SI,post,https://avesnativaschilenas.cl/jaulas/para-loros/descubre-el-secreto-para-mantener-la-jaula-de-tu-loro-siempre-limpia-y-fresca/,¡Descubre el secreto para mantener la jaula de tu loro siempre limpia y fresca!,8533,100
loro domestico precio,comercial,SI,post,https://avesnativaschilenas.cl/jaulas/para-loros/descubre-el-secreto-para-mantener-la-jaula-de-tu-loro-siempre-limpia-y-fresca/,¡Descubre el secreto para mantener la jaula de tu loro siempre limpia y fresca!,8533,100
loro gris yaco precio,comercial,SI,post,https://avesnativaschilenas.cl/jaulas/para-loros/descubre-el-secreto-para-mantener-la-jaula-de-tu-loro-siempre-limpia-y-fresca/,¡Descubre el secreto para mantener la jaula de tu loro siempre limpia y fresca!,8533,100
loro guacamayo precio,comercial,SI,post,https://avesnativaschilenas.cl/jaulas/para-loros/descubre-el-secreto-para-mantener-la-jaula-de-tu-loro-siempre-limpia-y-fresca/,¡Descubre el secreto para mantener la jaula de tu loro siempre limpia y fresca!,8533,100
loro palencano precio,comercial,SI,post,https://avesnativaschilenas.cl/jaulas/para-loros/descubre-el-secreto-para-mantener-la-jaula-de-tu-loro-siempre-limpia-y-fresca/,¡Descubre el secreto para mantener la jaula de tu loro siempre limpia y fresca!,8533,100
loro tehuano hablando,mixto,SI,post,https://avesnativaschilenas.cl/jaulas/para-loros/descubre-el-secreto-para-mantener-la-jaula-de-tu-loro-siempre-limpia-y-fresca/,¡Descubre el secreto para mantener la jaula de tu loro siempre limpia y fresca!,8533,100
loros de cabeza negra,mixto,SI,post,https://avesnativaschilenas.cl/jaulas/para-loros/descubre-el-secreto-para-mantener-la-jaula-de-tu-loro-siempre-limpia-y-fresca/,¡Descubre el secreto para mantener la jaula de tu loro siempre limpia y fresca!,8533,100
los colores del tucán,mixto,SI/Parcial,post,https://avesnativaschilenas.cl/zanate/mitos-leyendas-zanate/,Significado del pajaro Zanate: Mitos y leyendas relacionados con los pichones y polluelos,9060,2
los loros toman leche,mixto,SI,post,https://avesnativaschilenas.cl/jaulas/para-loros/descubre-el-secreto-para-mantener-la-jaula-de-tu-loro-siempre-limpia-y-fresca/,¡Descubre el secreto para mantener la jaula de tu loro siempre limpia y fresca!,8533,100
los nidos de las aves,mixto,SI,post,https://avesnativaschilenas.cl/jaulas/nidos-para-aves/,"Nidos para Aves: Tipos, Materiales y Como Elegir el Mejor",15288,100
malla para codornices,mixto,SI,post,https://avesnativaschilenas.cl/jaulas/para-gallinas-ponedoras/,Jaulas para Gallinas Ponedoras: Guia de Compra 2026,15281,100
malvasía cabeciblanca,mixto,NO,,,,,0
mandolina y bandurria,mixto,SI/Parcial,post,https://avesnativaschilenas.cl/terrestres/bandurria/bandurria-significado-espiritual-caracteristicas-y-habitat/,"Bandurria: Significado Espiritual, Caracteristicas y Habitat",11820,2
martin pescador verde,mixto,SI/Parcial,page,https://avesnativaschilenas.cl/martin-pescador/,"Martín pescador Chileno: hábitat, alimentación y curiosidades de un tesoro acuatico",9858,2
martín pescador canto,mixto,SI/Parcial,page,https://avesnativaschilenas.cl/martin-pescador/,"Martín pescador Chileno: hábitat, alimentación y curiosidades de un tesoro acuatico",9858,2
martín pescador común,mixto,SI/Parcial,page,https://avesnativaschilenas.cl/martin-pescador/,"Martín pescador Chileno: hábitat, alimentación y curiosidades de un tesoro acuatico",9858,2
martín pescador macho,mixto,SI/Parcial,page,https://avesnativaschilenas.cl/martin-pescador/,"Martín pescador Chileno: hábitat, alimentación y curiosidades de un tesoro acuatico",9858,2
medidas condor andino,mixto,SI/Parcial,post,https://avesnativaschilenas.cl/rapaces/condor-andino-caracteristicas-habitat-y-donde-verlo-en-chile/,"Condor Andino: Caracteristicas, Habitat y Donde Verlo en Chile",11832,2
mi loro vomita sangre,mixto,SI,post,https://avesnativaschilenas.cl/jaulas/para-loros/descubre-el-secreto-para-mantener-la-jaula-de-tu-loro-siempre-limpia-y-fresca/,¡Descubre el secreto para mantener la jaula de tu loro siempre limpia y fresca!,8533,100
migración de las aves,mixto,SI,post,https://avesnativaschilenas.cl/blog/importancia-de-las-aves-en-chile/,Importancia de las aves en Chile: su rol en los ecosistemas y la conservacion nacional,15082,3
montana madeira jaula,mixto,SI,post,https://avesnativaschilenas.cl/jaulas/accesorios-para-jaulas/,Accesorios para Jaulas de Aves: Todo lo que Necesitas,15289,100
morrillero alicantino,mixto,NO,,,,,0
neophemas esplendidas,mixto,NO,,,,,0
nido de paloma torcaz,mixto,SI,post,https://avesnativaschilenas.cl/jaulas/nidos-para-aves/,"Nidos para Aves: Tipos, Materiales y Como Elegir el Mejor",15288,100
nidos para cocotillas,mixto,SI,post,https://avesnativaschilenas.cl/jaulas/nidos-para-aves/,"Nidos para Aves: Tipos, Materiales y Como Elegir el Mejor",15288,100
nidos para periquitos,mixto,SI,post,https://avesnativaschilenas.cl/jaulas/para-periquitos/,Jaulas para Periquitos: Guia de Compra Completa 2026,15284,100
nidos para rabadillas,mixto,SI,post,https://avesnativaschilenas.cl/jaulas/nidos-para-aves/,"Nidos para Aves: Tipos, Materiales y Como Elegir el Mejor",15288,100
ninfas blancas precio,comercial,SI,post,https://avesnativaschilenas.cl/jaulas/para-ninfas/,Jaulas para Ninfas (Cockatiel): Guia de Compra y Medidas Ideales,15285,100
ninfas pajaros precio,comercial,SI,post,https://avesnativaschilenas.cl/jaulas/para-ninfas/,Jaulas para Ninfas (Cockatiel): Guia de Compra y Medidas Ideales,15285,100
observatorios de aves,mixto,SI/Parcial,post,https://avesnativaschilenas.cl/jaulas/accesorios-para-jaulas/,Accesorios para Jaulas de Aves: Todo lo que Necesitas,15289,2
orquídea garza blanca,mixto,NO,,,,,1
paginas de naturaleza,mixto,SI/Parcial,post,https://avesnativaschilenas.cl/migratorias/golondrina/que-significa-cuando-hay-una-bandada-de-pajaros/,Qué Significa Cuando Hay Una Bandada de Pájaros: Descubre el Misterioso Mensaje de la Naturaleza,10003,2
pajarera hecha a mano,mixto,SI,post,https://avesnativaschilenas.cl/jaulas/pajareras/,Pajareras para Jardin: Guia de Compra y Decoracion,15278,100
pajareras decorativas,mixto,SI,post,https://avesnativaschilenas.cl/jaulas/pajareras/,Pajareras para Jardin: Guia de Compra y Decoracion,15278,100
pajarito en una jaula,mixto,SI,post,https://avesnativaschilenas.cl/jaulas/accesorios-para-jaulas/,Accesorios para Jaulas de Aves: Todo lo que Necesitas,15289,100
pajaro cabecita negra,mixto,NO,,,,,1
pajaro diamante gould,mixto,NO,,,,,1
pajaro guacamayo azul,mixto,SI,post,https://avesnativaschilenas.cl/jaulas/para-loros/descubre-el-secreto-para-mantener-la-jaula-de-tu-loro-siempre-limpia-y-fresca/,¡Descubre el secreto para mantener la jaula de tu loro siempre limpia y fresca!,8533,100
pajaro pecho colorado,mixto,SI/Parcial,post,https://avesnativaschilenas.cl/blog/pajaro-pecho-rojo-chile/,pajaro pecho rojo chile,6801,2
pajaro tipico chileno,mixto,NO,,,,,1
pajaros de color azul,mixto,SI,post,https://avesnativaschilenas.cl/jaulas/modelos/descubre-la-jaula-para-pajaros-azul-que-transformara-el-hogar-de-tu-mascota/,¡Descubre la Jaula para Pájaros Azul que Transformará el Hogar de tu Mascota!,7595,3
pajaros de color rojo,mixto,SI/Parcial,post,https://avesnativaschilenas.cl/rapaces/lechuza/pajaros-blancos-que-vuelan-de-noche/,5 Fascinantes Pájaros Blancos que Vuelan de Noche,11061,2
pajaros de pico largo,mixto,SI,post,https://avesnativaschilenas.cl/terrestres/mirlo/pajaro-negro-de-pico-largo/,¿Quién es el pájaro negro de pico largo? Descúbrelo aquí,11056,3
pajaros en las palmas,mixto,SI,post,https://avesnativaschilenas.cl/nidos/descubre-las-encantadoras-casas-colgantes-para-pajaros-que-transformaran-tu-jardin-en-un-paraiso/,Descubre las encantadoras casas colgantes para pájaros que transformarán tu jardín en un paraíso,7966,3
pajaros rojos nombres,mixto,SI/Parcial,post,https://avesnativaschilenas.cl/jilguero/nombres-para-pajaros-amarillos/,50 Nombres Creativos para tus Pájaros Amarillos,11055,2
pato canadiense macho,mixto,NO,,,,,1
pato con cuello verde,mixto,SI/Parcial,post,https://avesnativaschilenas.cl/jaulas/transforma-la-vida-de-tu-canario-con-la-jaula-relaxdays-espacio-y-estilo-en-azul-verde/,¡Transforma la vida de tu canario con la jaula Relaxdays! Espacio y estilo en azul/verde.,7197,2
pato de collar hembra,mixto,SI/Parcial,post,https://avesnativaschilenas.cl/cuidados/como-distinguir-un-pavo-real-macho-de-una-hembra/,Como distinguir un pavo real macho de una hembra: diferencias reales y fotos,9393,2
pato doméstico hembra,mixto,NO,,,,,1
pavo real azul hembra,mixto,SI,post,https://avesnativaschilenas.cl/terrestres/pavo-real-diferencias-entre-macho-y-hembra-fotos/,Pavo Real: Diferencias entre Macho y Hembra + Fotos,11823,3
pavo real azul precio,comercial,SI/Parcial,post,https://avesnativaschilenas.cl/terrestres/pavo-real-diferencias-entre-macho-y-hembra-fotos/,Pavo Real: Diferencias entre Macho y Hembra + Fotos,11823,2
pavo real bebe hembra,mixto,SI,post,https://avesnativaschilenas.cl/terrestres/pavo-real-diferencias-entre-macho-y-hembra-fotos/,Pavo Real: Diferencias entre Macho y Hembra + Fotos,11823,3
pavo real de la india,mixto,SI,post,https://avesnativaschilenas.cl/blog/de-que-esta-cubierta-la-piel-del-pavo-real/,de qué está cubierta la piel del pavo real,9402,4
pavo real macho joven,mixto,SI,post,https://avesnativaschilenas.cl/terrestres/pavo-real-diferencias-entre-macho-y-hembra-fotos/,Pavo Real: Diferencias entre Macho y Hembra + Fotos,11823,3
pavo real pone huevos,mixto,SI,post,https://avesnativaschilenas.cl/cuidados/de-que-color-son-los-huevos-de-pavo-real/,de que color son los huevos de pavo real,9364,3
pavos reales violetas,mixto,NO,,,,,1
pecho colorado pajaro,mixto,SI/Parcial,post,https://avesnativaschilenas.cl/blog/pajaro-pecho-rojo-chile/,pajaro pecho rojo chile,6801,2
perico atolero hembra,mixto,SI,post,https://avesnativaschilenas.cl/jaulas/para-periquitos/,Jaulas para Periquitos: Guia de Compra Completa 2026,15284,100
perico cabeza naranja,mixto,SI,post,https://avesnativaschilenas.cl/jaulas/para-periquitos/,Jaulas para Periquitos: Guia de Compra Completa 2026,15284,100
periquito ingles azul,mixto,SI,post,https://avesnativaschilenas.cl/jaulas/para-periquitos/,Jaulas para Periquitos: Guia de Compra Completa 2026,15284,100
periquitos domesticos,mixto,SI,post,https://avesnativaschilenas.cl/jaulas/para-periquitos/,Jaulas para Periquitos: Guia de Compra Completa 2026,15284,100
periquitos silvestres,mixto,SI,post,https://avesnativaschilenas.cl/jaulas/para-periquitos/,Jaulas para Periquitos: Guia de Compra Completa 2026,15284,100
petco jaula para loro,mixto,SI,post,https://avesnativaschilenas.cl/jaulas/accesorios-para-jaulas/,Accesorios para Jaulas de Aves: Todo lo que Necesitas,15289,100
picaflor alimentación,informacional,NO,,,,,1
pienso para agapornis,mixto,SI,post,https://avesnativaschilenas.cl/jaulas/para-loros/descubre-el-secreto-para-mantener-la-jaula-de-tu-loro-siempre-limpia-y-fresca/,¡Descubre el secreto para mantener la jaula de tu loro siempre limpia y fresca!,8533,100
pinzas con accesorios,mixto,SI,post,https://avesnativaschilenas.cl/jaulas/accesorios-para-jaulas/,Accesorios para Jaulas de Aves: Todo lo que Necesitas,15289,100
playa de las gaviotas,mixto,SI,post,https://avesnativaschilenas.cl/gaviotas/la-vida-secreta-de-las-aves-marinas/,La Vida Secreta de las Aves Marinas: Descubre sus Hábitos y Misterios,11042,3
polluelo de pavo real,mixto,SI,post,https://avesnativaschilenas.cl/blog/el-pavo-real-esta-en-peligro-de-extincion/,El Pavo Real en Peligro de Extinción: Todo lo que Necesitas Saber para Protegerlo,9999,3
precio cacatua blanca,comercial,SI,post,https://avesnativaschilenas.cl/jaulas/para-loros/descubre-el-secreto-para-mantener-la-jaula-de-tu-loro-siempre-limpia-y-fresca/,¡Descubre el secreto para mantener la jaula de tu loro siempre limpia y fresca!,8533,100
precio huevo codorniz,comercial,SI,post,https://avesnativaschilenas.cl/jaulas/para-gallinas-ponedoras/,Jaulas para Gallinas Ponedoras: Guia de Compra 2026,15281,100
productos de avestruz,mixto,NO,,,,,1
pájaro con pecho rojo,mixto,SI,post,https://avesnativaschilenas.cl/blog/pajaro-pecho-rojo-chile/,pajaro pecho rojo chile,6801,3
rabadilla roja precio,comercial,NO,,,,,0
rascaderos para gallo,mixto,SI,post,https://avesnativaschilenas.cl/jaulas/para-gallinas-ponedoras/,Jaulas para Gallinas Ponedoras: Guia de Compra 2026,15281,100
razas de pavos reales,mixto,SI/Parcial,post,https://avesnativaschilenas.cl/cuidados/enfermedades-de-las-palomas-y-limpieza-de-heces/,"Las palomas transmiten enfermedades? Mitos, riesgos reales y limpieza segura",15090,2
revista nuestras aves,mixto,NO,,,,,1
semillas para pajaros,mixto,SI/Parcial,post,https://avesnativaschilenas.cl/jaulas/voladeras/,Voladeras para Aves: Como Elegir la Mejor para tus Pajaros,15277,2
siete colores chileno,mixto,NO,,,,,1
tener pájaros en casa,mixto,SI,post,https://avesnativaschilenas.cl/blog/loros-que-se-pueden-tener-en-casa/,loros que se pueden tener en casa,10417,3
tener un loro en casa,mixto,SI,post,https://avesnativaschilenas.cl/jaulas/para-loros/descubre-el-secreto-para-mantener-la-jaula-de-tu-loro-siempre-limpia-y-fresca/,¡Descubre el secreto para mantener la jaula de tu loro siempre limpia y fresca!,8533,100
tienda de aves online,comercial,SI/Parcial,post,https://avesnativaschilenas.cl/jaulas/accesorios-para-jaulas/,Accesorios para Jaulas de Aves: Todo lo que Necesitas,15289,2
tienda jaulas pajaros,comercial,SI,post,https://avesnativaschilenas.cl/jaulas/accesorios-para-jaulas/,Accesorios para Jaulas de Aves: Todo lo que Necesitas,15289,100
tipo de aves exoticas,mixto,SI,post,https://avesnativaschilenas.cl/cuidados/tipo-de-alimentacion-de-las-aves/,Descubre los Tipos de Alimentación de las Aves: Guía Completa para Entender sus Dietas,11359,3
tipos de aves comunes,informacional,SI,post,https://avesnativaschilenas.cl/cuidados/tipo-de-alimentacion-de-las-aves/,Descubre los Tipos de Alimentación de las Aves: Guía Completa para Entender sus Dietas,11359,3
tipos de aves marinas,informacional,SI,post,https://avesnativaschilenas.cl/cuidados/tipo-de-alimentacion-de-las-aves/,Descubre los Tipos de Alimentación de las Aves: Guía Completa para Entender sus Dietas,11359,3
tipos de aves pajaros,informacional,SI,post,https://avesnativaschilenas.cl/cuidados/tipo-de-alimentacion-de-las-aves/,Descubre los Tipos de Alimentación de las Aves: Guía Completa para Entender sus Dietas,11359,3
tipos de aves rapaces,informacional,SI,post,https://avesnativaschilenas.cl/rapaces/falconidae-guia-completa-de-las-aves-rapaces-diurnas/,Falconidae: Guia Completa de las Aves Rapaces Diurnas,11822,3
tipos de inseparables,informacional,SI,post,https://avesnativaschilenas.cl/jaulas/para-loros/descubre-el-secreto-para-mantener-la-jaula-de-tu-loro-siempre-limpia-y-fresca/,¡Descubre el secreto para mantener la jaula de tu loro siempre limpia y fresca!,8533,100
toda clase de pájaros,mixto,SI/Parcial,post,https://avesnativaschilenas.cl/rapaces/lechuza/pajaros-blancos-que-vuelan-de-noche/,5 Fascinantes Pájaros Blancos que Vuelan de Noche,11061,2
todo sobre periquitos,mixto,SI,post,https://avesnativaschilenas.cl/jaulas/para-periquitos/,Jaulas para Periquitos: Guia de Compra Completa 2026,15284,100
trampa palomas casera,mixto,SI/Parcial,post,https://avesnativaschilenas.cl/jaulas/marcas/atrapa-palomas-sin-esfuerzo-descubre-la-trampa-fvtvhev-facil-de-montar-y-efectiva-haz-clic/,"¡Atrapa palomas sin esfuerzo! Descubre la trampa FVTVHEV, fácil de montar y efectiva. ¡Haz clic!",7646,2
trampas para torcazas,mixto,NO,,,,,1
transportin guacamayo,mixto,SI,post,https://avesnativaschilenas.cl/jaulas/para-loros/descubre-el-secreto-para-mantener-la-jaula-de-tu-loro-siempre-limpia-y-fresca/,¡Descubre el secreto para mantener la jaula de tu loro siempre limpia y fresca!,8533,100
transportin jaulas c2,mixto,SI,post,https://avesnativaschilenas.cl/jaulas/accesorios-para-jaulas/,Accesorios para Jaulas de Aves: Todo lo que Necesitas,15289,100
tucán características,informacional,NO,,,,,1
una foto de un pájaro,mixto,SI,post,https://avesnativaschilenas.cl/blog/que-significa-la-visita-de-un-pajaro-gris-presagio-y-significado-espiritual/,Que Significa la Visita de un Pajaro Gris? Presagio y Significado Espiritual,11826,3
variedad de agapornis,mixto,SI,post,https://avesnativaschilenas.cl/jaulas/para-loros/descubre-el-secreto-para-mantener-la-jaula-de-tu-loro-siempre-limpia-y-fresca/,¡Descubre el secreto para mantener la jaula de tu loro siempre limpia y fresca!,8533,100
variedades de pericos,mixto,SI,post,https://avesnativaschilenas.cl/jaulas/para-periquitos/,Jaulas para Periquitos: Guia de Compra Completa 2026,15284,100
venta huevos codorniz,comercial,SI,post,https://avesnativaschilenas.cl/jaulas/para-gallinas-ponedoras/,Jaulas para Gallinas Ponedoras: Guia de Compra 2026,15281,100
versiculos de aguilas,mixto,SI,post,https://avesnativaschilenas.cl/aguilas/caracteristicas-de-las-aguilas-segun-la-biblia/,El Aguila en la Biblia: significado espiritual y versiculos clave,1857,3
versiculos del aguila,mixto,SI/Parcial,post,https://avesnativaschilenas.cl/aguilas/el-vuelo-del-aguila-y-su-simbolismo-en-otras-culturas/,El vuelo del aguila y su simbolismo en otras culturas,9512,2
voladera de jilgueros,mixto,SI,post,https://avesnativaschilenas.cl/jaulas/voladeras/,Voladeras para Aves: Como Elegir la Mejor para tus Pajaros,15277,100
voladeras para gallos,mixto,SI,post,https://avesnativaschilenas.cl/jaulas/para-gallinas-ponedoras/,Jaulas para Gallinas Ponedoras: Guia de Compra 2026,15281,100
voladeras para ninfas,mixto,SI,post,https://avesnativaschilenas.cl/jaulas/para-ninfas/,Jaulas para Ninfas (Cockatiel): Guia de Compra y Medidas Ideales,15285,100
voladeros para gallos,mixto,SI,post,https://avesnativaschilenas.cl/jaulas/para-gallinas-ponedoras/,Jaulas para Gallinas Ponedoras: Guia de Compra 2026,15281,100
voladeros para ninfas,mixto,SI,post,https://avesnativaschilenas.cl/jaulas/para-ninfas/,Jaulas para Ninfas (Cockatiel): Guia de Compra y Medidas Ideales,15285,100
weber jaula de hierro,mixto,SI,post,https://avesnativaschilenas.cl/jaulas/accesorios-para-jaulas/,Accesorios para Jaulas de Aves: Todo lo que Necesitas,15289,100
zorzal colorado macho,mixto,SI/Parcial,post,https://avesnativaschilenas.cl/terrestres/zorzal/zorzal-colorado/,"Zorzal Colorado (Turdus rufiventris): Hábitat, Alimentación, Canto y Simbología",9556,2
árboles nativos chile,mixto,NO,,,,,1
agarponis roseicollis,mixto,NO,,,,,0
aguila estados unidos,mixto,SI,post,https://avesnativaschilenas.cl/jaulas/nidos-para-aves/,"Nidos para Aves: Tipos, Materiales y Como Elegir el Mejor",15288,100
ave endemica de chile,mixto,SI,post,https://avesnativaschilenas.cl/acuaticas/ave-pescadora-de-las-costas-de-chile-y-ecuador/,ave pescadora de las costas de chile y ecuador,9425,3
ave nacional de chile,mixto,SI,post,https://avesnativaschilenas.cl/blog/porque-el-condor-es-el-ave-nacional-de-chile/,porque el condor es el ave nacional de chile,9384,4
aves carroñeras chile,mixto,SI,post,https://avesnativaschilenas.cl/rapaces/como-las-aves-carroneras-limpian-el-ecosistema-en-chile/,Cómo las aves carroñeras limpian el ecosistema en Chile,9760,3
aves chilenas del sur,mixto,SI,post,https://avesnativaschilenas.cl/libros/descubre-los-secretos-ocultos-de-las-aves-chilenas-en-este-tesoro-del-1902-no-te-lo-pierdas/,Descubre los secretos ocultos de las aves chilenas en este tesoro del 1902: ¡No te lo pierdas!,7259,3
aves chilenas grandes,mixto,SI/Parcial,post,https://avesnativaschilenas.cl/marina/ave-marina-pico-rojo/,Aves marinas Chilenas con pico rojo​,8857,2
aves de chile nombres,mixto,SI,post,https://avesnativaschilenas.cl/blog/importancia-de-las-aves-en-chile/,Importancia de las aves en Chile: su rol en los ecosistemas y la conservacion nacional,15082,3
aves grandes de chile,mixto,SI,post,https://avesnativaschilenas.cl/blog/importancia-de-las-aves-en-chile/,Importancia de las aves en Chile: su rol en los ecosistemas y la conservacion nacional,15082,3
aves nativas de chile,mixto,SI,post,https://avesnativaschilenas.cl/blog/importancia-de-las-aves-en-chile/,Importancia de las aves en Chile: su rol en los ecosistemas y la conservacion nacional,15082,3
aves rapaces chilenas,mixto,SI,page,https://avesnativaschilenas.cl/rapaces/,Aves de Rapina Chilenas: guia completa de identificacion y observacion,1661,3
bailarina de flamenco,mixto,NO,,,,,1
biodiversidad chilena,mixto,NO,,,,,1
carancho cordillerano,mixto,SI/Parcial,post,https://avesnativaschilenas.cl/rapaces/carancho-cordillerano/,Carancho Cordillerano: El Ave Rapaz de los Andes,2395,2
cinclodes patagonicus,mixto,NO,,,,,1
condor chileno tamaño,mixto,NO,,,,,1
cuanto mide un aguila,mixto,SI,post,https://avesnativaschilenas.cl/aguilas/cuanto-mide-un-aguila-real-con-las-alas-abiertas/,Cuanto mide un aguila real con las alas abiertas,9362,4
gaviotin sudamericano,mixto,SI/Parcial,post,https://avesnativaschilenas.cl/gaviotas/gaviotin-sudamericano/,"Descubre todo sobre el gaviotín sudamericano: características, hábitat y curiosidades",128,2
guia de aves de chile,mixto,SI,post,https://avesnativaschilenas.cl/pato/donde-viven-los-patos-y-de-que-se-alimentan/,Donde viven los patos y de que se alimentan: guia completa de aves acuaticas en Chile,9370,4
las gaviotas valdivia,mixto,SI/Parcial,post,https://avesnativaschilenas.cl/gaviotas/la-vida-secreta-de-las-aves-marinas/,La Vida Secreta de las Aves Marinas: Descubre sus Hábitos y Misterios,11042,2
libro hongos de chile,mixto,SI/Parcial,post,https://avesnativaschilenas.cl/acuaticas/patos-chilenos/,"Patos de Chile: Tipos, Especies y Guia de Identificacion",15251,2
martin pescador macho,mixto,SI/Parcial,page,https://avesnativaschilenas.cl/martin-pescador/,"Martín pescador Chileno: hábitat, alimentación y curiosidades de un tesoro acuatico",9858,2
nido de aguila planta,mixto,SI,post,https://avesnativaschilenas.cl/jaulas/nidos-para-aves/,"Nidos para Aves: Tipos, Materiales y Como Elegir el Mejor",15288,100
nido de aguilas chile,mixto,SI,post,https://avesnativaschilenas.cl/jaulas/nidos-para-aves/,"Nidos para Aves: Tipos, Materiales y Como Elegir el Mejor",15288,100
nombres aves chilenas,mixto,SI/Parcial,post,https://avesnativaschilenas.cl/marina/ave-marina-pico-rojo/,Aves marinas Chilenas con pico rojo​,8857,2
pajaro con pecho rojo,mixto,SI,post,https://avesnativaschilenas.cl/blog/pajaro-pecho-rojo-chile/,pajaro pecho rojo chile,6801,3
pajaro con pico largo,mixto,SI,post,https://avesnativaschilenas.cl/terrestres/mirlo/pajaro-negro-de-pico-largo/,¿Quién es el pájaro negro de pico largo? Descúbrelo aquí,11056,3
pajaros de pecho rojo,mixto,SI,post,https://avesnativaschilenas.cl/blog/aves-de-pecho-rojo/,aves de pecho rojo,6602,3
pavos reales arlequin,mixto,NO,,,,,1
piojos de las palomas,mixto,SI,post,https://avesnativaschilenas.cl/cuidados/enfermedades-de-las-palomas-y-limpieza-de-heces/,"Las palomas transmiten enfermedades? Mitos, riesgos reales y limpieza segura",15090,3
planta nido de aguila,mixto,SI,post,https://avesnativaschilenas.cl/jaulas/nidos-para-aves/,"Nidos para Aves: Tipos, Materiales y Como Elegir el Mejor",15288,100
aves del sur de chile,mixto,SI,post,https://avesnativaschilenas.cl/blog/el-impacto-del-cambio-climatico-en-las-aves-de-chile/,¿Cómo Está Afectando el Cambio Climático a las Aves en Chile?,1950,4
aves rapaces de chile,mixto,SI,post,https://avesnativaschilenas.cl/blog/importancia-de-las-aves-en-chile/,Importancia de las aves en Chile: su rol en los ecosistemas y la conservacion nacional,15082,3
martin pescador chile,mixto,SI/Parcial,page,https://avesnativaschilenas.cl/martin-pescador/,"Martín pescador Chileno: hábitat, alimentación y curiosidades de un tesoro acuatico",9858,2
martín pescador chile,mixto,SI/Parcial,page,https://avesnativaschilenas.cl/martin-pescador/,"Martín pescador Chileno: hábitat, alimentación y curiosidades de un tesoro acuatico",9858,2
bandurria instrumento,mixto,NO,,,,,1
accesorios para cobaya,mixto,SI,post,https://avesnativaschilenas.cl/jaulas/accesorios-para-jaulas/,Accesorios para Jaulas de Aves: Todo lo que Necesitas,15289,100
accesorios para jerbos,mixto,SI,post,https://avesnativaschilenas.cl/jaulas/accesorios-para-jaulas/,Accesorios para Jaulas de Aves: Todo lo que Necesitas,15289,100
agapornis inseparables,mixto,SI,post,https://avesnativaschilenas.cl/jaulas/para-loros/descubre-el-secreto-para-mantener-la-jaula-de-tu-loro-siempre-limpia-y-fresca/,¡Descubre el secreto para mantener la jaula de tu loro siempre limpia y fresca!,8533,100
agapurni pajaro precio,comercial,NO,,,,,1
agapòrnis aves colores,mixto,SI,post,https://avesnativaschilenas.cl/jaulas/para-loros/descubre-el-secreto-para-mantener-la-jaula-de-tu-loro-siempre-limpia-y-fresca/,¡Descubre el secreto para mantener la jaula de tu loro siempre limpia y fresca!,8533,100
aguila calva americana,mixto,NO,,,,,1
aguila espanta palomas,mixto,NO,,,,,1
aguila imperial tamaño,mixto,SI/Parcial,post,https://avesnativaschilenas.cl/aguilas/aguila-arpia/,"Aguila arpia en los bosques: tamano imponente, habitat y papel ecologico",1849,2
aguila segun la biblia,mixto,SI,post,https://avesnativaschilenas.cl/aguilas/que-significa-sonar-con-un-aguila-segun-la-biblia/,Que significa sonar con un aguila: interpretacion y simbolismo,9978,4
alimentacion de ninfas,informacional,SI,post,https://avesnativaschilenas.cl/jaulas/para-ninfas/,Jaulas para Ninfas (Cockatiel): Guia de Compra y Medidas Ideales,15285,100
alimentacion del tucan,informacional,SI/Parcial,post,https://avesnativaschilenas.cl/gaviotas/guanay/,"Descubre las maravillas del guanay: hábitat, alimentación y características únicas",136,2
alimentacion gorriones,informacional,NO,,,,,1
alimentacion pavo real,informacional,SI/Parcial,post,https://avesnativaschilenas.cl/terrestres/pavo-real-diferencias-entre-macho-y-hembra-fotos/,Pavo Real: Diferencias entre Macho y Hembra + Fotos,11823,2
alimentacion periquito,informacional,SI,post,https://avesnativaschilenas.cl/jaulas/para-periquitos/,Jaulas para Periquitos: Guia de Compra Completa 2026,15284,100
alimentador de pajaros,mixto,SI,post,https://avesnativaschilenas.cl/nidos/descubre-el-encantador-alimentador-de-pajaros-zxm-la-decoracion-perfecta-para-tu-jardin/,Descubre el encantador alimentador de pájaros ZXM: ¡la decoración perfecta para tu jardín!,7579,3
alimentador para peces,mixto,SI/Parcial,post,https://avesnativaschilenas.cl/nidos/descubre-el-encantador-alimentador-de-pajaros-zxm-la-decoracion-perfecta-para-tu-jardin/,Descubre el encantador alimentador de pájaros ZXM: ¡la decoración perfecta para tu jardín!,7579,2
alimento para canarios,mixto,SI,post,https://avesnativaschilenas.cl/jaulas/para-canarios/,Jaulas para Canarios: Guia de Compra para tu Pajaro Cantor,15280,100
alimento para pollitos,mixto,SI,post,https://avesnativaschilenas.cl/jaulas/para-gallinas-ponedoras/,Jaulas para Gallinas Ponedoras: Guia de Compra 2026,15281,100
alimento para tortugas,mixto,NO,,,,,1
alimentos para palomas,mixto,SI/Parcial,post,https://avesnativaschilenas.cl/jaulas/portatiles/descubre-la-jaula-plegable-perfecta-para-tus-mascotas-ideal-para-viajar-con-palomas-y-conejos/,Descubre la jaula plegable perfecta para tus mascotas: ¡ideal para viajar con palomas y conejos!,8605,2
alimentos para un loro,mixto,SI,post,https://avesnativaschilenas.cl/jaulas/para-loros/descubre-el-secreto-para-mantener-la-jaula-de-tu-loro-siempre-limpia-y-fresca/,¡Descubre el secreto para mantener la jaula de tu loro siempre limpia y fresca!,8533,100
alisterus chloropterus,mixto,SI,post,https://avesnativaschilenas.cl/jaulas/para-loros/descubre-el-secreto-para-mantener-la-jaula-de-tu-loro-siempre-limpia-y-fresca/,¡Descubre el secreto para mantener la jaula de tu loro siempre limpia y fresca!,8533,100
amazona aestiva hembra,navegacional,NO,,,,,1
amazona aestiva precio,navegacional,NO,,,,,0
amazona de frente azul,navegacional,SI/Parcial,post,https://avesnativaschilenas.cl/jaulas/modelos/descubre-la-jaula-para-pajaros-azul-que-transformara-el-hogar-de-tu-mascota/,¡Descubre la Jaula para Pájaros Azul que Transformará el Hogar de tu Mascota!,7595,2
amazona oratrix precio,navegacional,NO,,,,,0
ara chloroptera precio,comercial,SI,post,https://avesnativaschilenas.cl/jaulas/para-loros/descubre-el-secreto-para-mantener-la-jaula-de-tu-loro-siempre-limpia-y-fresca/,¡Descubre el secreto para mantener la jaula de tu loro siempre limpia y fresca!,8533,100
arboles de la zona sur,mixto,SI/Parcial,post,https://avesnativaschilenas.cl/blog/importancia-de-las-aves-en-chile/,Importancia de las aves en Chile: su rol en los ecosistemas y la conservacion nacional,15082,2
arboles para voladeras,mixto,SI,post,https://avesnativaschilenas.cl/jaulas/voladeras/,Voladeras para Aves: Como Elegir la Mejor para tus Pajaros,15277,100
arpias hercules disney,mixto,NO,,,,,0
articulos para pajaros,mixto,SI/Parcial,post,https://avesnativaschilenas.cl/jaulas/voladeras/,Voladeras para Aves: Como Elegir la Mejor para tus Pajaros,15277,2
articulos para pericos,mixto,SI,post,https://avesnativaschilenas.cl/jaulas/para-periquitos/,Jaulas para Periquitos: Guia de Compra Completa 2026,15284,100
ave de rapiña ejemplos,mixto,SI,post,https://avesnativaschilenas.cl/rapaces/cual-es-el-ave-de-rapina-mas-grande-del-mundo/,cual es el ave de rapiña mas grande del mundo,9376,3
ave nacional argentina,mixto,SI/Parcial,post,https://avesnativaschilenas.cl/rapaces/porque-el-condor-es-el-ave-nacional-de-colombia/,porque el condor es el ave nacional de colombia,9444,2
aves acuaticas marinas,mixto,SI/Parcial,post,https://avesnativaschilenas.cl/gaviotas/la-vida-secreta-de-las-aves-marinas/,La Vida Secreta de las Aves Marinas: Descubre sus Hábitos y Misterios,11042,2
aves acuáticas de caza,mixto,SI,post,https://avesnativaschilenas.cl/pato/donde-viven-los-patos-y-de-que-se-alimentan/,Donde viven los patos y de que se alimentan: guia completa de aves acuaticas en Chile,9370,3
aves acuáticas nombres,mixto,SI/Parcial,post,https://avesnativaschilenas.cl/pato/donde-viven-los-patos-y-de-que-se-alimentan/,Donde viven los patos y de que se alimentan: guia completa de aves acuaticas en Chile,9370,2
aves bonitas del mundo,mixto,SI,post,https://avesnativaschilenas.cl/rapaces/excremento-de-las-aves-de-rapina/,El Curioso Mundo del Excremento de las Aves de Rapiña: Más Allá de un Simple Desecho,1903,3
aves cantando de noche,mixto,SI,post,https://avesnativaschilenas.cl/rapaces/lechuza/aves-que-cantan-de-noche/,Descubre el misterio de las aves que cantan de noche: ¡Conoce sus secretos y melodías nocturnas!,2137,3
aves comunes en méxico,mixto,SI,post,https://avesnativaschilenas.cl/cuidados/sintomas-de-enfermedades-comunes-en-aves-domesticas/,Guía Completa sobre los Síntomas de Enfermedades Comunes en Aves Domésticas: Cómo Identificarlos y Actuar a Tiempo,6537,3
aves de presa animales,mixto,SI/Parcial,post,https://avesnativaschilenas.cl/jaulas/accesorios-para-jaulas/,Accesorios para Jaulas de Aves: Todo lo que Necesitas,15289,2
aves de tamaño mediano,mixto,SI/Parcial,post,https://avesnativaschilenas.cl/jaulas/accesorios-para-jaulas/,Accesorios para Jaulas de Aves: Todo lo que Necesitas,15289,2
aves de tamaño pequeño,mixto,SI/Parcial,post,https://avesnativaschilenas.cl/jaulas/accesorios-para-jaulas/,Accesorios para Jaulas de Aves: Todo lo que Necesitas,15289,2
aves diamante de gould,mixto,SI/Parcial,post,https://avesnativaschilenas.cl/jaulas/accesorios-para-jaulas/,Accesorios para Jaulas de Aves: Todo lo que Necesitas,15289,2
aves exoticas de chile,mixto,SI,post,https://avesnativaschilenas.cl/blog/importancia-de-las-aves-en-chile/,Importancia de las aves en Chile: su rol en los ecosistemas y la conservacion nacional,15082,3
aves exoticas en chile,mixto,SI,post,https://avesnativaschilenas.cl/blog/importancia-de-las-aves-en-chile/,Importancia de las aves en Chile: su rol en los ecosistemas y la conservacion nacional,15082,3
aves exoticas en venta,comercial,SI,post,https://avesnativaschilenas.cl/nidos/descubre-el-aime-nido-de-ratan-el-refugio-ideal-para-que-tus-aves-exoticas-se-sientan-como-en-casa/,Descubre el Aimé Nido de Ratán: ¡el refugio ideal para que tus aves exóticas se sientan como en casa!,7229,3
aves exóticas hermosas,mixto,SI/Parcial,post,https://avesnativaschilenas.cl/nidos/descubre-el-secreto-para-atraer-aves-exoticas-a-tu-jardin-con-estos-nidos-de-madera-irresistibles/,Descubre el secreto para atraer aves exóticas a tu jardín con estos nidos de madera irresistibles!,7788,2
aves hermosas imagenes,mixto,SI/Parcial,post,https://avesnativaschilenas.cl/libros/descubre-las-asombrosas-aves-chilenas-imagenes-y-datos-fascinantes-que-te-sorprenderan/,Descubre las asombrosas aves chilenas: imágenes y datos fascinantes que te sorprenderán,7273,2
aves migratorias lista,mixto,SI/Parcial,post,https://avesnativaschilenas.cl/blog/aves-en-peligro-de-extincion-en-chile-lista-2026-y-como-ayudarlas/,Aves en Peligro de Extincion en Chile: Lista 2026 y Como Ayudarlas,11834,2
aves nocturnas sonidos,mixto,SI,post,https://avesnativaschilenas.cl/jaulas/nidos-para-aves/,"Nidos para Aves: Tipos, Materiales y Como Elegir el Mejor",15288,100
aves ornamentales perú,mixto,NO,,,,,1
aves pequeñas chilenas,mixto,SI/Parcial,post,https://avesnativaschilenas.cl/marina/ave-marina-pico-rojo/,Aves marinas Chilenas con pico rojo​,8857,2
aves que hablan precio,comercial,SI/Parcial,post,https://avesnativaschilenas.cl/jaulas/accesorios-para-jaulas/,Accesorios para Jaulas de Aves: Todo lo que Necesitas,15289,2
aves rapaces nocturnas,mixto,SI,post,https://avesnativaschilenas.cl/rapaces/lechuza/aves-que-cantan-de-noche/,Descubre el misterio de las aves que cantan de noche: ¡Conoce sus secretos y melodías nocturnas!,2137,3
aves raras de colombia,mixto,SI/Parcial,post,https://avesnativaschilenas.cl/jaulas/accesorios-para-jaulas/,Accesorios para Jaulas de Aves: Todo lo que Necesitas,15289,2
aviarios para canarios,mixto,SI,post,https://avesnativaschilenas.cl/jaulas/para-canarios/,Jaulas para Canarios: Guia de Compra para tu Pajaro Cantor,15280,100
bailarin contemporaneo,mixto,NO,,,,,1
bailarin danza clasica,mixto,NO,,,,,1
ballerinas para hombre,mixto,NO,,,,,1
bandurria alhambra 11p,mixto,NO,,,,,1
bebedero jaula pajaros,mixto,SI,post,https://avesnativaschilenas.cl/jaulas/accesorios-para-jaulas/,Accesorios para Jaulas de Aves: Todo lo que Necesitas,15289,100
bebederos para pajaros,mixto,SI,post,https://avesnativaschilenas.cl/tienda/comederos/,Los mejores comederos para jaulas de pájaros : guía de compra y recomendaciones,2194,100
bebederos para palomas,mixto,SI,post,https://avesnativaschilenas.cl/tienda/comederos/,Los mejores comederos para jaulas de pájaros : guía de compra y recomendaciones,2194,100
caique de cabeza negra,mixto,SI/Parcial,post,https://avesnativaschilenas.cl/fardela/fardela-negra-de-juan-fernandez/,"Fardela negra de Juan Fernández: características, hábitat y conservación",14186,2
canario español precio,comercial,SI,post,https://avesnativaschilenas.cl/jaulas/para-canarios/,Jaulas para Canarios: Guia de Compra para tu Pajaro Cantor,15280,100
canario timbrado verde,mixto,SI,post,https://avesnativaschilenas.cl/jaulas/para-canarios/,Jaulas para Canarios: Guia de Compra para tu Pajaro Cantor,15280,100
canto pajaros chilenos,mixto,NO,,,,,1
carlos acosta bailarin,mixto,NO,,,,,1
casa para cuyos casera,mixto,SI/Parcial,post,https://avesnativaschilenas.cl/jaulas/para-agapornis/,Jaulas para Agapornis e Inseparables: La Mejor Casa para tus Lovebirds,15273,2
caza de aves acuaticas,mixto,SI,post,https://avesnativaschilenas.cl/pato/donde-viven-los-patos-y-de-que-se-alimentan/,Donde viven los patos y de que se alimentan: guia completa de aves acuaticas en Chile,9370,3
charms pandora colibri,mixto,NO,,,,,1
chupachups de codorniz,mixto,SI,post,https://avesnativaschilenas.cl/jaulas/para-gallinas-ponedoras/,Jaulas para Gallinas Ponedoras: Guia de Compra 2026,15281,100
ciencia de los pajaros,mixto,SI,post,https://avesnativaschilenas.cl/redes/descubre-como-esta-red-verde-de-4x10m-protege-tus-plantas-y-frutas-de-los-pajaros-imperdible/,Descubre cómo esta red verde de 4x10m protege tus plantas y frutas de los pájaros ¡Imperdible!,8502,3
clases de aves marinas,mixto,SI,post,https://avesnativaschilenas.cl/gaviotas/la-vida-secreta-de-las-aves-marinas/,La Vida Secreta de las Aves Marinas: Descubre sus Hábitos y Misterios,11042,3
clases de aves rapaces,mixto,SI,post,https://avesnativaschilenas.cl/rapaces/falconidae-guia-completa-de-las-aves-rapaces-diurnas/,Falconidae: Guia Completa de las Aves Rapaces Diurnas,11822,3
codornices colombianas,mixto,SI,post,https://avesnativaschilenas.cl/jaulas/para-gallinas-ponedoras/,Jaulas para Gallinas Ponedoras: Guia de Compra 2026,15281,100
codornices deshuesadas,mixto,SI,post,https://avesnativaschilenas.cl/jaulas/para-gallinas-ponedoras/,Jaulas para Gallinas Ponedoras: Guia de Compra 2026,15281,100
codornices para huevos,mixto,SI,post,https://avesnativaschilenas.cl/jaulas/para-gallinas-ponedoras/,Jaulas para Gallinas Ponedoras: Guia de Compra 2026,15281,100
codornices vivas venta,comercial,SI,post,https://avesnativaschilenas.cl/jaulas/para-gallinas-ponedoras/,Jaulas para Gallinas Ponedoras: Guia de Compra 2026,15281,100
codorniz button precio,comercial,SI,post,https://avesnativaschilenas.cl/jaulas/para-gallinas-ponedoras/,Jaulas para Gallinas Ponedoras: Guia de Compra 2026,15281,100
codorniz chilena venta,comercial,SI,post,https://avesnativaschilenas.cl/jaulas/para-gallinas-ponedoras/,Jaulas para Gallinas Ponedoras: Guia de Compra 2026,15281,100
codorniz copo de nieve,mixto,SI,post,https://avesnativaschilenas.cl/jaulas/para-gallinas-ponedoras/,Jaulas para Gallinas Ponedoras: Guia de Compra 2026,15281,100
codorniz hembra precio,comercial,SI,post,https://avesnativaschilenas.cl/jaulas/para-gallinas-ponedoras/,Jaulas para Gallinas Ponedoras: Guia de Compra 2026,15281,100
codorniz huevos precio,comercial,SI,post,https://avesnativaschilenas.cl/jaulas/para-gallinas-ponedoras/,Jaulas para Gallinas Ponedoras: Guia de Compra 2026,15281,100
colibri chileno grande,mixto,NO,,,,,1
colibri cola de tijera,mixto,SI/Parcial,post,https://avesnativaschilenas.cl/picaflor/significado-espiritual-del-colibri-y-tatuajes-de-picaflor/,Significado espiritual del colibrí y tatuajes de picaflor: simbolismo y creencias,14221,2
colibri en puntillismo,mixto,NO,,,,,1
colibri posado en rama,mixto,NO,,,,,1
color de los colibríes,mixto,SI,post,https://avesnativaschilenas.cl/cuidados/de-que-color-son-los-huevos-de-pavo-real/,de que color son los huevos de pavo real,9364,3
colores de pavorreales,mixto,SI/Parcial,post,https://avesnativaschilenas.cl/fardela/fardela-heraldica/,Fardela heráldica: el petrel de tres colores de Rapa Nui,14188,2
colores de un picaflor,mixto,SI/Parcial,post,https://avesnativaschilenas.cl/blog/palomas-urbanas-problema-salud-publica-chile/,Palomas urbanas en Chile: un problema de salud publica y como controlarlas,15094,2
comedero de periquitos,mixto,SI,post,https://avesnativaschilenas.cl/tienda/comederos/,Los mejores comederos para jaulas de pájaros : guía de compra y recomendaciones,2194,100
comedero jaula pajaros,mixto,SI,post,https://avesnativaschilenas.cl/jaulas/accesorios-para-jaulas/,Accesorios para Jaulas de Aves: Todo lo que Necesitas,15289,100
comedero pajaro casero,mixto,SI,post,https://avesnativaschilenas.cl/tienda/comederos/,Los mejores comederos para jaulas de pájaros : guía de compra y recomendaciones,2194,100
comedero para perdices,mixto,SI,post,https://avesnativaschilenas.cl/tienda/comederos/,Los mejores comederos para jaulas de pájaros : guía de compra y recomendaciones,2194,100
comedero para picaflor,mixto,SI,post,https://avesnativaschilenas.cl/tienda/comederos/,Los mejores comederos para jaulas de pájaros : guía de compra y recomendaciones,2194,100
comedero para tortolas,mixto,SI,post,https://avesnativaschilenas.cl/tienda/comederos/,Los mejores comederos para jaulas de pájaros : guía de compra y recomendaciones,2194,100
comedero para voladera,mixto,SI,post,https://avesnativaschilenas.cl/tienda/comederos/,Los mejores comederos para jaulas de pájaros : guía de compra y recomendaciones,2194,100
comedero tolva pajaros,mixto,SI,post,https://avesnativaschilenas.cl/tienda/comederos/,Los mejores comederos para jaulas de pájaros : guía de compra y recomendaciones,2194,100
comederos de agapornis,mixto,SI,post,https://avesnativaschilenas.cl/tienda/comederos/,Los mejores comederos para jaulas de pájaros : guía de compra y recomendaciones,2194,100
comederos para palomas,mixto,SI,post,https://avesnativaschilenas.cl/tienda/comederos/,Los mejores comederos para jaulas de pájaros : guía de compra y recomendaciones,2194,100
comederos para palomos,mixto,SI,post,https://avesnativaschilenas.cl/tienda/comederos/,Los mejores comederos para jaulas de pájaros : guía de compra y recomendaciones,2194,100
comederos para pericos,mixto,SI,post,https://avesnativaschilenas.cl/tienda/comederos/,Los mejores comederos para jaulas de pájaros : guía de compra y recomendaciones,2194,100
como son los gorriones,informacional,SI,post,https://avesnativaschilenas.cl/migratorias/paloma/palomas-bebes/,"Cómo son los nidos de paloma, que comen y como cuidar pichones",2519,3
compra de pavos reales,comercial,SI/Parcial,post,https://avesnativaschilenas.cl/jaulas/para-ninfas/,Jaulas para Ninfas (Cockatiel): Guia de Compra y Medidas Ideales,15285,2
compra y venta de aves,comercial,SI,page,https://avesnativaschilenas.cl/jaulas/portatiles/,Jaulas Portátiles para Aves: Guía de Compra y Mejores Modelos,14661,4
comprar codorniz china,comercial,SI,post,https://avesnativaschilenas.cl/jaulas/para-gallinas-ponedoras/,Jaulas para Gallinas Ponedoras: Guia de Compra 2026,15281,100
comprar cría de cuervo,comercial,SI/Parcial,post,https://avesnativaschilenas.cl/cuervo/cuervillo-de-canada/,El Cuervillo de Cañada: Una Joya Alada de los Humedales Americanos,11292,2
comprar pajaros online,comercial,NO,,,,,1
concentrado para loros,mixto,SI,post,https://avesnativaschilenas.cl/jaulas/para-loros/descubre-el-secreto-para-mantener-la-jaula-de-tu-loro-siempre-limpia-y-fresca/,¡Descubre el secreto para mantener la jaula de tu loro siempre limpia y fresca!,8533,100
concentrado para patos,mixto,NO,,,,,1
concentrado para pavos,mixto,NO,,,,,1
condor alas extendidas,mixto,NO,,,,,1
condor andino amenazas,mixto,SI/Parcial,post,https://avesnativaschilenas.cl/rapaces/condor-andino-caracteristicas-habitat-y-donde-verlo-en-chile/,"Condor Andino: Caracteristicas, Habitat y Donde Verlo en Chile",11832,2
condor andino san juan,mixto,SI/Parcial,post,https://avesnativaschilenas.cl/rapaces/condor-andino-caracteristicas-habitat-y-donde-verlo-en-chile/,"Condor Andino: Caracteristicas, Habitat y Donde Verlo en Chile",11832,2
corrales para codorniz,mixto,SI,post,https://avesnativaschilenas.cl/jaulas/para-gallinas-ponedoras/,Jaulas para Gallinas Ponedoras: Guia de Compra 2026,15281,100
cotorra argentina azul,mixto,SI,post,https://avesnativaschilenas.cl/jaulas/para-loros/descubre-el-secreto-para-mantener-la-jaula-de-tu-loro-siempre-limpia-y-fresca/,¡Descubre el secreto para mantener la jaula de tu loro siempre limpia y fresca!,8533,100
cotorra argentina bebe,mixto,SI,post,https://avesnativaschilenas.cl/jaulas/para-loros/descubre-el-secreto-para-mantener-la-jaula-de-tu-loro-siempre-limpia-y-fresca/,¡Descubre el secreto para mantener la jaula de tu loro siempre limpia y fresca!,8533,100
cotorra de kramer azul,mixto,SI,post,https://avesnativaschilenas.cl/jaulas/para-loros/descubre-el-secreto-para-mantener-la-jaula-de-tu-loro-siempre-limpia-y-fresca/,¡Descubre el secreto para mantener la jaula de tu loro siempre limpia y fresca!,8533,100
cotorra jendaya precio,comercial,SI,post,https://avesnativaschilenas.cl/jaulas/para-loros/descubre-el-secreto-para-mantener-la-jaula-de-tu-loro-siempre-limpia-y-fresca/,¡Descubre el secreto para mantener la jaula de tu loro siempre limpia y fresca!,8533,100
criadero aves exoticas,mixto,SI/Parcial,post,https://avesnativaschilenas.cl/nidos/descubre-el-secreto-para-atraer-aves-exoticas-a-tu-jardin-con-estos-nidos-de-madera-irresistibles/,Descubre el secreto para atraer aves exóticas a tu jardín con estos nidos de madera irresistibles!,7788,2
criadero de aves chile,mixto,SI,post,https://avesnativaschilenas.cl/blog/importancia-de-las-aves-en-chile/,Importancia de las aves en Chile: su rol en los ecosistemas y la conservacion nacional,15082,3
criadero de guacamayas,mixto,SI/Parcial,post,https://avesnativaschilenas.cl/nidos/transforma-tu-criadero-con-besportble-30-nidos-de-cria-para-aves-que-aceleraran-la-eclosion/,¡Transforma tu criadero con BESPORTBLE! 30 Nidos de cría para aves que acelerarán la eclosión.,7707,2
cubierta jaula pajaros,mixto,SI,post,https://avesnativaschilenas.cl/jaulas/accesorios-para-jaulas/,Accesorios para Jaulas de Aves: Todo lo que Necesitas,15289,100
cuervo de los pantanos,mixto,SI,post,https://avesnativaschilenas.cl/cuervo/cuervillo-de-canada/,El Cuervillo de Cañada: Una Joya Alada de los Humedales Americanos,11292,3
cuidados de un colibrí,informacional,SI,post,https://avesnativaschilenas.cl/cuidados/como-darle-de-comer-a-un-pichon-de-paloma/,Como alimentar a un pichon de paloma: guia segura paso a paso,9458,3
cuidados para pollitos,informacional,SI,post,https://avesnativaschilenas.cl/jaulas/para-gallinas-ponedoras/,Jaulas para Gallinas Ponedoras: Guia de Compra 2026,15281,100
cuáles son los pájaros,mixto,SI/Parcial,post,https://avesnativaschilenas.cl/cuidados/si-los-pajaros-no-se-preocupan-por-que-comer/,si los pajaros no se preocupan por que comer,9421,2
de bailarina de ballet,mixto,NO,,,,,1
diamante mandarin gris,mixto,SI/Parcial,post,https://avesnativaschilenas.cl/cuidados/guia-completa-para-el-cuidado-de-tu-diamante-mandarin-primeros-pasos-esenciales-para-asegurar-su-bienestar/,Guía Completa para el Cuidado de tu Diamante Mandarín: Primeros Pasos Esenciales para Asegurar su Bienestar,7383,2
diamante pajaro precio,comercial,NO,,,,,1
diamante pico de plata,mixto,SI/Parcial,post,https://avesnativaschilenas.cl/terrestres/mirlo/pajaro-negro-de-pico-largo/,¿Quién es el pájaro negro de pico largo? Descúbrelo aquí,11056,2
diez condores chilenos,mixto,NO,,,,,1
dormideros para gallos,mixto,SI,post,https://avesnativaschilenas.cl/jaulas/para-gallinas-ponedoras/,Jaulas para Gallinas Ponedoras: Guia de Compra 2026,15281,100
el aguila en la biblia,mixto,SI,post,https://avesnativaschilenas.cl/aguilas/caracteristicas-de-las-aguilas-segun-la-biblia/,El Aguila en la Biblia: significado espiritual y versiculos clave,1857,5
el comedero de pajaros,mixto,SI,post,https://avesnativaschilenas.cl/tienda/comederos/,Los mejores comederos para jaulas de pájaros : guía de compra y recomendaciones,2194,100
el condor de los andes,mixto,SI,post,https://avesnativaschilenas.cl/rapaces/2-razones-para-proteger-el-condor-de-los-andes/,2 razones para proteger el cóndor de los andes,9439,5
el estudio de las aves,mixto,SI,post,https://avesnativaschilenas.cl/cuidados/por-que-el-excremento-de-las-aves-es-de-consistencia-liquida/,por qué el excremento de las aves es de consistencia líquida,9368,4
el refugio del colibri,mixto,SI/Parcial,post,https://avesnativaschilenas.cl/picaflor/significado-espiritual-del-colibri-y-tatuajes-de-picaflor/,Significado espiritual del colibrí y tatuajes de picaflor: simbolismo y creencias,14221,2
el águila caera biblia,mixto,SI,post,https://avesnativaschilenas.cl/aguilas/caracteristicas-de-las-aguilas-segun-la-biblia/,El Aguila en la Biblia: significado espiritual y versiculos clave,1857,3
el águila en la biblia,mixto,SI,post,https://avesnativaschilenas.cl/aguilas/caracteristicas-de-las-aguilas-segun-la-biblia/,El Aguila en la Biblia: significado espiritual y versiculos clave,1857,5
espaldas de fuego aves,mixto,SI/Parcial,post,https://avesnativaschilenas.cl/jaulas/accesorios-para-jaulas/,Accesorios para Jaulas de Aves: Todo lo que Necesitas,15289,2
estudio de los pajaros,mixto,SI,post,https://avesnativaschilenas.cl/redes/descubre-como-esta-red-verde-de-4x10m-protege-tus-plantas-y-frutas-de-los-pajaros-imperdible/,Descubre cómo esta red verde de 4x10m protege tus plantas y frutas de los pájaros ¡Imperdible!,8502,3
estudiosos de las aves,mixto,SI,post,https://avesnativaschilenas.cl/blog/importancia-de-las-aves-en-chile/,Importancia de las aves en Chile: su rol en los ecosistemas y la conservacion nacional,15082,3
faisan amarillo dorado,mixto,NO,,,,,1
faisan dorado amarillo,mixto,NO,,,,,1
faisan tragopan precio,comercial,NO,,,,,1
faisanes mercado libre,mixto,NO,,,,,1
faisán tragopan precio,comercial,NO,,,,,1
falconiformes ejemplos,mixto,NO,,,,,1
familia de los cuervos,informacional,SI/Parcial,post,https://avesnativaschilenas.cl/blog/importancia-de-las-aves-en-chile/,Importancia de las aves en Chile: su rol en los ecosistemas y la conservacion nacional,15082,2
fernando sosa bailarin,mixto,NO,,,,,1
fotos de aves exoticas,mixto,SI,post,https://avesnativaschilenas.cl/nidos/descubre-el-secreto-para-atraer-aves-exoticas-a-tu-jardin-con-estos-nidos-de-madera-irresistibles/,Descubre el secreto para atraer aves exóticas a tu jardín con estos nidos de madera irresistibles!,7788,3
fotos de aves exóticas,mixto,SI,post,https://avesnativaschilenas.cl/nidos/descubre-el-secreto-para-atraer-aves-exoticas-a-tu-jardin-con-estos-nidos-de-madera-irresistibles/,Descubre el secreto para atraer aves exóticas a tu jardín con estos nidos de madera irresistibles!,7788,3
fotos de aves hermosas,mixto,SI/Parcial,post,https://avesnativaschilenas.cl/jaulas/accesorios-para-jaulas/,Accesorios para Jaulas de Aves: Todo lo que Necesitas,15289,2
fotos de aves pequeñas,mixto,SI,post,https://avesnativaschilenas.cl/nidos/descubre-los-8-forros-de-yute-perfectos-para-mimar-a-tus-canarios-y-pequenas-aves/,Descubre los 8 Forros de Yute Perfectos para Mimar a tus Canarios y Pequeñas Aves,8601,3
fotos de los pajaritos,mixto,SI/Parcial,post,https://avesnativaschilenas.cl/blog/importancia-de-las-aves-en-chile/,Importancia de las aves en Chile: su rol en los ecosistemas y la conservacion nacional,15082,2
fotos de pájaros rojos,mixto,SI/Parcial,post,https://avesnativaschilenas.cl/rapaces/lechuza/pajaros-blancos-que-vuelan-de-noche/,5 Fascinantes Pájaros Blancos que Vuelan de Noche,11061,2
fotos de tipos de aves,informacional,SI,post,https://avesnativaschilenas.cl/cuidados/tipo-de-alimentacion-de-las-aves/,Descubre los Tipos de Alimentación de las Aves: Guía Completa para Entender sus Dietas,11359,3
fotos pajaros exoticos,mixto,SI/Parcial,post,https://avesnativaschilenas.cl/nidos/descubre-el-asombroso-nido-trixie-el-hogar-ideal-para-tus-pajaros-exoticos/,Descubre el asombroso nido TRIXIE: ¡el hogar ideal para tus pájaros exóticos!,8368,2
fotos pajaros pequeños,mixto,SI/Parcial,post,https://avesnativaschilenas.cl/blog/pajaros-domesticos-pequenos/,pájaros domésticos pequeños,10416,2
gallineros para gallos,mixto,SI,post,https://avesnativaschilenas.cl/jaulas/para-gallinas-ponedoras/,Jaulas para Gallinas Ponedoras: Guia de Compra 2026,15281,100
gallos de pelea jaulas,mixto,SI,post,https://avesnativaschilenas.cl/jaulas/accesorios-para-jaulas/,Accesorios para Jaulas de Aves: Todo lo que Necesitas,15289,100
garza negra pico curvo,mixto,NO,,,,,1
gaviota hembra y macho,mixto,SI,post,https://avesnativaschilenas.cl/terrestres/pavo-real-diferencias-entre-macho-y-hembra-fotos/,Pavo Real: Diferencias entre Macho y Hembra + Fotos,11823,3
gaviota macho y hembra,mixto,SI,post,https://avesnativaschilenas.cl/terrestres/pavo-real-diferencias-entre-macho-y-hembra-fotos/,Pavo Real: Diferencias entre Macho y Hembra + Fotos,11823,3
gaviotas comen palomas,mixto,SI/Parcial,post,https://avesnativaschilenas.cl/migratorias/paloma/palomas-bebes/,"Cómo son los nidos de paloma, que comen y como cuidar pichones",2519,2
golondrinas argentinas,mixto,NO,,,,,1
guacamayo verde precio,comercial,SI,post,https://avesnativaschilenas.cl/jaulas/para-loros/descubre-el-secreto-para-mantener-la-jaula-de-tu-loro-siempre-limpia-y-fresca/,¡Descubre el secreto para mantener la jaula de tu loro siempre limpia y fresca!,8533,100
guia de aves argentina,mixto,SI,post,https://avesnativaschilenas.cl/jaulas/para-cotorras/,Jaulas para Cotorras: Guia de Compra para Cotorra Argentina y Australianas,15274,3
guia de aves de europa,mixto,SI,post,https://avesnativaschilenas.cl/marina/aves-de-isla-de-pascua-rapa-nui/,"Aves de Isla de Pascua (Rapa Nui): guía completa de especies, cultura y conservación",14225,3
habitat de las aguilas,informacional,SI,post,https://avesnativaschilenas.cl/aguilas/caracteristicas-de-las-aguilas-segun-la-biblia/,El Aguila en la Biblia: significado espiritual y versiculos clave,1857,3
halcon caracteristicas,informacional,NO,,,,,1
hembra martin pescador,mixto,SI/Parcial,page,https://avesnativaschilenas.cl/martin-pescador/,"Martín pescador Chileno: hábitat, alimentación y curiosidades de un tesoro acuatico",9858,2
hermosas aves exoticas,mixto,SI/Parcial,post,https://avesnativaschilenas.cl/nidos/descubre-el-secreto-para-atraer-aves-exoticas-a-tu-jardin-con-estos-nidos-de-madera-irresistibles/,Descubre el secreto para atraer aves exóticas a tu jardín con estos nidos de madera irresistibles!,7788,2
historia de la cigueña,informacional,SI,page,https://avesnativaschilenas.cl/ciguena/,La fascinante cigüeña blanca: una maravilla de la naturaleza,378,3
historia del pavo real,informacional,SI,post,https://avesnativaschilenas.cl/blog/de-que-esta-cubierta-la-piel-del-pavo-real/,de qué está cubierta la piel del pavo real,9402,3
hombre bailando ballet,mixto,NO,,,,,0
hábitat de los pájaros,informacional,SI,post,https://avesnativaschilenas.cl/redes/descubre-como-esta-red-verde-de-4x10m-protege-tus-plantas-y-frutas-de-los-pajaros-imperdible/,Descubre cómo esta red verde de 4x10m protege tus plantas y frutas de los pájaros ¡Imperdible!,8502,3
identificacion de aves,mixto,SI,page,https://avesnativaschilenas.cl/rapaces/,Aves de Rapina Chilenas: guia completa de identificacion y observacion,1661,3
imagenes aves hermosas,mixto,SI/Parcial,post,https://avesnativaschilenas.cl/libros/descubre-las-asombrosas-aves-chilenas-imagenes-y-datos-fascinantes-que-te-sorprenderan/,Descubre las asombrosas aves chilenas: imágenes y datos fascinantes que te sorprenderán,7273,2
imágenes del guacamayo,mixto,SI,post,https://avesnativaschilenas.cl/jaulas/para-loros/descubre-el-secreto-para-mantener-la-jaula-de-tu-loro-siempre-limpia-y-fresca/,¡Descubre el secreto para mantener la jaula de tu loro siempre limpia y fresca!,8533,100
incubadoras para loros,mixto,SI,post,https://avesnativaschilenas.cl/jaulas/para-loros/descubre-el-secreto-para-mantener-la-jaula-de-tu-loro-siempre-limpia-y-fresca/,¡Descubre el secreto para mantener la jaula de tu loro siempre limpia y fresca!,8533,100
informacion sobre aves,informacional,SI/Parcial,post,https://avesnativaschilenas.cl/cuidados/de-que-se-alimentan-las-aves/,¿De qué se alimentan las aves? Guía completa sobre la dieta aviar,11353,2
informacion sobre loro,informacional,SI,post,https://avesnativaschilenas.cl/jaulas/para-loros/descubre-el-secreto-para-mantener-la-jaula-de-tu-loro-siempre-limpia-y-fresca/,¡Descubre el secreto para mantener la jaula de tu loro siempre limpia y fresca!,8533,100
información de pajaros,informacional,SI/Parcial,post,https://avesnativaschilenas.cl/rapaces/lechuza/pajaros-blancos-que-vuelan-de-noche/,5 Fascinantes Pájaros Blancos que Vuelan de Noche,11061,2
información de pájaros,informacional,SI/Parcial,post,https://avesnativaschilenas.cl/rapaces/lechuza/pajaros-blancos-que-vuelan-de-noche/,5 Fascinantes Pájaros Blancos que Vuelan de Noche,11061,2
isaias 40 31 versiones,mixto,NO,,,,,0
jaula canario concurso,mixto,SI,post,https://avesnativaschilenas.cl/jaulas/accesorios-para-jaulas/,Accesorios para Jaulas de Aves: Todo lo que Necesitas,15289,100
jaula cobaya dos pisos,mixto,SI,post,https://avesnativaschilenas.cl/jaulas/accesorios-para-jaulas/,Accesorios para Jaulas de Aves: Todo lo que Necesitas,15289,100
jaula cria de canarios,mixto,SI,post,https://avesnativaschilenas.cl/jaulas/accesorios-para-jaulas/,Accesorios para Jaulas de Aves: Todo lo que Necesitas,15289,100
jaula de madera grande,mixto,SI,post,https://avesnativaschilenas.cl/jaulas/accesorios-para-jaulas/,Accesorios para Jaulas de Aves: Todo lo que Necesitas,15289,100
jaula de pajaro grande,mixto,SI,post,https://avesnativaschilenas.cl/jaulas/accesorios-para-jaulas/,Accesorios para Jaulas de Aves: Todo lo que Necesitas,15289,100
jaula de perico grande,mixto,SI,post,https://avesnativaschilenas.cl/jaulas/accesorios-para-jaulas/,Accesorios para Jaulas de Aves: Todo lo que Necesitas,15289,100
jaula de pollos casera,mixto,SI,post,https://avesnativaschilenas.cl/jaulas/accesorios-para-jaulas/,Accesorios para Jaulas de Aves: Todo lo que Necesitas,15289,100
jaula doble para loros,mixto,SI,post,https://avesnativaschilenas.cl/jaulas/accesorios-para-jaulas/,Accesorios para Jaulas de Aves: Todo lo que Necesitas,15289,100
jaula enorme para aves,mixto,SI,post,https://avesnativaschilenas.cl/jaulas/accesorios-para-jaulas/,Accesorios para Jaulas de Aves: Todo lo que Necesitas,15289,100
jaula exterior pajaros,mixto,SI,post,https://avesnativaschilenas.cl/jaulas/accesorios-para-jaulas/,Accesorios para Jaulas de Aves: Todo lo que Necesitas,15289,100
jaula gallina ponedora,mixto,SI,post,https://avesnativaschilenas.cl/jaulas/accesorios-para-jaulas/,Accesorios para Jaulas de Aves: Todo lo que Necesitas,15289,100
jaula grande de madera,mixto,SI,post,https://avesnativaschilenas.cl/jaulas/accesorios-para-jaulas/,Accesorios para Jaulas de Aves: Todo lo que Necesitas,15289,100
jaula guacamayo grande,mixto,SI,post,https://avesnativaschilenas.cl/jaulas/accesorios-para-jaulas/,Accesorios para Jaulas de Aves: Todo lo que Necesitas,15289,100
jaula hagen vision l01,mixto,SI,post,https://avesnativaschilenas.cl/jaulas/accesorios-para-jaulas/,Accesorios para Jaulas de Aves: Todo lo que Necesitas,15289,100
jaula hagen vision m01,mixto,SI,post,https://avesnativaschilenas.cl/jaulas/accesorios-para-jaulas/,Accesorios para Jaulas de Aves: Todo lo que Necesitas,15289,100
jaula hagen vision s01,mixto,SI,post,https://avesnativaschilenas.cl/jaulas/accesorios-para-jaulas/,Accesorios para Jaulas de Aves: Todo lo que Necesitas,15289,100
jaula ideal para loros,mixto,SI,post,https://avesnativaschilenas.cl/jaulas/accesorios-para-jaulas/,Accesorios para Jaulas de Aves: Todo lo que Necesitas,15289,100
jaula ideal para ninfa,mixto,SI,post,https://avesnativaschilenas.cl/jaulas/accesorios-para-jaulas/,Accesorios para Jaulas de Aves: Todo lo que Necesitas,15289,100
jaula pajaros exterior,mixto,SI,post,https://avesnativaschilenas.cl/jaulas/accesorios-para-jaulas/,Accesorios para Jaulas de Aves: Todo lo que Necesitas,15289,100
jaula para aves precio,comercial,SI,post,https://avesnativaschilenas.cl/jaulas/accesorios-para-jaulas/,Accesorios para Jaulas de Aves: Todo lo que Necesitas,15289,100
jaula para criar cuyes,mixto,SI,post,https://avesnativaschilenas.cl/jaulas/accesorios-para-jaulas/,Accesorios para Jaulas de Aves: Todo lo que Necesitas,15289,100
jaula para cuyo precio,comercial,SI,post,https://avesnativaschilenas.cl/jaulas/accesorios-para-jaulas/,Accesorios para Jaulas de Aves: Todo lo que Necesitas,15289,100
jaula para dos cobayas,mixto,SI,post,https://avesnativaschilenas.cl/jaulas/accesorios-para-jaulas/,Accesorios para Jaulas de Aves: Todo lo que Necesitas,15289,100
jaula para dos pajaros,mixto,SI,post,https://avesnativaschilenas.cl/jaulas/accesorios-para-jaulas/,Accesorios para Jaulas de Aves: Todo lo que Necesitas,15289,100
jaula para inseparable,mixto,SI,post,https://avesnativaschilenas.cl/jaulas/accesorios-para-jaulas/,Accesorios para Jaulas de Aves: Todo lo que Necesitas,15289,100
jaula para loro precio,comercial,SI,post,https://avesnativaschilenas.cl/jaulas/accesorios-para-jaulas/,Accesorios para Jaulas de Aves: Todo lo que Necesitas,15289,100
jaula para pavorreales,mixto,SI,post,https://avesnativaschilenas.cl/jaulas/accesorios-para-jaulas/,Accesorios para Jaulas de Aves: Todo lo que Necesitas,15289,100
jaula plastico hamster,mixto,SI,post,https://avesnativaschilenas.cl/jaulas/accesorios-para-jaulas/,Accesorios para Jaulas de Aves: Todo lo que Necesitas,15289,100
jaula plegable pajaros,mixto,SI,post,https://avesnativaschilenas.cl/jaulas/accesorios-para-jaulas/,Accesorios para Jaulas de Aves: Todo lo que Necesitas,15289,100
jaula trampa para aves,mixto,SI,post,https://avesnativaschilenas.cl/jaulas/accesorios-para-jaulas/,Accesorios para Jaulas de Aves: Todo lo que Necesitas,15289,100
jaulas canarios amazon,navegacional,SI,post,https://avesnativaschilenas.cl/jaulas/accesorios-para-jaulas/,Accesorios para Jaulas de Aves: Todo lo que Necesitas,15289,100
jaulas de gallos finos,mixto,SI,post,https://avesnativaschilenas.cl/jaulas/accesorios-para-jaulas/,Accesorios para Jaulas de Aves: Todo lo que Necesitas,15289,100
jaulas montana madeira,mixto,SI,post,https://avesnativaschilenas.cl/jaulas/accesorios-para-jaulas/,Accesorios para Jaulas de Aves: Todo lo que Necesitas,15289,100
jaulas para aves chile,mixto,SI,post,https://avesnativaschilenas.cl/jaulas/accesorios-para-jaulas/,Accesorios para Jaulas de Aves: Todo lo que Necesitas,15289,100
jaulas para cenzontles,mixto,SI,post,https://avesnativaschilenas.cl/jaulas/accesorios-para-jaulas/,Accesorios para Jaulas de Aves: Todo lo que Necesitas,15289,100
jaulas para gallos 1x1,mixto,SI,post,https://avesnativaschilenas.cl/jaulas/accesorios-para-jaulas/,Accesorios para Jaulas de Aves: Todo lo que Necesitas,15289,100
jaulas para guajolotes,mixto,SI,post,https://avesnativaschilenas.cl/jaulas/accesorios-para-jaulas/,Accesorios para Jaulas de Aves: Todo lo que Necesitas,15289,100
jaulas para loros yaco,mixto,SI,post,https://avesnativaschilenas.cl/jaulas/accesorios-para-jaulas/,Accesorios para Jaulas de Aves: Todo lo que Necesitas,15289,100
jaulas para periquitos,mixto,SI,post,https://avesnativaschilenas.cl/jaulas/accesorios-para-jaulas/,Accesorios para Jaulas de Aves: Todo lo que Necesitas,15289,100
jaulas usadas en venta,comercial,SI,post,https://avesnativaschilenas.cl/jaulas/accesorios-para-jaulas/,Accesorios para Jaulas de Aves: Todo lo que Necesitas,15289,100
juguetes para canarios,mixto,SI,post,https://avesnativaschilenas.cl/jaulas/accesorios-para-jaulas/,Accesorios para Jaulas de Aves: Todo lo que Necesitas,15289,100
juguetes para tortugas,mixto,SI,post,https://avesnativaschilenas.cl/jaulas/accesorios-para-jaulas/,Accesorios para Jaulas de Aves: Todo lo que Necesitas,15289,100
la bailarina de ballet,mixto,SI/Parcial,post,https://avesnativaschilenas.cl/blog/importancia-de-las-aves-en-chile/,Importancia de las aves en Chile: su rol en los ecosistemas y la conservacion nacional,15082,2
la vida de los pájaros,mixto,SI,post,https://avesnativaschilenas.cl/jaulas/modelos/transforma-la-vida-de-tus-pajaros-descubre-la-red-de-proteccion-que-todos-desean/,¡Transforma la vida de tus pájaros! Descubre la red de protección que todos desean,8372,4
lamparas jaula vintage,mixto,SI,post,https://avesnativaschilenas.cl/jaulas/accesorios-para-jaulas/,Accesorios para Jaulas de Aves: Todo lo que Necesitas,15289,100
las gaviotas ubicacion,mixto,SI/Parcial,post,https://avesnativaschilenas.cl/gaviotas/la-vida-secreta-de-las-aves-marinas/,La Vida Secreta de las Aves Marinas: Descubre sus Hábitos y Misterios,11042,2
las palomas rockypoint,mixto,SI/Parcial,post,https://avesnativaschilenas.cl/cuidados/enfermedades-de-las-palomas-y-limpieza-de-heces/,"Las palomas transmiten enfermedades? Mitos, riesgos reales y limpieza segura",15090,2
las palomas son plagas,mixto,SI,post,https://avesnativaschilenas.cl/migratorias/paloma/las-palomas-son-omnivoras/,¿Las Palomas Son Omnívoras? Descubre Su Dieta Variada y Saludable,11355,3
lechuza gigante blanca,mixto,SI/Parcial,post,https://avesnativaschilenas.cl/rapaces/lechuza/significado-de-ver-una-lechuza-blanca-en-la-noche/,significado de ver una lechuza blanca en la noche,9451,2
libros de aves rapaces,mixto,SI,post,https://avesnativaschilenas.cl/rapaces/falconidae-guia-completa-de-las-aves-rapaces-diurnas/,Falconidae: Guia Completa de las Aves Rapaces Diurnas,11822,3
lista de aves exóticas,mixto,SI,post,https://avesnativaschilenas.cl/blog/aves-en-peligro-de-extincion-en-chile-lista-2026-y-como-ayudarlas/,Aves en Peligro de Extincion en Chile: Lista 2026 y Como Ayudarlas,11834,3
little live pets jaula,mixto,SI,post,https://avesnativaschilenas.cl/jaulas/accesorios-para-jaulas/,Accesorios para Jaulas de Aves: Todo lo que Necesitas,15289,100
loro amazona albifrons,navegacional,SI,post,https://avesnativaschilenas.cl/jaulas/para-loros/descubre-el-secreto-para-mantener-la-jaula-de-tu-loro-siempre-limpia-y-fresca/,¡Descubre el secreto para mantener la jaula de tu loro siempre limpia y fresca!,8533,100
loro azul con amarillo,mixto,SI,post,https://avesnativaschilenas.cl/jaulas/para-loros/descubre-el-secreto-para-mantener-la-jaula-de-tu-loro-siempre-limpia-y-fresca/,¡Descubre el secreto para mantener la jaula de tu loro siempre limpia y fresca!,8533,100
loro barranquero habla,mixto,SI,post,https://avesnativaschilenas.cl/jaulas/para-loros/descubre-el-secreto-para-mantener-la-jaula-de-tu-loro-siempre-limpia-y-fresca/,¡Descubre el secreto para mantener la jaula de tu loro siempre limpia y fresca!,8533,100
loro con plumas azules,mixto,SI,post,https://avesnativaschilenas.cl/jaulas/para-loros/descubre-el-secreto-para-mantener-la-jaula-de-tu-loro-siempre-limpia-y-fresca/,¡Descubre el secreto para mantener la jaula de tu loro siempre limpia y fresca!,8533,100
loro cotorra argentina,mixto,SI,post,https://avesnativaschilenas.cl/jaulas/para-loros/descubre-el-secreto-para-mantener-la-jaula-de-tu-loro-siempre-limpia-y-fresca/,¡Descubre el secreto para mantener la jaula de tu loro siempre limpia y fresca!,8533,100
loro grande de colores,mixto,SI,post,https://avesnativaschilenas.cl/jaulas/para-loros/descubre-el-secreto-para-mantener-la-jaula-de-tu-loro-siempre-limpia-y-fresca/,¡Descubre el secreto para mantener la jaula de tu loro siempre limpia y fresca!,8533,100
loro gris precio chile,comercial,SI,post,https://avesnativaschilenas.cl/jaulas/para-loros/descubre-el-secreto-para-mantener-la-jaula-de-tu-loro-siempre-limpia-y-fresca/,¡Descubre el secreto para mantener la jaula de tu loro siempre limpia y fresca!,8533,100
loro verde cabeza roja,mixto,SI,post,https://avesnativaschilenas.cl/jaulas/para-loros/descubre-el-secreto-para-mantener-la-jaula-de-tu-loro-siempre-limpia-y-fresca/,¡Descubre el secreto para mantener la jaula de tu loro siempre limpia y fresca!,8533,100
loro yaco de cola roja,mixto,SI,post,https://avesnativaschilenas.cl/jaulas/para-loros/descubre-el-secreto-para-mantener-la-jaula-de-tu-loro-siempre-limpia-y-fresca/,¡Descubre el secreto para mantener la jaula de tu loro siempre limpia y fresca!,8533,100
loros en mercado libre,mixto,SI,post,https://avesnativaschilenas.cl/jaulas/para-loros/descubre-el-secreto-para-mantener-la-jaula-de-tu-loro-siempre-limpia-y-fresca/,¡Descubre el secreto para mantener la jaula de tu loro siempre limpia y fresca!,8533,100
loros grises africanos,mixto,SI,post,https://avesnativaschilenas.cl/jaulas/para-loros/descubre-el-secreto-para-mantener-la-jaula-de-tu-loro-siempre-limpia-y-fresca/,¡Descubre el secreto para mantener la jaula de tu loro siempre limpia y fresca!,8533,100
los colores de un loro,mixto,SI,post,https://avesnativaschilenas.cl/jaulas/para-loros/descubre-el-secreto-para-mantener-la-jaula-de-tu-loro-siempre-limpia-y-fresca/,¡Descubre el secreto para mantener la jaula de tu loro siempre limpia y fresca!,8533,100
los loros comen nueces,mixto,SI,post,https://avesnativaschilenas.cl/jaulas/para-loros/descubre-el-secreto-para-mantener-la-jaula-de-tu-loro-siempre-limpia-y-fresca/,¡Descubre el secreto para mantener la jaula de tu loro siempre limpia y fresca!,8533,100
los loros sienten amor,mixto,SI,post,https://avesnativaschilenas.cl/jaulas/para-loros/descubre-el-secreto-para-mantener-la-jaula-de-tu-loro-siempre-limpia-y-fresca/,¡Descubre el secreto para mantener la jaula de tu loro siempre limpia y fresca!,8533,100
los pájaros de colores,mixto,SI,post,https://avesnativaschilenas.cl/redes/descubre-como-esta-red-verde-de-4x10m-protege-tus-plantas-y-frutas-de-los-pajaros-imperdible/,Descubre cómo esta red verde de 4x10m protege tus plantas y frutas de los pájaros ¡Imperdible!,8502,3
mariemma conservatorio,mixto,NO,,,,,0
martin pescador animal,mixto,SI/Parcial,page,https://avesnativaschilenas.cl/martin-pescador/,"Martín pescador Chileno: hábitat, alimentación y curiosidades de un tesoro acuatico",9858,2
martin pescador blanco,mixto,SI/Parcial,page,https://avesnativaschilenas.cl/martin-pescador/,"Martín pescador Chileno: hábitat, alimentación y curiosidades de un tesoro acuatico",9858,2
martin pescador chiloe,mixto,SI/Parcial,page,https://avesnativaschilenas.cl/martin-pescador/,"Martín pescador Chileno: hábitat, alimentación y curiosidades de un tesoro acuatico",9858,2
martin pescador tamaño,mixto,SI/Parcial,page,https://avesnativaschilenas.cl/martin-pescador/,"Martín pescador Chileno: hábitat, alimentación y curiosidades de un tesoro acuatico",9858,2
martín pescador hembra,mixto,SI/Parcial,page,https://avesnativaschilenas.cl/martin-pescador/,"Martín pescador Chileno: hábitat, alimentación y curiosidades de un tesoro acuatico",9858,2
mixtura para agapornis,mixto,SI,post,https://avesnativaschilenas.cl/jaulas/para-loros/descubre-el-secreto-para-mantener-la-jaula-de-tu-loro-siempre-limpia-y-fresca/,¡Descubre el secreto para mantener la jaula de tu loro siempre limpia y fresca!,8533,100
nido de ninfas medidas,mixto,SI,post,https://avesnativaschilenas.cl/jaulas/para-ninfas/,Jaulas para Ninfas (Cockatiel): Guia de Compra y Medidas Ideales,15285,100
nido de zorzal chileno,mixto,SI,post,https://avesnativaschilenas.cl/jaulas/nidos-para-aves/,"Nidos para Aves: Tipos, Materiales y Como Elegir el Mejor",15288,100
no se fatigaran biblia,mixto,SI/Parcial,post,https://avesnativaschilenas.cl/cuidados/si-los-pajaros-no-se-preocupan-por-que-comer/,si los pajaros no se preocupan por que comer,9421,2
nombre de aves comunes,mixto,SI,post,https://avesnativaschilenas.cl/cuidados/sintomas-de-enfermedades-comunes-en-aves-domesticas/,Guía Completa sobre los Síntomas de Enfermedades Comunes en Aves Domésticas: Cómo Identificarlos y Actuar a Tiempo,6537,3
observacion de pajaros,mixto,SI/Parcial,post,https://avesnativaschilenas.cl/rapaces/lechuza/pajaros-blancos-que-vuelan-de-noche/,5 Fascinantes Pájaros Blancos que Vuelan de Noche,11061,2
pajarera para canarios,mixto,SI,post,https://avesnativaschilenas.cl/jaulas/para-canarios/,Jaulas para Canarios: Guia de Compra para tu Pajaro Cantor,15280,100
pajareras para pajaros,mixto,SI,post,https://avesnativaschilenas.cl/jaulas/pajareras/,Pajareras para Jardin: Guia de Compra y Decoracion,15278,100
pajareras y accesorios,mixto,SI,post,https://avesnativaschilenas.cl/jaulas/accesorios-para-jaulas/,Accesorios para Jaulas de Aves: Todo lo que Necesitas,15289,100
pajarito de pico largo,mixto,SI,post,https://avesnativaschilenas.cl/terrestres/mirlo/pajaro-negro-de-pico-largo/,¿Quién es el pájaro negro de pico largo? Descúbrelo aquí,11056,3
pajaro pico de colores,mixto,SI,post,https://avesnativaschilenas.cl/terrestres/mirlo/pajaro-negro-de-pico-largo/,¿Quién es el pájaro negro de pico largo? Descúbrelo aquí,11056,3
pajaros azules grandes,mixto,SI/Parcial,post,https://avesnativaschilenas.cl/nidos/descubre-el-corazon-animal-salvaje-la-casa-de-pajaros-que-tus-grandes-tetas-y-compania-adoran/,¡Descubre el corazón Animal Salvaje: la casa de pájaros que tus grandes tetas y compañía adoran!,8509,2
pajaros exoticos chile,mixto,SI/Parcial,post,https://avesnativaschilenas.cl/nidos/descubre-el-asombroso-nido-trixie-el-hogar-ideal-para-tus-pajaros-exoticos/,Descubre el asombroso nido TRIXIE: ¡el hogar ideal para tus pájaros exóticos!,8368,2
pajaros exoticos venta,comercial,SI/Parcial,post,https://avesnativaschilenas.cl/nidos/descubre-el-asombroso-nido-trixie-el-hogar-ideal-para-tus-pajaros-exoticos/,Descubre el asombroso nido TRIXIE: ¡el hogar ideal para tus pájaros exóticos!,8368,2
pajaros haciendo nidos,mixto,SI,post,https://avesnativaschilenas.cl/jaulas/nidos-para-aves/,"Nidos para Aves: Tipos, Materiales y Como Elegir el Mejor",15288,100
pajaros loros pequeños,mixto,SI,post,https://avesnativaschilenas.cl/jaulas/para-loros/descubre-el-secreto-para-mantener-la-jaula-de-tu-loro-siempre-limpia-y-fresca/,¡Descubre el secreto para mantener la jaula de tu loro siempre limpia y fresca!,8533,100
pajaros pecho colorado,mixto,NO,,,,,1
pajaros rojos pequeños,mixto,SI/Parcial,post,https://avesnativaschilenas.cl/blog/pajaros-domesticos-pequenos/,pájaros domésticos pequeños,10416,2
paloma turca de collar,mixto,SI/Parcial,post,https://avesnativaschilenas.cl/cuidados/piojos-de-paloma/,Piojos de Paloma: Como Identificarlos y Eliminarlos,15250,2
palomas comportamiento,mixto,NO,,,,,1
papilla psittacus mini,mixto,NO,,,,,1
paratifosis periquitos,mixto,SI,post,https://avesnativaschilenas.cl/jaulas/para-periquitos/,Jaulas para Periquitos: Guia de Compra Completa 2026,15284,100
partes de un pavo real,mixto,SI,post,https://avesnativaschilenas.cl/cuidados/como-distinguir-un-pavo-real-macho-de-una-hembra/,Como distinguir un pavo real macho de una hembra: diferencias reales y fotos,9393,4
pasta de cria agaporni,mixto,SI/Parcial,post,https://avesnativaschilenas.cl/nidos/descubre-el-nido-de-cria-perfecto-para-tus-aves-karlie-nistkasten-de-madera-natural/,¡Descubre el Nido de Cría Perfecto para Tus Aves! Karlie Nistkasten de Madera Natural,8284,2
pasta de cría canarios,mixto,SI,post,https://avesnativaschilenas.cl/jaulas/para-canarios/,Jaulas para Canarios: Guia de Compra para tu Pajaro Cantor,15280,100
pato anade real precio,comercial,NO,,,,,1
pato criollo argentino,mixto,NO,,,,,1
pato criollo doméstico,mixto,NO,,,,,1
pato silvestre peruano,mixto,NO,,,,,1
pavo real blanco macho,mixto,SI,post,https://avesnativaschilenas.cl/terrestres/pavo-real-diferencias-entre-macho-y-hembra-fotos/,Pavo Real: Diferencias entre Macho y Hembra + Fotos,11823,3
pavo real como mascota,informacional,SI,post,https://avesnativaschilenas.cl/cuidados/como-distinguir-un-pavo-real-macho-de-una-hembra/,Como distinguir un pavo real macho de una hembra: diferencias reales y fotos,9393,3
pavo real hembra fotos,mixto,SI,post,https://avesnativaschilenas.cl/terrestres/pavo-real-diferencias-entre-macho-y-hembra-fotos/,Pavo Real: Diferencias entre Macho y Hembra + Fotos,11823,4
pavo real macho blanco,mixto,SI,post,https://avesnativaschilenas.cl/terrestres/pavo-real-diferencias-entre-macho-y-hembra-fotos/,Pavo Real: Diferencias entre Macho y Hembra + Fotos,11823,3
pavos reales ala negra,mixto,NO,,,,,1
perico azul con blanco,mixto,SI,post,https://avesnativaschilenas.cl/jaulas/para-periquitos/,Jaulas para Periquitos: Guia de Compra Completa 2026,15284,100
perico copete amarillo,mixto,SI,post,https://avesnativaschilenas.cl/jaulas/para-periquitos/,Jaulas para Periquitos: Guia de Compra Completa 2026,15284,100
perico frente amarilla,mixto,SI,post,https://avesnativaschilenas.cl/jaulas/para-periquitos/,Jaulas para Periquitos: Guia de Compra Completa 2026,15284,100
perico monje argentino,mixto,SI,post,https://avesnativaschilenas.cl/jaulas/para-periquitos/,Jaulas para Periquitos: Guia de Compra Completa 2026,15284,100
periquito australianos,mixto,SI,post,https://avesnativaschilenas.cl/jaulas/para-periquitos/,Jaulas para Periquitos: Guia de Compra Completa 2026,15284,100
periquito de rabadilla,mixto,SI,post,https://avesnativaschilenas.cl/jaulas/para-periquitos/,Jaulas para Periquitos: Guia de Compra Completa 2026,15284,100
periquitos esplendidos,mixto,SI,post,https://avesnativaschilenas.cl/jaulas/para-periquitos/,Jaulas para Periquitos: Guia de Compra Completa 2026,15284,100
petirrojo alimentacion,informacional,NO,,,,,1
picaflor en la ventana,comercial,SI/Parcial,post,https://avesnativaschilenas.cl/blog/importancia-de-las-aves-en-chile/,Importancia de las aves en Chile: su rol en los ecosistemas y la conservacion nacional,15082,2
pie para jaula redonda,mixto,SI,post,https://avesnativaschilenas.cl/jaulas/accesorios-para-jaulas/,Accesorios para Jaulas de Aves: Todo lo que Necesitas,15289,100
pinguinos en galapagos,mixto,NO,,,,,1
plantas para pajareras,mixto,SI,post,https://avesnativaschilenas.cl/jaulas/pajareras/,Pajareras para Jardin: Guia de Compra y Decoracion,15278,100
playas de las gaviotas,mixto,SI,post,https://avesnativaschilenas.cl/gaviotas/la-vida-secreta-de-las-aves-marinas/,La Vida Secreta de las Aves Marinas: Descubre sus Hábitos y Misterios,11042,3
precio de un guacamayo,comercial,SI,post,https://avesnativaschilenas.cl/jaulas/para-loros/descubre-el-secreto-para-mantener-la-jaula-de-tu-loro-siempre-limpia-y-fresca/,¡Descubre el secreto para mantener la jaula de tu loro siempre limpia y fresca!,8533,100
psittacus formula mini,mixto,NO,,,,,1
psittacus high protein,mixto,NO,,,,,0
psittacus mini papilla,mixto,NO,,,,,1
purina aves de combate,mixto,SI/Parcial,post,https://avesnativaschilenas.cl/jaulas/accesorios-para-jaulas/,Accesorios para Jaulas de Aves: Todo lo que Necesitas,15289,2
purina ponedora precio,comercial,SI,post,https://avesnativaschilenas.cl/jaulas/para-gallinas-ponedoras/,Jaulas para Gallinas Ponedoras: Guia de Compra 2026,15281,100
pájaro jilguero precio,comercial,NO,,,,,1
pájaros azules nombres,mixto,SI/Parcial,post,https://avesnativaschilenas.cl/jilguero/nombres-para-pajaros-amarillos/,50 Nombres Creativos para tus Pájaros Amarillos,11055,2
pájaros de color verde,mixto,SI,post,https://avesnativaschilenas.cl/redes/descubre-como-esta-red-verde-de-4x10m-protege-tus-plantas-y-frutas-de-los-pajaros-imperdible/,Descubre cómo esta red verde de 4x10m protege tus plantas y frutas de los pájaros ¡Imperdible!,8502,3
pájaros mascota precio,comercial,SI/Parcial,post,https://avesnativaschilenas.cl/jaulas/accesorios/descubre-por-que-la-bandeja-yarnow-para-pajaros-transformara-el-cuidado-de-tu-mascota/,Descubre por qué la bandeja YARNOW para pájaros transformará el cuidado de tu mascota,8623,2
pájaros verdes nombres,mixto,SI/Parcial,post,https://avesnativaschilenas.cl/jilguero/nombres-para-pajaros-amarillos/,50 Nombres Creativos para tus Pájaros Amarillos,11055,2
qué comen los pichones,mixto,SI,post,https://avesnativaschilenas.cl/migratorias/paloma/palomas-bebes/,"Cómo son los nidos de paloma, que comen y como cuidar pichones",2519,4
rascaderos para gallos,mixto,SI,post,https://avesnativaschilenas.cl/jaulas/para-gallinas-ponedoras/,Jaulas para Gallinas Ponedoras: Guia de Compra 2026,15281,100
reproduccion agapornis,mixto,SI,post,https://avesnativaschilenas.cl/jaulas/para-loros/descubre-el-secreto-para-mantener-la-jaula-de-tu-loro-siempre-limpia-y-fresca/,¡Descubre el secreto para mantener la jaula de tu loro siempre limpia y fresca!,8533,100
revista de ornitologia,mixto,SI/Parcial,post,https://avesnativaschilenas.cl/ubicacion/aves-tipicas-de-santiago/,Descubre las aves típicas de Santiago: guía completa para amantes de la ornitología,2155,2
sonido de la bandurria,mixto,SI,post,https://avesnativaschilenas.cl/jaulas/nidos-para-aves/,"Nidos para Aves: Tipos, Materiales y Como Elegir el Mejor",15288,100
tipos de aves de chile,informacional,SI,post,https://avesnativaschilenas.cl/acuaticas/patos-chilenos/,"Patos de Chile: Tipos, Especies y Guia de Identificacion",15251,3
tipos de aves de presa,informacional,SI,post,https://avesnativaschilenas.cl/cuidados/tipo-de-alimentacion-de-las-aves/,Descubre los Tipos de Alimentación de las Aves: Guía Completa para Entender sus Dietas,11359,3
tipos de aves pequeñas,informacional,SI,post,https://avesnativaschilenas.cl/cuidados/tipo-de-alimentacion-de-las-aves/,Descubre los Tipos de Alimentación de las Aves: Guía Completa para Entender sus Dietas,11359,3
tipos de loros en perú,informacional,SI,post,https://avesnativaschilenas.cl/jaulas/para-loros/descubre-el-secreto-para-mantener-la-jaula-de-tu-loro-siempre-limpia-y-fresca/,¡Descubre el secreto para mantener la jaula de tu loro siempre limpia y fresca!,8533,100
tipos de nidos de aves,informacional,SI,post,https://avesnativaschilenas.cl/jaulas/nidos-para-aves/,"Nidos para Aves: Tipos, Materiales y Como Elegir el Mejor",15288,100
tipos de pajaros rojos,informacional,SI/Parcial,post,https://avesnativaschilenas.cl/acuaticas/patos-chilenos/,"Patos de Chile: Tipos, Especies y Guia de Identificacion",15251,2
todo sobre los pajaros,mixto,SI,post,https://avesnativaschilenas.cl/cuidados/guia-completa-sobre-las-caracteristicas-habitos-y-cuidados-de-los-jilgueros-todo-lo-que-debes-saber/,"Guía Completa sobre las Características, Hábitos y Cuidados de los Jilgueros: Todo lo que Debes Saber",8655,3
tolvas para periquitos,mixto,SI,post,https://avesnativaschilenas.cl/jaulas/para-periquitos/,Jaulas para Periquitos: Guia de Compra Completa 2026,15284,100
trampa jaula para aves,mixto,SI,post,https://avesnativaschilenas.cl/jaulas/accesorios-para-jaulas/,Accesorios para Jaulas de Aves: Todo lo que Necesitas,15289,100
trampera para cardenal,mixto,NO,,,,,1
tramperas para palomas,mixto,SI/Parcial,post,https://avesnativaschilenas.cl/jaulas/portatiles/descubre-la-jaula-plegable-perfecta-para-tus-mascotas-ideal-para-viajar-con-palomas-y-conejos/,Descubre la jaula plegable perfecta para tus mascotas: ¡ideal para viajar con palomas y conejos!,8605,2
tramperos para pajaros,mixto,SI/Parcial,post,https://avesnativaschilenas.cl/jaulas/voladeras/,Voladeras para Aves: Como Elegir la Mejor para tus Pajaros,15277,2
transporte golondrinas,mixto,NO,,,,,1
transportin para loros,mixto,SI,post,https://avesnativaschilenas.cl/jaulas/para-loros/descubre-el-secreto-para-mantener-la-jaula-de-tu-loro-siempre-limpia-y-fresca/,¡Descubre el secreto para mantener la jaula de tu loro siempre limpia y fresca!,8533,100
tucan esmeralda precio,comercial,NO,,,,,0
una jaula para pájaros,mixto,SI,post,https://avesnativaschilenas.cl/jaulas/accesorios-para-jaulas/,Accesorios para Jaulas de Aves: Todo lo que Necesitas,15289,100
variedad de periquitos,mixto,SI,post,https://avesnativaschilenas.cl/jaulas/para-periquitos/,Jaulas para Periquitos: Guia de Compra Completa 2026,15284,100
venta codornices vivas,comercial,SI,post,https://avesnativaschilenas.cl/jaulas/para-gallinas-ponedoras/,Jaulas para Gallinas Ponedoras: Guia de Compra 2026,15281,100
venta de cuervos vivos,comercial,SI/Parcial,page,https://avesnativaschilenas.cl/cuervo/,"Cuervos Chilenos: existen o no, y que significa verlos afuera de tu casa",6129,2
venta de jaulas trampa,comercial,SI,post,https://avesnativaschilenas.cl/jaulas/accesorios-para-jaulas/,Accesorios para Jaulas de Aves: Todo lo que Necesitas,15289,100
venta de jaulas usadas,comercial,SI,post,https://avesnativaschilenas.cl/jaulas/accesorios-para-jaulas/,Accesorios para Jaulas de Aves: Todo lo que Necesitas,15289,100
venta de pajaros chile,comercial,SI,post,https://avesnativaschilenas.cl/libros/descubre-los-secretos-de-avitopia-los-pajaros-de-chile-te-sorprenderan/,Descubre los secretos de AVITOPIA: ¡Los pájaros de Chile te sorprenderán!,7243,3
venta jaulas para aves,comercial,SI,post,https://avesnativaschilenas.cl/jaulas/accesorios-para-jaulas/,Accesorios para Jaulas de Aves: Todo lo que Necesitas,15289,100
versele laga agapornis,mixto,SI,post,https://avesnativaschilenas.cl/jaulas/para-loros/descubre-el-secreto-para-mantener-la-jaula-de-tu-loro-siempre-limpia-y-fresca/,¡Descubre el secreto para mantener la jaula de tu loro siempre limpia y fresca!,8533,100
vitaminas para palomas,mixto,SI/Parcial,post,https://avesnativaschilenas.cl/jaulas/portatiles/descubre-la-jaula-plegable-perfecta-para-tus-mascotas-ideal-para-viajar-con-palomas-y-conejos/,Descubre la jaula plegable perfecta para tus mascotas: ¡ideal para viajar con palomas y conejos!,8605,2
voladeras para pajaros,mixto,SI,post,https://avesnativaschilenas.cl/jaulas/voladeras/,Voladeras para Aves: Como Elegir la Mejor para tus Pajaros,15277,100
voladero de codornices,mixto,SI,post,https://avesnativaschilenas.cl/jaulas/para-gallinas-ponedoras/,Jaulas para Gallinas Ponedoras: Guia de Compra 2026,15281,100
voladeros de jilgueros,mixto,SI,post,https://avesnativaschilenas.cl/jaulas/voladeras/,Voladeras para Aves: Como Elegir la Mejor para tus Pajaros,15277,100
voladeros para palomas,mixto,SI,post,https://avesnativaschilenas.cl/jaulas/voladeras/,Voladeras para Aves: Como Elegir la Mejor para tus Pajaros,15277,100
voladeros para pájaros,mixto,SI,post,https://avesnativaschilenas.cl/jaulas/voladeras/,Voladeras para Aves: Como Elegir la Mejor para tus Pajaros,15277,100
águila y cuervo biblia,mixto,SI,post,https://avesnativaschilenas.cl/aguilas/que-significa-sonar-con-un-aguila-segun-la-biblia/,Que significa sonar con un aguila: interpretacion y simbolismo,9978,3
alimento para ponedora,mixto,SI,post,https://avesnativaschilenas.cl/jaulas/para-gallinas-ponedoras/,Jaulas para Gallinas Ponedoras: Guia de Compra 2026,15281,100
aves chilenas pequeñas,mixto,SI/Parcial,post,https://avesnativaschilenas.cl/marina/ave-marina-pico-rojo/,Aves marinas Chilenas con pico rojo​,8857,2
aves costeras de chile,mixto,SI,post,https://avesnativaschilenas.cl/blog/importancia-de-las-aves-en-chile/,Importancia de las aves en Chile: su rol en los ecosistemas y la conservacion nacional,15082,3
aves migratorias chile,mixto,SI,page,https://avesnativaschilenas.cl/migratorias/,Aves Migratorias que llegan a Chile,1739,3
aves pequeñas de chile,mixto,SI,post,https://avesnativaschilenas.cl/blog/importancia-de-las-aves-en-chile/,Importancia de las aves en Chile: su rol en los ecosistemas y la conservacion nacional,15082,3
canto de aves chilenas,mixto,SI,post,https://avesnativaschilenas.cl/libros/descubre-los-secretos-ocultos-de-las-aves-chilenas-en-este-tesoro-del-1902-no-te-lo-pierdas/,Descubre los secretos ocultos de las aves chilenas en este tesoro del 1902: ¡No te lo pierdas!,7259,3
comederos para pajaros,mixto,SI,post,https://avesnativaschilenas.cl/tienda/comederos/,Los mejores comederos para jaulas de pájaros : guía de compra y recomendaciones,2194,100
cuanto mide una aguila,mixto,SI,post,https://avesnativaschilenas.cl/aguilas/cuanto-mide-un-aguila-real-con-las-alas-abiertas/,Cuanto mide un aguila real con las alas abiertas,9362,3
cuanto vive una paloma,mixto,SI/Parcial,post,https://avesnativaschilenas.cl/cuidados/como-curar-a-una-paloma-herida-por-un-gato/,como curar a una paloma herida por un gato,9404,2
cuánto vive un colibrí,mixto,SI/Parcial,post,https://avesnativaschilenas.cl/picaflor/que-diferencia-hay-entre-un-colibri-y-un-picaflor/,Colibrí vs Picaflor: ¿Son lo mismo? 7 diferencias clave que los distinguen,9420,2
donde habita el cóndor,informacional,SI/Parcial,post,https://avesnativaschilenas.cl/rapaces/condor-andino-caracteristicas-habitat-y-donde-verlo-en-chile/,"Condor Andino: Caracteristicas, Habitat y Donde Verlo en Chile",11832,2
espantar a las palomas,mixto,SI/Parcial,post,https://avesnativaschilenas.cl/cuidados/enfermedades-de-las-palomas-y-limpieza-de-heces/,"Las palomas transmiten enfermedades? Mitos, riesgos reales y limpieza segura",15090,2
fotos de aves chilenas,mixto,SI,post,https://avesnativaschilenas.cl/libros/descubre-los-secretos-ocultos-de-las-aves-chilenas-en-este-tesoro-del-1902-no-te-lo-pierdas/,Descubre los secretos ocultos de las aves chilenas en este tesoro del 1902: ¡No te lo pierdas!,7259,3
golondrina significado,informacional,NO,,,,,1
gorrion macho y hembra,mixto,SI,post,https://avesnativaschilenas.cl/terrestres/pavo-real-diferencias-entre-macho-y-hembra-fotos/,Pavo Real: Diferencias entre Macho y Hembra + Fotos,11823,3
halcón peregrino chile,mixto,SI/Parcial,post,https://avesnativaschilenas.cl/blog/por-que-esta-en-peligro-de-extincion-el-halcon-peregrino/,por qué está en peligro de extincion el halcón peregrino,9157,2
jaula grande para aves,mixto,SI,post,https://avesnativaschilenas.cl/jaulas/accesorios-para-jaulas/,Accesorios para Jaulas de Aves: Todo lo que Necesitas,15289,100
jaulas para codornices,mixto,SI,post,https://avesnativaschilenas.cl/jaulas/accesorios-para-jaulas/,Accesorios para Jaulas de Aves: Todo lo que Necesitas,15289,100
martin pescador grande,mixto,SI/Parcial,page,https://avesnativaschilenas.cl/martin-pescador/,"Martín pescador Chileno: hábitat, alimentación y curiosidades de un tesoro acuatico",9858,2
martin pescador hembra,mixto,SI/Parcial,page,https://avesnativaschilenas.cl/martin-pescador/,"Martín pescador Chileno: hábitat, alimentación y curiosidades de un tesoro acuatico",9858,2
martin pescador pajaro,mixto,SI/Parcial,page,https://avesnativaschilenas.cl/martin-pescador/,"Martín pescador Chileno: hábitat, alimentación y curiosidades de un tesoro acuatico",9858,2
martín pescador pájaro,mixto,SI/Parcial,page,https://avesnativaschilenas.cl/martin-pescador/,"Martín pescador Chileno: hábitat, alimentación y curiosidades de un tesoro acuatico",9858,2
nectar para picaflores,mixto,NO,,,,,1
pajaros pequeños chile,mixto,SI/Parcial,post,https://avesnativaschilenas.cl/blog/pajaros-domesticos-pequenos/,pájaros domésticos pequeños,10416,2
pato silvestre chileno,mixto,NO,,,,,1
q comen las codornices,mixto,SI,post,https://avesnativaschilenas.cl/jaulas/para-gallinas-ponedoras/,Jaulas para Gallinas Ponedoras: Guia de Compra 2026,15281,100
tipos de aves en chile,informacional,SI,post,https://avesnativaschilenas.cl/blog/importancia-de-las-aves-en-chile/,Importancia de las aves en Chile: su rol en los ecosistemas y la conservacion nacional,15082,4
accesorios jaula cobaya,mixto,SI,post,https://avesnativaschilenas.cl/jaulas/accesorios-para-jaulas/,Accesorios para Jaulas de Aves: Todo lo que Necesitas,15289,100
accesorios para pajaros,mixto,SI,post,https://avesnativaschilenas.cl/jaulas/accesorios-para-jaulas/,Accesorios para Jaulas de Aves: Todo lo que Necesitas,15289,100
agua mansa las gaviotas,mixto,SI/Parcial,post,https://avesnativaschilenas.cl/gaviotas/la-vida-secreta-de-las-aves-marinas/,La Vida Secreta de las Aves Marinas: Descubre sus Hábitos y Misterios,11042,2
aguila americana tamaño,mixto,SI/Parcial,post,https://avesnativaschilenas.cl/aguilas/aguila-arpia/,"Aguila arpia en los bosques: tamano imponente, habitat y papel ecologico",1849,2
aguila arpia donde vive,informacional,SI/Parcial,post,https://avesnativaschilenas.cl/cisne/donde-vive-el-cisne-de-cuello-negro-en-chile/,donde vive el cisne de cuello negro en chile,9359,2
ahuyentar a las palomas,mixto,SI/Parcial,post,https://avesnativaschilenas.cl/cuidados/enfermedades-de-las-palomas-y-limpieza-de-heces/,"Las palomas transmiten enfermedades? Mitos, riesgos reales y limpieza segura",15090,2
albatros errante tamaño,mixto,SI/Parcial,post,https://avesnativaschilenas.cl/albatro/albatros-errante/,"Descubre los secretos del albatros errante: características, hábitat y curiosidades",466,2
alimentacion de colibri,informacional,SI/Parcial,post,https://avesnativaschilenas.cl/picaflor/significado-espiritual-del-colibri-y-tatuajes-de-picaflor/,Significado espiritual del colibrí y tatuajes de picaflor: simbolismo y creencias,14221,2
alimentacion de pajaros,informacional,SI,post,https://avesnativaschilenas.cl/jaulas/descubre-la-jaula-perfecta-para-tus-pajaros-2-puertas-y-4-bandejas-de-alimentacion-la-comodidad-sonada/,"Descubre la jaula perfecta para tus pájaros: 2 puertas y 4 bandejas de alimentación, ¡la comodidad soñada!",7327,3
alimentacion del cuervo,informacional,SI/Parcial,post,https://avesnativaschilenas.cl/gaviotas/guanay/,"Descubre las maravillas del guanay: hábitat, alimentación y características únicas",136,2
alimentacion del pajaro,informacional,SI/Parcial,post,https://avesnativaschilenas.cl/zanate/mitos-leyendas-zanate/,Significado del pajaro Zanate: Mitos y leyendas relacionados con los pichones y polluelos,9060,2
alimentacion golondrina,informacional,NO,,,,,1
alimentacion para pavos,informacional,SI/Parcial,post,https://avesnativaschilenas.cl/cuidados/tipo-de-alimentacion-de-las-aves/,Descubre los Tipos de Alimentación de las Aves: Guía Completa para Entender sus Dietas,11359,2
alimentación de palomas,informacional,SI/Parcial,post,https://avesnativaschilenas.cl/blog/palomas-urbanas-problema-salud-publica-chile/,Palomas urbanas en Chile: un problema de salud publica y como controlarlas,15094,2
alimento para polluelos,mixto,NO,,,,,1
alimentos para cotorras,mixto,SI,post,https://avesnativaschilenas.cl/jaulas/para-loros/descubre-el-secreto-para-mantener-la-jaula-de-tu-loro-siempre-limpia-y-fresca/,¡Descubre el secreto para mantener la jaula de tu loro siempre limpia y fresca!,8533,100
amazona aestiva aestiva,navegacional,NO,,,,,0
amazona cabeza amarilla,navegacional,NO,,,,,1
amazona farinosa precio,navegacional,NO,,,,,0
amazona frente amarilla,navegacional,NO,,,,,1
animales morados reales,mixto,NO,,,,,1
argentina biodiversidad,mixto,NO,,,,,1
articulos para canarios,mixto,SI,post,https://avesnativaschilenas.cl/jaulas/para-canarios/,Jaulas para Canarios: Guia de Compra para tu Pajaro Cantor,15280,100
asociación ornitológica,mixto,NO,,,,,0
ave asiatica galliforme,mixto,SI,page,https://avesnativaschilenas.cl/ave-asiatica-galliforme-sin-cresta-cola-larga/,Ave Asiatica Galliforme Sin Cresta de Cola Muy Larga: Identificacion,14122,3
ave marina con esmoquin,mixto,SI,post,https://avesnativaschilenas.cl/marina/ave-marina-pico-rojo/,Aves marinas Chilenas con pico rojo​,8857,3
ave nacional colombiana,mixto,SI/Parcial,post,https://avesnativaschilenas.cl/rapaces/porque-el-condor-es-el-ave-nacional-de-colombia/,porque el condor es el ave nacional de colombia,9444,2
ave negra de pico largo,mixto,SI,post,https://avesnativaschilenas.cl/terrestres/mirlo/pajaro-negro-de-pico-largo/,¿Quién es el pájaro negro de pico largo? Descúbrelo aquí,11056,3
ave siete colores chile,mixto,SI/Parcial,post,https://avesnativaschilenas.cl/acuaticas/ave-pescadora-de-las-costas-de-chile-y-ecuador/,ave pescadora de las costas de chile y ecuador,9425,2
aves acuaticas chilenas,mixto,SI,page,https://avesnativaschilenas.cl/acuaticas/,Aves Acuáticas y playeras Chilenas,1768,3
aves acuaticas de chile,mixto,SI,post,https://avesnativaschilenas.cl/pato/donde-viven-los-patos-y-de-que-se-alimentan/,Donde viven los patos y de que se alimentan: guia completa de aves acuaticas en Chile,9370,4
aves chile zona central,mixto,SI/Parcial,post,https://avesnativaschilenas.cl/blog/importancia-de-las-aves-en-chile/,Importancia de las aves en Chile: su rol en los ecosistemas y la conservacion nacional,15082,2
aves de argentina fotos,mixto,SI,post,https://avesnativaschilenas.cl/blog/que-aves-se-pueden-tener-de-mascota-en-argentina/,que aves se pueden tener de mascota en argentina,10418,3
aves de australia fotos,mixto,SI/Parcial,post,https://avesnativaschilenas.cl/jaulas/accesorios-para-jaulas/,Accesorios para Jaulas de Aves: Todo lo que Necesitas,15289,2
aves de colores dibujos,mixto,SI,post,https://avesnativaschilenas.cl/blog/las-aves-mas-coloridas-de-chile/,Descubre la impresionante belleza de las aves más coloridas de Chile: ¡una explosión de colores en la naturaleza!,559,3
aves de rapiña ejemplos,mixto,SI,post,https://avesnativaschilenas.cl/rapaces/excremento-de-aves-de-rapina-como-identificarlo-y-que-significa/,Excremento de Aves de Rapina: Como Identificarlo y Que Significa,11819,3
aves domésticas nombres,mixto,SI/Parcial,post,https://avesnativaschilenas.cl/cuidados/sintomas-de-enfermedades-comunes-en-aves-domesticas/,Guía Completa sobre los Síntomas de Enfermedades Comunes en Aves Domésticas: Cómo Identificarlos y Actuar a Tiempo,6537,2
aves en el sur de chile,mixto,SI,post,https://avesnativaschilenas.cl/libros/como-el-ruido-ambiental-transforma-la-vida-de-las-aves-paserinas-en-chile/,¿Cómo el ruido ambiental transforma la vida de las aves paserinas en Chile?,7231,5
aves exoticas argentina,mixto,SI/Parcial,post,https://avesnativaschilenas.cl/blog/que-aves-se-pueden-tener-de-mascota-en-argentina/,que aves se pueden tener de mascota en argentina,10418,2
aves exoticas de mexico,mixto,SI,post,https://avesnativaschilenas.cl/nidos/descubre-el-secreto-para-atraer-aves-exoticas-a-tu-jardin-con-estos-nidos-de-madera-irresistibles/,Descubre el secreto para atraer aves exóticas a tu jardín con estos nidos de madera irresistibles!,7788,3
aves exoticas del mundo,mixto,SI,post,https://avesnativaschilenas.cl/rapaces/excremento-de-las-aves-de-rapina/,El Curioso Mundo del Excremento de las Aves de Rapiña: Más Allá de un Simple Desecho,1903,3
aves exóticas de brasil,mixto,SI,post,https://avesnativaschilenas.cl/nidos/descubre-el-secreto-para-atraer-aves-exoticas-a-tu-jardin-con-estos-nidos-de-madera-irresistibles/,Descubre el secreto para atraer aves exóticas a tu jardín con estos nidos de madera irresistibles!,7788,3
aves exóticas de méxico,mixto,SI,post,https://avesnativaschilenas.cl/nidos/descubre-el-secreto-para-atraer-aves-exoticas-a-tu-jardin-con-estos-nidos-de-madera-irresistibles/,Descubre el secreto para atraer aves exóticas a tu jardín con estos nidos de madera irresistibles!,7788,3
aves hermosas del mundo,mixto,SI,post,https://avesnativaschilenas.cl/rapaces/excremento-de-las-aves-de-rapina/,El Curioso Mundo del Excremento de las Aves de Rapiña: Más Allá de un Simple Desecho,1903,3
aves marinas argentinas,mixto,SI/Parcial,post,https://avesnativaschilenas.cl/gaviotas/la-vida-secreta-de-las-aves-marinas/,La Vida Secreta de las Aves Marinas: Descubre sus Hábitos y Misterios,11042,2
aves nocturnas chilenas,mixto,SI/Parcial,post,https://avesnativaschilenas.cl/marina/ave-marina-pico-rojo/,Aves marinas Chilenas con pico rojo​,8857,2
aves ornamentales chile,mixto,SI/Parcial,post,https://avesnativaschilenas.cl/blog/importancia-de-las-aves-en-chile/,Importancia de las aves en Chile: su rol en los ecosistemas y la conservacion nacional,15082,2
aves para criar en casa,mixto,SI,post,https://avesnativaschilenas.cl/nidos/descubre-la-magica-casa-de-aves-perfecta-para-criar-pajaros-en-tu-jardin-sorprendete-ya/,Descubre la mágica casa de aves perfecta para criar pájaros en tu jardín: ¡Sorpréndete ya!,7731,5
aves para tener en casa,mixto,SI,post,https://avesnativaschilenas.cl/cuidados/cual-es-el-mejor-pajaro-para-tener-en-casa/,cuál es el mejor pájaro para tener en casa,9452,4
aves pescadoras marinas,mixto,SI/Parcial,post,https://avesnativaschilenas.cl/gaviotas/la-vida-secreta-de-las-aves-marinas/,La Vida Secreta de las Aves Marinas: Descubre sus Hábitos y Misterios,11042,2
aves rapaces americanas,mixto,SI/Parcial,post,https://avesnativaschilenas.cl/rapaces/falconidae-guia-completa-de-las-aves-rapaces-diurnas/,Falconidae: Guia Completa de las Aves Rapaces Diurnas,11822,2
aves rapaces por tamaño,mixto,SI,post,https://avesnativaschilenas.cl/rapaces/lechuza/aves-que-dan-miedo/,Las aves que dan miedo: ¡Un recorrido por las especies más aterradoras!,2145,3
aves raras de argentina,mixto,SI,post,https://avesnativaschilenas.cl/blog/que-aves-se-pueden-tener-de-mascota-en-argentina/,que aves se pueden tener de mascota en argentina,10418,3
aves silvestres nombres,mixto,SI/Parcial,post,https://avesnativaschilenas.cl/nidos/descubre-el-nido-de-aves-silvestres-de-madera-que-transformara-tu-jardin-en-un-paraiso-de-pajaros/,Descubre el nido de aves silvestres de madera que transformará tu jardín en un paraíso de pájaros,7693,2
aves tropicales nombres,mixto,SI/Parcial,page,https://avesnativaschilenas.cl/tropicales/,"Aves Tropicales Chilenas: Especies, Hábitats y Conservación [Guía 2026]",6286,2
avistamiento de pajaros,mixto,SI/Parcial,post,https://avesnativaschilenas.cl/rapaces/lechuza/pajaros-blancos-que-vuelan-de-noche/,5 Fascinantes Pájaros Blancos que Vuelan de Noche,11061,2
bailarin de tango copes,mixto,SI/Parcial,post,https://avesnativaschilenas.cl/rapaces/bailarin/,"Pajaro Bailarín, la Elegante Ave de Rapiña de Chile",1694,2
bailarin rudolf nureyev,mixto,NO,,,,,1
bailarina alicia alonso,mixto,NO,,,,,0
bailarina ballet cubana,mixto,NO,,,,,0
bailarina ballet famosa,mixto,NO,,,,,0
bailarina danza clasica,mixto,NO,,,,,0
bailarina louis mérante,mixto,NO,,,,,0
bailarín rudolf nureyev,mixto,NO,,,,,1
bailarín ruso de ballet,mixto,SI/Parcial,post,https://avesnativaschilenas.cl/rapaces/bailarin/,"Pajaro Bailarín, la Elegante Ave de Rapiña de Chile",1694,2
bandurria que significa,informacional,SI/Parcial,post,https://avesnativaschilenas.cl/blog/que-significa-la-visita-de-un-pajaro-gris-presagio-y-significado-espiritual/,Que Significa la Visita de un Pajaro Gris? Presagio y Significado Espiritual,11826,2
base para jaula de loro,mixto,SI,post,https://avesnativaschilenas.cl/jaulas/accesorios-para-jaulas/,Accesorios para Jaulas de Aves: Todo lo que Necesitas,15289,100
bateria jaulas canarios,mixto,SI,post,https://avesnativaschilenas.cl/jaulas/accesorios-para-jaulas/,Accesorios para Jaulas de Aves: Todo lo que Necesitas,15289,100
bateria para codornices,mixto,SI,post,https://avesnativaschilenas.cl/jaulas/para-gallinas-ponedoras/,Jaulas para Gallinas Ponedoras: Guia de Compra 2026,15281,100
bebederos para canarios,mixto,SI,post,https://avesnativaschilenas.cl/tienda/comederos/,Los mejores comederos para jaulas de pájaros : guía de compra y recomendaciones,2194,100
bebederos para lechones,mixto,SI,post,https://avesnativaschilenas.cl/tienda/comederos/,Los mejores comederos para jaulas de pájaros : guía de compra y recomendaciones,2194,100
bebederos para picaflor,mixto,SI,post,https://avesnativaschilenas.cl/tienda/comederos/,Los mejores comederos para jaulas de pájaros : guía de compra y recomendaciones,2194,100
biblia como las aguilas,informacional,SI,post,https://avesnativaschilenas.cl/rapaces/como-las-aguilas-ensenan-a-volar-a-sus-crias/,como las águilas enseñan a volar a sus crías,9353,3
buho adorno significado,informacional,SI/Parcial,post,https://avesnativaschilenas.cl/rapaces/lechuza/significado-de-ver-un-buho-blanco-en-la-noche/,significado de ver un buho blanco en la noche,9442,2
buho blanco significado,informacional,SI,post,https://avesnativaschilenas.cl/rapaces/lechuza/significado-de-ver-un-buho-blanco-en-la-noche/,significado de ver un buho blanco en la noche,9442,3
búho blanco significado,informacional,SI,post,https://avesnativaschilenas.cl/rapaces/lechuza/significado-de-ver-un-buho-blanco-en-la-noche/,significado de ver un buho blanco en la noche,9442,3
búho dorado significado,informacional,SI/Parcial,post,https://avesnativaschilenas.cl/rapaces/lechuza/significado-de-ver-un-buho-blanco-en-la-noche/,significado de ver un buho blanco en la noche,9442,2
calefaccion para jaulas,mixto,SI,post,https://avesnativaschilenas.cl/jaulas/accesorios-para-jaulas/,Accesorios para Jaulas de Aves: Todo lo que Necesitas,15289,100
camara comedero pajaros,mixto,SI,post,https://avesnativaschilenas.cl/tienda/comederos/,Los mejores comederos para jaulas de pájaros : guía de compra y recomendaciones,2194,100
camping en las gaviotas,mixto,SI,post,https://avesnativaschilenas.cl/blog/grupo-de-aves-marinas-al-que-pertenecen-las-gaviotas/,Grupo de aves marinas al que pertenecen las gaviotas: guia de la familia Laridae en Chile,9156,3
canario malinois precio,comercial,SI,post,https://avesnativaschilenas.cl/jaulas/para-canarios/,Jaulas para Canarios: Guia de Compra para tu Pajaro Cantor,15280,100
canario timbrado precio,comercial,SI,post,https://avesnativaschilenas.cl/jaulas/para-canarios/,Jaulas para Canarios: Guia de Compra para tu Pajaro Cantor,15280,100
canarios recién nacidos,mixto,SI,post,https://avesnativaschilenas.cl/jaulas/para-canarios/,Jaulas para Canarios: Guia de Compra para tu Pajaro Cantor,15280,100
canarios roller colores,mixto,SI,post,https://avesnativaschilenas.cl/jaulas/para-canarios/,Jaulas para Canarios: Guia de Compra para tu Pajaro Cantor,15280,100
cantos del zorzal comun,mixto,SI/Parcial,post,https://avesnativaschilenas.cl/terrestres/zorzal/zorzal-comun-turdus-philomelos/,Zorzal común (Turdus philomelos),9550,2
caracteristicas de loro,informacional,SI,post,https://avesnativaschilenas.cl/jaulas/para-loros/descubre-el-secreto-para-mantener-la-jaula-de-tu-loro-siempre-limpia-y-fresca/,¡Descubre el secreto para mantener la jaula de tu loro siempre limpia y fresca!,8533,100
carne de avestruz chile,mixto,SI/Parcial,post,https://avesnativaschilenas.cl/acuaticas/patos-chilenos/,"Patos de Chile: Tipos, Especies y Guia de Identificacion",15251,2
carne de codorniz venta,comercial,SI,post,https://avesnativaschilenas.cl/jaulas/para-gallinas-ponedoras/,Jaulas para Gallinas Ponedoras: Guia de Compra 2026,15281,100
casa para cuy de madera,mixto,SI,post,https://avesnativaschilenas.cl/nidos/descubre-la-casa-de-pajaros-perfecta-2x-cajas-de-madera-para-gorrion-que-encantaran-a-tus-aves/,Descubre la casa de pájaros perfecta: ¡2x cajas de madera para gorrión que encantarán a tus aves!,8517,4
casa para loros grandes,mixto,SI,post,https://avesnativaschilenas.cl/jaulas/para-loros/descubre-el-secreto-para-mantener-la-jaula-de-tu-loro-siempre-limpia-y-fresca/,¡Descubre el secreto para mantener la jaula de tu loro siempre limpia y fresca!,8533,100
cascanueces y bailarina,mixto,NO,,,,,1
clases de aves pequeñas,mixto,SI,post,https://avesnativaschilenas.cl/nidos/descubre-los-8-forros-de-yute-perfectos-para-mimar-a-tus-canarios-y-pequenas-aves/,Descubre los 8 Forros de Yute Perfectos para Mimar a tus Canarios y Pequeñas Aves,8601,3
codornices en sarcofago,mixto,SI,post,https://avesnativaschilenas.cl/jaulas/para-gallinas-ponedoras/,Jaulas para Gallinas Ponedoras: Guia de Compra 2026,15281,100
codorniz bebe que comen,mixto,SI,post,https://avesnativaschilenas.cl/jaulas/para-gallinas-ponedoras/,Jaulas para Gallinas Ponedoras: Guia de Compra 2026,15281,100
codorniz chilena hembra,mixto,SI,post,https://avesnativaschilenas.cl/jaulas/para-gallinas-ponedoras/,Jaulas para Gallinas Ponedoras: Guia de Compra 2026,15281,100
codorniz chilena huevos,mixto,SI,post,https://avesnativaschilenas.cl/jaulas/para-gallinas-ponedoras/,Jaulas para Gallinas Ponedoras: Guia de Compra 2026,15281,100
codorniz japonesa macho,mixto,SI,post,https://avesnativaschilenas.cl/jaulas/para-gallinas-ponedoras/,Jaulas para Gallinas Ponedoras: Guia de Compra 2026,15281,100
codorniz japonica jumbo,mixto,SI,post,https://avesnativaschilenas.cl/jaulas/para-gallinas-ponedoras/,Jaulas para Gallinas Ponedoras: Guia de Compra 2026,15281,100
codorniz jaulas caseras,mixto,SI,post,https://avesnativaschilenas.cl/jaulas/accesorios-para-jaulas/,Accesorios para Jaulas de Aves: Todo lo que Necesitas,15289,100
codorniz jumbo japonica,mixto,SI,post,https://avesnativaschilenas.cl/jaulas/para-gallinas-ponedoras/,Jaulas para Gallinas Ponedoras: Guia de Compra 2026,15281,100
comedero casero pajaros,mixto,SI,post,https://avesnativaschilenas.cl/tienda/comederos/,Los mejores comederos para jaulas de pájaros : guía de compra y recomendaciones,2194,100
comedero colibri casero,mixto,SI,post,https://avesnativaschilenas.cl/tienda/comederos/,Los mejores comederos para jaulas de pájaros : guía de compra y recomendaciones,2194,100
comedero de aves casero,mixto,SI,post,https://avesnativaschilenas.cl/tienda/comederos/,Los mejores comederos para jaulas de pájaros : guía de compra y recomendaciones,2194,100
comedero interior jaula,mixto,SI,post,https://avesnativaschilenas.cl/jaulas/accesorios-para-jaulas/,Accesorios para Jaulas de Aves: Todo lo que Necesitas,15289,100
comedero pajaros balcon,mixto,SI,post,https://avesnativaschilenas.cl/tienda/comederos/,Los mejores comederos para jaulas de pájaros : guía de compra y recomendaciones,2194,100
comedero pajaros camara,mixto,SI,post,https://avesnativaschilenas.cl/tienda/comederos/,Los mejores comederos para jaulas de pájaros : guía de compra y recomendaciones,2194,100
comedero pajaros casero,mixto,SI,post,https://avesnativaschilenas.cl/tienda/comederos/,Los mejores comederos para jaulas de pájaros : guía de compra y recomendaciones,2194,100
comedero pajaros madera,mixto,SI,post,https://avesnativaschilenas.cl/tienda/comederos/,Los mejores comederos para jaulas de pájaros : guía de compra y recomendaciones,2194,100
comedero para agapornis,mixto,SI,post,https://avesnativaschilenas.cl/tienda/comederos/,Los mejores comederos para jaulas de pájaros : guía de compra y recomendaciones,2194,100
comedero para gorriones,mixto,SI,post,https://avesnativaschilenas.cl/tienda/comederos/,Los mejores comederos para jaulas de pájaros : guía de compra y recomendaciones,2194,100
comedero para jilgueros,mixto,SI,post,https://avesnativaschilenas.cl/tienda/comederos/,Los mejores comederos para jaulas de pájaros : guía de compra y recomendaciones,2194,100
comedero perdices campo,mixto,SI,post,https://avesnativaschilenas.cl/tienda/comederos/,Los mejores comederos para jaulas de pájaros : guía de compra y recomendaciones,2194,100
comedero pájaros casero,mixto,SI,post,https://avesnativaschilenas.cl/tienda/comederos/,Los mejores comederos para jaulas de pájaros : guía de compra y recomendaciones,2194,100
comedero pájaros jardín,mixto,SI,post,https://avesnativaschilenas.cl/tienda/comederos/,Los mejores comederos para jaulas de pájaros : guía de compra y recomendaciones,2194,100
comedero tolva canarios,mixto,SI,post,https://avesnativaschilenas.cl/tienda/comederos/,Los mejores comederos para jaulas de pájaros : guía de compra y recomendaciones,2194,100
comederos de periquitos,mixto,SI,post,https://avesnativaschilenas.cl/tienda/comederos/,Los mejores comederos para jaulas de pájaros : guía de compra y recomendaciones,2194,100
comederos para canarios,mixto,SI,post,https://avesnativaschilenas.cl/tienda/comederos/,Los mejores comederos para jaulas de pájaros : guía de compra y recomendaciones,2194,100
comederos para cotorros,mixto,SI,post,https://avesnativaschilenas.cl/tienda/comederos/,Los mejores comederos para jaulas de pájaros : guía de compra y recomendaciones,2194,100
comederos para pollitos,mixto,SI,post,https://avesnativaschilenas.cl/tienda/comederos/,Los mejores comederos para jaulas de pájaros : guía de compra y recomendaciones,2194,100
comida para paloma bebe,mixto,SI/Parcial,post,https://avesnativaschilenas.cl/nidos/descubre-el-secreto-para-criar-aves-felices-15-accesorios-imprescindibles-para-tu-paloma/,¡Descubre el secreto para criar aves felices! 15 accesorios imprescindibles para tu paloma.,7782,2
como hacer una pajarera,informacional,SI,post,https://avesnativaschilenas.cl/jaulas/pajareras/,Pajareras para Jardin: Guia de Compra y Decoracion,15278,100
compra de aves exóticas,comercial,SI,post,https://avesnativaschilenas.cl/nidos/descubre-el-secreto-para-atraer-aves-exoticas-a-tu-jardin-con-estos-nidos-de-madera-irresistibles/,Descubre el secreto para atraer aves exóticas a tu jardín con estos nidos de madera irresistibles!,7788,3
comprar canarios online,comercial,SI,post,https://avesnativaschilenas.cl/jaulas/para-canarios/,Jaulas para Canarios: Guia de Compra para tu Pajaro Cantor,15280,100
comprar jaula para loro,comercial,SI,post,https://avesnativaschilenas.cl/jaulas/accesorios-para-jaulas/,Accesorios para Jaulas de Aves: Todo lo que Necesitas,15289,100
condominios las palomas,mixto,SI/Parcial,post,https://avesnativaschilenas.cl/cuidados/enfermedades-de-las-palomas-y-limpieza-de-heces/,"Las palomas transmiten enfermedades? Mitos, riesgos reales y limpieza segura",15090,2
condor andino extincion,informacional,SI/Parcial,post,https://avesnativaschilenas.cl/rapaces/condor-andino-caracteristicas-habitat-y-donde-verlo-en-chile/,"Condor Andino: Caracteristicas, Habitat y Donde Verlo en Chile",11832,2
condor bus puerto varas,mixto,NO,,,,,1
cotorra argentina jaula,mixto,SI,post,https://avesnativaschilenas.cl/jaulas/accesorios-para-jaulas/,Accesorios para Jaulas de Aves: Todo lo que Necesitas,15289,100
cotorra argentina macho,mixto,SI,post,https://avesnativaschilenas.cl/jaulas/para-loros/descubre-el-secreto-para-mantener-la-jaula-de-tu-loro-siempre-limpia-y-fresca/,¡Descubre el secreto para mantener la jaula de tu loro siempre limpia y fresca!,8533,100
cotorra cabeza amarilla,mixto,SI,post,https://avesnativaschilenas.cl/jaulas/para-loros/descubre-el-secreto-para-mantener-la-jaula-de-tu-loro-siempre-limpia-y-fresca/,¡Descubre el secreto para mantener la jaula de tu loro siempre limpia y fresca!,8533,100
cotorra kramer amarilla,mixto,SI,post,https://avesnativaschilenas.cl/jaulas/para-loros/descubre-el-secreto-para-mantener-la-jaula-de-tu-loro-siempre-limpia-y-fresca/,¡Descubre el secreto para mantener la jaula de tu loro siempre limpia y fresca!,8533,100
cotorra verde argentina,mixto,SI,post,https://avesnativaschilenas.cl/jaulas/para-loros/descubre-el-secreto-para-mantener-la-jaula-de-tu-loro-siempre-limpia-y-fresca/,¡Descubre el secreto para mantener la jaula de tu loro siempre limpia y fresca!,8533,100
cotorras de cabeza roja,mixto,SI,post,https://avesnativaschilenas.cl/jaulas/para-loros/descubre-el-secreto-para-mantener-la-jaula-de-tu-loro-siempre-limpia-y-fresca/,¡Descubre el secreto para mantener la jaula de tu loro siempre limpia y fresca!,8533,100
cria codornices en casa,mixto,SI,post,https://avesnativaschilenas.cl/jaulas/para-gallinas-ponedoras/,Jaulas para Gallinas Ponedoras: Guia de Compra 2026,15281,100
crucero las golondrinas,mixto,SI/Parcial,post,https://avesnativaschilenas.cl/migratorias/golondrina/cual-es-la-hora-en-que-ocurre-la-magia-de-las-golondrinas/,cuál es la hora en que ocurre la magia de las golondrinas,9438,2
cuidados de una cotorra,informacional,SI,post,https://avesnativaschilenas.cl/jaulas/para-loros/descubre-el-secreto-para-mantener-la-jaula-de-tu-loro-siempre-limpia-y-fresca/,¡Descubre el secreto para mantener la jaula de tu loro siempre limpia y fresca!,8533,100
curiosidades del zorzal,informacional,SI/Parcial,post,https://avesnativaschilenas.cl/gaviotas/gaviota-pacifico/,"Gaviota del Pacifico: Identificacion, Habitat y Curiosidades",3026,2
cuáles son las cacatúas,mixto,SI,post,https://avesnativaschilenas.cl/jaulas/para-loros/descubre-el-secreto-para-mantener-la-jaula-de-tu-loro-siempre-limpia-y-fresca/,¡Descubre el secreto para mantener la jaula de tu loro siempre limpia y fresca!,8533,100
cuáles son las cotorras,mixto,SI,post,https://avesnativaschilenas.cl/jaulas/para-loros/descubre-el-secreto-para-mantener-la-jaula-de-tu-loro-siempre-limpia-y-fresca/,¡Descubre el secreto para mantener la jaula de tu loro siempre limpia y fresca!,8533,100
cómo hacer una pajarera,informacional,SI,post,https://avesnativaschilenas.cl/jaulas/pajareras/,Pajareras para Jardin: Guia de Compra y Decoracion,15278,100
cómo hacer una voladera,informacional,SI,post,https://avesnativaschilenas.cl/jaulas/voladeras/,Voladeras para Aves: Como Elegir la Mejor para tus Pajaros,15277,100
diamante de gould macho,mixto,SI/Parcial,post,https://avesnativaschilenas.cl/cuidados/como-distinguir-un-pavo-real-macho-de-una-hembra/,Como distinguir un pavo real macho de una hembra: diferencias reales y fotos,9393,2
diamante mandarin bruno,mixto,SI/Parcial,post,https://avesnativaschilenas.cl/cuidados/guia-completa-para-el-cuidado-de-tu-diamante-mandarin-primeros-pasos-esenciales-para-asegurar-su-bienestar/,Guía Completa para el Cuidado de tu Diamante Mandarín: Primeros Pasos Esenciales para Asegurar su Bienestar,7383,2
diamante mandarin gould,mixto,SI/Parcial,post,https://avesnativaschilenas.cl/cuidados/guia-completa-para-el-cuidado-de-tu-diamante-mandarin-primeros-pasos-esenciales-para-asegurar-su-bienestar/,Guía Completa para el Cuidado de tu Diamante Mandarín: Primeros Pasos Esenciales para Asegurar su Bienestar,7383,2
diamante mandarin jaula,mixto,SI,post,https://avesnativaschilenas.cl/jaulas/accesorios-para-jaulas/,Accesorios para Jaulas de Aves: Todo lo que Necesitas,15289,100
diamante mandarin macho,mixto,SI/Parcial,post,https://avesnativaschilenas.cl/cuidados/guia-completa-para-el-cuidado-de-tu-diamante-mandarin-primeros-pasos-esenciales-para-asegurar-su-bienestar/,Guía Completa para el Cuidado de tu Diamante Mandarín: Primeros Pasos Esenciales para Asegurar su Bienestar,7383,2
diamante mandarín macho,mixto,SI/Parcial,post,https://avesnativaschilenas.cl/cuidados/guia-completa-para-el-cuidado-de-tu-diamante-mandarin-primeros-pasos-esenciales-para-asegurar-su-bienestar/,Guía Completa para el Cuidado de tu Diamante Mandarín: Primeros Pasos Esenciales para Asegurar su Bienestar,7383,2
diamantes pajaros tipos,informacional,NO,,,,,1
diferentes pavos reales,mixto,NO,,,,,1
diseño jaulas para aves,mixto,SI,post,https://avesnativaschilenas.cl/jaulas/accesorios-para-jaulas/,Accesorios para Jaulas de Aves: Todo lo que Necesitas,15289,100
distintos tipos de aves,informacional,SI,post,https://avesnativaschilenas.cl/cuidados/tipo-de-alimentacion-de-las-aves/,Descubre los Tipos de Alimentación de las Aves: Guía Completa para Entender sus Dietas,11359,3
donde viven las aguilas,informacional,SI/Parcial,post,https://avesnativaschilenas.cl/aguilas/renovacion-espiritual-segun-las-ensenanzas-del-aguila/,Renovacion espiritual segun las ensenanzas del aguila,9507,2
donde viven las palomas,informacional,SI/Parcial,post,https://avesnativaschilenas.cl/cuidados/enfermedades-de-las-palomas-y-limpieza-de-heces/,"Las palomas transmiten enfermedades? Mitos, riesgos reales y limpieza segura",15090,2
donde viven los cuervos,informacional,SI,post,https://avesnativaschilenas.cl/pato/donde-viven-los-patos-y-de-que-se-alimentan/,Donde viven los patos y de que se alimentan: guia completa de aves acuaticas en Chile,9370,3
el colibrí en la biblia,mixto,SI,post,https://avesnativaschilenas.cl/aguilas/caracteristicas-de-las-aguilas-segun-la-biblia/,El Aguila en la Biblia: significado espiritual y versiculos clave,1857,4
el mundo de los pajaros,mixto,SI,post,https://avesnativaschilenas.cl/nidos/descubre-el-magico-mundo-de-los-pajaros-comederos-de-madera-que-transformaran-tu-jardin/,Descubre el mágico mundo de los pájaros: ¡Comederos de madera que transformarán tu jardín!,7436,5
el pavo real tiene alas,mixto,SI,post,https://avesnativaschilenas.cl/blog/el-pavo-real-esta-en-peligro-de-extincion/,El Pavo Real en Peligro de Extinción: Todo lo que Necesitas Saber para Protegerlo,9999,3
especie de ave de presa,mixto,SI,post,https://avesnativaschilenas.cl/migratorias/paloma/,"Palomas domesticas: características, curiosidades y cuidados de esta especie de ave urbana",744,3
faisan de collar precio,comercial,SI/Parcial,post,https://avesnativaschilenas.cl/chorlo/chorlo-de-collar/,"Chorlo de Collar: Características, Hábitat y Comportamiento",76,2
falco sparverius precio,comercial,NO,,,,,0
familia de las gaviotas,informacional,SI,post,https://avesnativaschilenas.cl/blog/grupo-de-aves-marinas-al-que-pertenecen-las-gaviotas/,Grupo de aves marinas al que pertenecen las gaviotas: guia de la familia Laridae en Chile,9156,4
figura buho significado,informacional,SI/Parcial,post,https://avesnativaschilenas.cl/rapaces/lechuza/significado-de-ver-un-buho-blanco-en-la-noche/,significado de ver un buho blanco en la noche,9442,2
flor de la garza blanca,mixto,SI,post,https://avesnativaschilenas.cl/fardela/fardela-blanca-de-juan-fernandez/,¿Conoces la Fardela Blanca de Juan Fernández? Descúbrela Aquí,11063,3
foto de pavo real macho,mixto,SI,post,https://avesnativaschilenas.cl/cuidados/como-distinguir-un-pavo-real-macho-de-una-hembra/,Como distinguir un pavo real macho de una hembra: diferencias reales y fotos,9393,4
fotos de aves de méxico,mixto,SI/Parcial,post,https://avesnativaschilenas.cl/jaulas/accesorios-para-jaulas/,Accesorios para Jaulas de Aves: Todo lo que Necesitas,15289,2
fotos de pájaros azules,mixto,SI/Parcial,post,https://avesnativaschilenas.cl/rapaces/lechuza/pajaros-blancos-que-vuelan-de-noche/,5 Fascinantes Pájaros Blancos que Vuelan de Noche,11061,2
fotos de pájaros gratis,mixto,SI/Parcial,post,https://avesnativaschilenas.cl/rapaces/lechuza/pajaros-blancos-que-vuelan-de-noche/,5 Fascinantes Pájaros Blancos que Vuelan de Noche,11061,2
fotos de pájaros lindos,mixto,SI/Parcial,post,https://avesnativaschilenas.cl/rapaces/lechuza/pajaros-blancos-que-vuelan-de-noche/,5 Fascinantes Pájaros Blancos que Vuelan de Noche,11061,2
gallinero de codornices,mixto,SI,post,https://avesnativaschilenas.cl/jaulas/para-gallinas-ponedoras/,Jaulas para Gallinas Ponedoras: Guia de Compra 2026,15281,100
garzas blancas pequeñas,mixto,NO,,,,,1
golondrina curiosidades,informacional,SI/Parcial,post,https://avesnativaschilenas.cl/migratorias/golondrina/,"Descubre todo sobre las golondrinas: características, hábitats y curiosidades",3170,2
gorriones en cautiverio,mixto,NO,,,,,1
guacamaya ara militaris,mixto,NO,,,,,0
guacamaya verde militar,mixto,NO,,,,,1
guacamayo cuanto cuesta,mixto,SI,post,https://avesnativaschilenas.cl/jaulas/para-loros/descubre-el-secreto-para-mantener-la-jaula-de-tu-loro-siempre-limpia-y-fresca/,¡Descubre el secreto para mantener la jaula de tu loro siempre limpia y fresca!,8533,100
guacamayo jacinto venta,comercial,SI,post,https://avesnativaschilenas.cl/jaulas/para-loros/descubre-el-secreto-para-mantener-la-jaula-de-tu-loro-siempre-limpia-y-fresca/,¡Descubre el secreto para mantener la jaula de tu loro siempre limpia y fresca!,8533,100
guacamayos ara ararauna,mixto,SI,post,https://avesnativaschilenas.cl/jaulas/para-loros/descubre-el-secreto-para-mantener-la-jaula-de-tu-loro-siempre-limpia-y-fresca/,¡Descubre el secreto para mantener la jaula de tu loro siempre limpia y fresca!,8533,100
guia de hongos de chile,mixto,SI,post,https://avesnativaschilenas.cl/acuaticas/patos-chilenos/,"Patos de Chile: Tipos, Especies y Guia de Identificacion",15251,3
halcon peregrino precio,comercial,SI/Parcial,post,https://avesnativaschilenas.cl/blog/por-que-esta-en-peligro-de-extincion-el-halcon-peregrino/,por qué está en peligro de extincion el halcón peregrino,9157,2
halcones en aeropuertos,mixto,NO,,,,,1
halcones y palomas boca,mixto,SI/Parcial,post,https://avesnativaschilenas.cl/blog/palomas-urbanas-problema-salud-publica-chile/,Palomas urbanas en Chile: un problema de salud publica y como controlarlas,15094,2
halcón cernícalo precio,comercial,NO,,,,,1
herman cornejo bailarin,mixto,NO,,,,,1
hernan cornejo bailarin,mixto,NO,,,,,1
historia de los pájaros,informacional,SI,post,https://avesnativaschilenas.cl/redes/descubre-como-esta-red-verde-de-4x10m-protege-tus-plantas-y-frutas-de-los-pajaros-imperdible/,Descubre cómo esta red verde de 4x10m protege tus plantas y frutas de los pájaros ¡Imperdible!,8502,3
huevo de codorniz venta,comercial,SI,post,https://avesnativaschilenas.cl/jaulas/para-gallinas-ponedoras/,Jaulas para Gallinas Ponedoras: Guia de Compra 2026,15281,100
huevo de paloma se come,mixto,SI,post,https://avesnativaschilenas.cl/cuidados/que-se-le-puede-dar-de-comer-a-un-pichon-de-paloma/,que se le puede dar de comer a un pichon de paloma,9410,3
huevos de pavo fertiles,mixto,SI,post,https://avesnativaschilenas.cl/cuidados/de-que-color-son-los-huevos-de-pavo-real/,de que color son los huevos de pavo real,9364,3
huevos de tortola turca,mixto,SI/Parcial,post,https://avesnativaschilenas.cl/terrestres/turca/,Turca: el ave que grita desde el matorral con una voz de botella vacía,11165,2
imagen de aves hermosas,mixto,SI/Parcial,post,https://avesnativaschilenas.cl/jaulas/accesorios-para-jaulas/,Accesorios para Jaulas de Aves: Todo lo que Necesitas,15289,2
imágenes de los pájaros,mixto,SI,post,https://avesnativaschilenas.cl/redes/descubre-como-esta-red-verde-de-4x10m-protege-tus-plantas-y-frutas-de-los-pajaros-imperdible/,Descubre cómo esta red verde de 4x10m protege tus plantas y frutas de los pájaros ¡Imperdible!,8502,3
incubación de pavo real,mixto,SI,post,https://avesnativaschilenas.cl/blog/el-pavo-real-esta-en-peligro-de-extincion/,El Pavo Real en Peligro de Extinción: Todo lo que Necesitas Saber para Protegerlo,9999,3
inseparables aves venta,comercial,SI,post,https://avesnativaschilenas.cl/jaulas/para-loros/descubre-el-secreto-para-mantener-la-jaula-de-tu-loro-siempre-limpia-y-fresca/,¡Descubre el secreto para mantener la jaula de tu loro siempre limpia y fresca!,8533,100
isaias 40 31 devocional,mixto,NO,,,,,0
isaias como las aguilas,informacional,SI,post,https://avesnativaschilenas.cl/rapaces/como-las-aguilas-ensenan-a-volar-a-sus-crias/,como las águilas enseñan a volar a sus crías,9353,3
jaula anti depredadores,mixto,SI,post,https://avesnativaschilenas.cl/jaulas/accesorios-para-jaulas/,Accesorios para Jaulas de Aves: Todo lo que Necesitas,15289,100
jaula antigua de madera,mixto,SI,post,https://avesnativaschilenas.cl/jaulas/accesorios-para-jaulas/,Accesorios para Jaulas de Aves: Todo lo que Necesitas,15289,100
jaula casera para loros,mixto,SI,post,https://avesnativaschilenas.cl/jaulas/accesorios-para-jaulas/,Accesorios para Jaulas de Aves: Todo lo que Necesitas,15289,100
jaula chinchilla madera,mixto,SI,post,https://avesnativaschilenas.cl/jaulas/accesorios-para-jaulas/,Accesorios para Jaulas de Aves: Todo lo que Necesitas,15289,100
jaula codornices casera,mixto,SI,post,https://avesnativaschilenas.cl/jaulas/accesorios-para-jaulas/,Accesorios para Jaulas de Aves: Todo lo que Necesitas,15289,100
jaula codornices copele,mixto,SI,post,https://avesnativaschilenas.cl/jaulas/accesorios-para-jaulas/,Accesorios para Jaulas de Aves: Todo lo que Necesitas,15289,100
jaula cotorra argentina,mixto,SI,post,https://avesnativaschilenas.cl/jaulas/accesorios-para-jaulas/,Accesorios para Jaulas de Aves: Todo lo que Necesitas,15289,100
jaula de hamster grande,mixto,SI,post,https://avesnativaschilenas.cl/jaulas/accesorios-para-jaulas/,Accesorios para Jaulas de Aves: Todo lo que Necesitas,15289,100
jaula de madera pajaros,mixto,SI,post,https://avesnativaschilenas.cl/jaulas/accesorios-para-jaulas/,Accesorios para Jaulas de Aves: Todo lo que Necesitas,15289,100
jaula de pajaros amazon,navegacional,SI,post,https://avesnativaschilenas.cl/jaulas/accesorios-para-jaulas/,Accesorios para Jaulas de Aves: Todo lo que Necesitas,15289,100
jaula de pajaros grande,mixto,SI,post,https://avesnativaschilenas.cl/jaulas/accesorios-para-jaulas/,Accesorios para Jaulas de Aves: Todo lo que Necesitas,15289,100
jaula de pajaros precio,comercial,SI,post,https://avesnativaschilenas.cl/jaulas/accesorios-para-jaulas/,Accesorios para Jaulas de Aves: Todo lo que Necesitas,15289,100
jaula diamante de gould,mixto,SI,post,https://avesnativaschilenas.cl/jaulas/accesorios-para-jaulas/,Accesorios para Jaulas de Aves: Todo lo que Necesitas,15289,100
jaula doble para perros,mixto,SI,post,https://avesnativaschilenas.cl/jaulas/accesorios-para-jaulas/,Accesorios para Jaulas de Aves: Todo lo que Necesitas,15289,100
jaula gallinas exterior,mixto,SI,post,https://avesnativaschilenas.cl/jaulas/accesorios-para-jaulas/,Accesorios para Jaulas de Aves: Todo lo que Necesitas,15289,100
jaula grande con ruedas,mixto,SI,post,https://avesnativaschilenas.cl/jaulas/accesorios-para-jaulas/,Accesorios para Jaulas de Aves: Todo lo que Necesitas,15289,100
jaula grande para cuyos,mixto,SI,post,https://avesnativaschilenas.cl/jaulas/accesorios-para-jaulas/,Accesorios para Jaulas de Aves: Todo lo que Necesitas,15289,100
jaula habitrail cristal,mixto,SI,post,https://avesnativaschilenas.cl/jaulas/accesorios-para-jaulas/,Accesorios para Jaulas de Aves: Todo lo que Necesitas,15289,100
jaula lanzadera de aves,mixto,SI,post,https://avesnativaschilenas.cl/jaulas/accesorios-para-jaulas/,Accesorios para Jaulas de Aves: Todo lo que Necesitas,15289,100
jaula montana madeira 1,mixto,SI,post,https://avesnativaschilenas.cl/jaulas/accesorios-para-jaulas/,Accesorios para Jaulas de Aves: Todo lo que Necesitas,15289,100
jaula para 4 periquitos,mixto,SI,post,https://avesnativaschilenas.cl/jaulas/accesorios-para-jaulas/,Accesorios para Jaulas de Aves: Todo lo que Necesitas,15289,100
jaula para carro precio,comercial,SI,post,https://avesnativaschilenas.cl/jaulas/accesorios-para-jaulas/,Accesorios para Jaulas de Aves: Todo lo que Necesitas,15289,100
jaula para criar ninfas,mixto,SI,post,https://avesnativaschilenas.cl/jaulas/accesorios-para-jaulas/,Accesorios para Jaulas de Aves: Todo lo que Necesitas,15289,100
jaula para cuyes precio,comercial,SI,post,https://avesnativaschilenas.cl/jaulas/accesorios-para-jaulas/,Accesorios para Jaulas de Aves: Todo lo que Necesitas,15289,100
jaula para gallos finos,mixto,SI,post,https://avesnativaschilenas.cl/jaulas/accesorios-para-jaulas/,Accesorios para Jaulas de Aves: Todo lo que Necesitas,15289,100
jaula para huron precio,comercial,SI,post,https://avesnativaschilenas.cl/jaulas/accesorios-para-jaulas/,Accesorios para Jaulas de Aves: Todo lo que Necesitas,15289,100
jaula para loro pequeño,mixto,SI,post,https://avesnativaschilenas.cl/jaulas/accesorios-para-jaulas/,Accesorios para Jaulas de Aves: Todo lo que Necesitas,15289,100
jaula para loros casera,mixto,SI,post,https://avesnativaschilenas.cl/jaulas/accesorios-para-jaulas/,Accesorios para Jaulas de Aves: Todo lo que Necesitas,15289,100
jaula para perros jumbo,mixto,SI,post,https://avesnativaschilenas.cl/jaulas/accesorios-para-jaulas/,Accesorios para Jaulas de Aves: Todo lo que Necesitas,15289,100
jaula periquitos casera,mixto,SI,post,https://avesnativaschilenas.cl/jaulas/accesorios-para-jaulas/,Accesorios para Jaulas de Aves: Todo lo que Necesitas,15289,100
jaula periquitos grande,mixto,SI,post,https://avesnativaschilenas.cl/jaulas/accesorios-para-jaulas/,Accesorios para Jaulas de Aves: Todo lo que Necesitas,15289,100
jaula ponedora gallinas,mixto,SI,post,https://avesnativaschilenas.cl/jaulas/accesorios-para-jaulas/,Accesorios para Jaulas de Aves: Todo lo que Necesitas,15289,100
jaula voladera canarios,mixto,SI,post,https://avesnativaschilenas.cl/jaulas/accesorios-para-jaulas/,Accesorios para Jaulas de Aves: Todo lo que Necesitas,15289,100
jaulas 2gr segunda mano,comercial,SI,post,https://avesnativaschilenas.cl/jaulas/accesorios-para-jaulas/,Accesorios para Jaulas de Aves: Todo lo que Necesitas,15289,100
jaulas cyc para cobayas,mixto,SI,post,https://avesnativaschilenas.cl/jaulas/accesorios-para-jaulas/,Accesorios para Jaulas de Aves: Todo lo que Necesitas,15289,100
jaulas de 60 cm baratas,comercial,SI,post,https://avesnativaschilenas.cl/jaulas/accesorios-para-jaulas/,Accesorios para Jaulas de Aves: Todo lo que Necesitas,15289,100
jaulas de cazar pajaros,mixto,SI,post,https://avesnativaschilenas.cl/jaulas/accesorios-para-jaulas/,Accesorios para Jaulas de Aves: Todo lo que Necesitas,15289,100
jaulas de pvc para aves,mixto,SI,post,https://avesnativaschilenas.cl/jaulas/accesorios-para-jaulas/,Accesorios para Jaulas de Aves: Todo lo que Necesitas,15289,100
jaulas hechas de madera,mixto,SI,post,https://avesnativaschilenas.cl/jaulas/accesorios-para-jaulas/,Accesorios para Jaulas de Aves: Todo lo que Necesitas,15289,100
jaulas para aves usadas,comercial,SI,post,https://avesnativaschilenas.cl/jaulas/accesorios-para-jaulas/,Accesorios para Jaulas de Aves: Todo lo que Necesitas,15289,100
jaulas para chinchillas,mixto,SI,post,https://avesnativaschilenas.cl/jaulas/accesorios-para-jaulas/,Accesorios para Jaulas de Aves: Todo lo que Necesitas,15289,100
jaulas para cunicultura,mixto,SI,post,https://avesnativaschilenas.cl/jaulas/accesorios-para-jaulas/,Accesorios para Jaulas de Aves: Todo lo que Necesitas,15289,100
jaulas para cuyos petco,mixto,SI,post,https://avesnativaschilenas.cl/jaulas/accesorios-para-jaulas/,Accesorios para Jaulas de Aves: Todo lo que Necesitas,15289,100
jaulas para gatos lider,mixto,SI,post,https://avesnativaschilenas.cl/jaulas/accesorios-para-jaulas/,Accesorios para Jaulas de Aves: Todo lo que Necesitas,15289,100
jaulas para patos bebés,mixto,SI,post,https://avesnativaschilenas.cl/jaulas/accesorios-para-jaulas/,Accesorios para Jaulas de Aves: Todo lo que Necesitas,15289,100
jaulas para tumba yegua,mixto,SI,post,https://avesnativaschilenas.cl/jaulas/accesorios-para-jaulas/,Accesorios para Jaulas de Aves: Todo lo que Necesitas,15289,100
jaulas timbrado español,mixto,SI,post,https://avesnativaschilenas.cl/jaulas/accesorios-para-jaulas/,Accesorios para Jaulas de Aves: Todo lo que Necesitas,15289,100
jaulines para jilgueros,mixto,NO,,,,,1
jilguero chileno hembra,mixto,SI/Parcial,post,https://avesnativaschilenas.cl/terrestres/jilguero/,"Jilguero Chileno: cuidados, alimentación y curiosidades",142,2
juguete pajaro en jaula,mixto,SI,post,https://avesnativaschilenas.cl/jaulas/accesorios-para-jaulas/,Accesorios para Jaulas de Aves: Todo lo que Necesitas,15289,100
la hembra del pavo real,mixto,SI,post,https://avesnativaschilenas.cl/blog/de-que-esta-cubierta-la-piel-del-pavo-real/,de qué está cubierta la piel del pavo real,9402,4
la jaula de los pájaros,mixto,SI,post,https://avesnativaschilenas.cl/jaulas/accesorios-para-jaulas/,Accesorios para Jaulas de Aves: Todo lo que Necesitas,15289,100
lamparas jaulas vintage,mixto,SI,post,https://avesnativaschilenas.cl/jaulas/accesorios-para-jaulas/,Accesorios para Jaulas de Aves: Todo lo que Necesitas,15289,100
las brisas las gaviotas,mixto,SI/Parcial,post,https://avesnativaschilenas.cl/gaviotas/la-vida-secreta-de-las-aves-marinas/,La Vida Secreta de las Aves Marinas: Descubre sus Hábitos y Misterios,11042,2
las cotorras argentinas,mixto,SI,post,https://avesnativaschilenas.cl/jaulas/para-loros/descubre-el-secreto-para-mantener-la-jaula-de-tu-loro-siempre-limpia-y-fresca/,¡Descubre el secreto para mantener la jaula de tu loro siempre limpia y fresca!,8533,100
las cotorras toman agua,mixto,SI,post,https://avesnativaschilenas.cl/jaulas/para-loros/descubre-el-secreto-para-mantener-la-jaula-de-tu-loro-siempre-limpia-y-fresca/,¡Descubre el secreto para mantener la jaula de tu loro siempre limpia y fresca!,8533,100
las golondrinas emigran,mixto,SI/Parcial,post,https://avesnativaschilenas.cl/migratorias/golondrina/cual-es-la-hora-en-que-ocurre-la-magia-de-las-golondrinas/,cuál es la hora en que ocurre la magia de las golondrinas,9438,2
las palomas donde viven,informacional,SI/Parcial,post,https://avesnativaschilenas.cl/cuidados/enfermedades-de-las-palomas-y-limpieza-de-heces/,"Las palomas transmiten enfermedades? Mitos, riesgos reales y limpieza segura",15090,2
las palomas las palomas,mixto,SI/Parcial,post,https://avesnativaschilenas.cl/cuidados/enfermedades-de-las-palomas-y-limpieza-de-heces/,"Las palomas transmiten enfermedades? Mitos, riesgos reales y limpieza segura",15090,2
lechuza características,informacional,SI/Parcial,post,https://avesnativaschilenas.cl/rapaces/lechuza/que-hace-que-los-buhos-sean-unas-aves-tan-formidables/,Qué Hace que los Búhos Sean Aves Formidables: Características y Curiosidades,11053,2
loro alejandrino precio,comercial,SI,post,https://avesnativaschilenas.cl/jaulas/para-loros/descubre-el-secreto-para-mantener-la-jaula-de-tu-loro-siempre-limpia-y-fresca/,¡Descubre el secreto para mantener la jaula de tu loro siempre limpia y fresca!,8533,100
loro amazonas amazonico,navegacional,SI,post,https://avesnativaschilenas.cl/jaulas/para-loros/descubre-el-secreto-para-mantener-la-jaula-de-tu-loro-siempre-limpia-y-fresca/,¡Descubre el secreto para mantener la jaula de tu loro siempre limpia y fresca!,8533,100
loro cabeza roja hablan,mixto,SI,post,https://avesnativaschilenas.cl/jaulas/para-loros/descubre-el-secreto-para-mantener-la-jaula-de-tu-loro-siempre-limpia-y-fresca/,¡Descubre el secreto para mantener la jaula de tu loro siempre limpia y fresca!,8533,100
loro cabeza roja precio,comercial,SI,post,https://avesnativaschilenas.cl/jaulas/para-loros/descubre-el-secreto-para-mantener-la-jaula-de-tu-loro-siempre-limpia-y-fresca/,¡Descubre el secreto para mantener la jaula de tu loro siempre limpia y fresca!,8533,100
loro frente blanca bebe,mixto,SI,post,https://avesnativaschilenas.cl/jaulas/para-loros/descubre-el-secreto-para-mantener-la-jaula-de-tu-loro-siempre-limpia-y-fresca/,¡Descubre el secreto para mantener la jaula de tu loro siempre limpia y fresca!,8533,100
loro gris con cola roja,mixto,SI,post,https://avesnativaschilenas.cl/jaulas/para-loros/descubre-el-secreto-para-mantener-la-jaula-de-tu-loro-siempre-limpia-y-fresca/,¡Descubre el secreto para mantener la jaula de tu loro siempre limpia y fresca!,8533,100
loro hablador argentino,mixto,SI,post,https://avesnativaschilenas.cl/jaulas/para-loros/descubre-el-secreto-para-mantener-la-jaula-de-tu-loro-siempre-limpia-y-fresca/,¡Descubre el secreto para mantener la jaula de tu loro siempre limpia y fresca!,8533,100
loro verde con amarillo,mixto,SI,post,https://avesnativaschilenas.cl/jaulas/para-loros/descubre-el-secreto-para-mantener-la-jaula-de-tu-loro-siempre-limpia-y-fresca/,¡Descubre el secreto para mantener la jaula de tu loro siempre limpia y fresca!,8533,100
los agapornis son loros,mixto,SI,post,https://avesnativaschilenas.cl/jaulas/para-loros/descubre-el-secreto-para-mantener-la-jaula-de-tu-loro-siempre-limpia-y-fresca/,¡Descubre el secreto para mantener la jaula de tu loro siempre limpia y fresca!,8533,100
los colores de un tucán,mixto,SI,post,https://avesnativaschilenas.cl/nidos/transforma-tu-jaula-en-un-paraiso-para-pajaros-con-los-nidos-de-coco-doitool/,¡Transforma tu jaula en un paraíso para pájaros con los nidos de coco DOITOOL!,8182,3
los colores del colibrí,mixto,SI/Parcial,post,https://avesnativaschilenas.cl/picaflor/significado-espiritual-del-colibri-y-tatuajes-de-picaflor/,Significado espiritual del colibrí y tatuajes de picaflor: simbolismo y creencias,14221,2
los nombres de las aves,mixto,SI,post,https://avesnativaschilenas.cl/blog/importancia-de-las-aves-en-chile/,Importancia de las aves en Chile: su rol en los ecosistemas y la conservacion nacional,15082,4
los pajaros carpinteros,mixto,SI/Parcial,post,https://avesnativaschilenas.cl/cuidados/si-los-pajaros-no-se-preocupan-por-que-comer/,si los pajaros no se preocupan por que comer,9421,2
los pajaros mas bonitos,mixto,SI,post,https://avesnativaschilenas.cl/nidos/descubre-los-nidos-de-pajaros-mas-encantadores-para-tu-jardin-colibries-felices-te-esperan/,¡Descubre los nidos de pájaros más encantadores para tu jardín! ¡Colibríes felices te esperan!,7962,3
los pájaros carpinteros,mixto,SI/Parcial,post,https://avesnativaschilenas.cl/cuidados/si-los-pajaros-no-se-preocupan-por-que-comer/,si los pajaros no se preocupan por que comer,9421,2
martin pescador europeo,mixto,SI/Parcial,page,https://avesnativaschilenas.cl/martin-pescador/,"Martín pescador Chileno: hábitat, alimentación y curiosidades de un tesoro acuatico",9858,2
martin pescador gigante,mixto,SI/Parcial,page,https://avesnativaschilenas.cl/martin-pescador/,"Martín pescador Chileno: hábitat, alimentación y curiosidades de un tesoro acuatico",9858,2
martin pescador pintura,mixto,SI/Parcial,page,https://avesnativaschilenas.cl/martin-pescador/,"Martín pescador Chileno: hábitat, alimentación y curiosidades de un tesoro acuatico",9858,2
martin pescador volando,mixto,SI/Parcial,page,https://avesnativaschilenas.cl/martin-pescador/,"Martín pescador Chileno: hábitat, alimentación y curiosidades de un tesoro acuatico",9858,2
martín pescador chileno,mixto,SI,page,https://avesnativaschilenas.cl/martin-pescador/,"Martín pescador Chileno: hábitat, alimentación y curiosidades de un tesoro acuatico",9858,3
mejor jaula para ninfas,comercial,SI,post,https://avesnativaschilenas.cl/jaulas/accesorios-para-jaulas/,Accesorios para Jaulas de Aves: Todo lo que Necesitas,15289,100
mirador de las gaviotas,mixto,SI,post,https://avesnativaschilenas.cl/gaviotas/la-vida-secreta-de-las-aves-marinas/,La Vida Secreta de las Aves Marinas: Descubre sus Hábitos y Misterios,11042,3
neverland show albatros,mixto,NO,,,,,1
nido de cacatuas ninfas,mixto,SI,post,https://avesnativaschilenas.cl/jaulas/para-loros/descubre-el-secreto-para-mantener-la-jaula-de-tu-loro-siempre-limpia-y-fresca/,¡Descubre el secreto para mantener la jaula de tu loro siempre limpia y fresca!,8533,100
nido de pajaro colgante,mixto,SI,post,https://avesnativaschilenas.cl/jaulas/nidos-para-aves/,"Nidos para Aves: Tipos, Materiales y Como Elegir el Mejor",15288,100
nido de palomas en casa,mixto,SI,post,https://avesnativaschilenas.cl/jaulas/nidos-para-aves/,"Nidos para Aves: Tipos, Materiales y Como Elegir el Mejor",15288,100
nido de zorzal colorado,mixto,SI,post,https://avesnativaschilenas.cl/jaulas/nidos-para-aves/,"Nidos para Aves: Tipos, Materiales y Como Elegir el Mejor",15288,100
nido para ninfas casero,mixto,SI,post,https://avesnativaschilenas.cl/jaulas/para-ninfas/,Jaulas para Ninfas (Cockatiel): Guia de Compra y Medidas Ideales,15285,100
nidos colgantes de aves,mixto,SI,post,https://avesnativaschilenas.cl/jaulas/nidos-para-aves/,"Nidos para Aves: Tipos, Materiales y Como Elegir el Mejor",15288,100
nidos de aves colgantes,mixto,SI,post,https://avesnativaschilenas.cl/jaulas/nidos-para-aves/,"Nidos para Aves: Tipos, Materiales y Como Elegir el Mejor",15288,100
nombre de aves exoticas,mixto,SI,post,https://avesnativaschilenas.cl/nidos/descubre-el-secreto-para-atraer-aves-exoticas-a-tu-jardin-con-estos-nidos-de-madera-irresistibles/,Descubre el secreto para atraer aves exóticas a tu jardín con estos nidos de madera irresistibles!,7788,3
nombres de aves grandes,mixto,SI,post,https://avesnativaschilenas.cl/jaulas/grandes/descubre-la-elegante-jaula-liuands-el-hogar-perfecto-y-espacioso-para-la-salud-de-tus-aves/,Descubre la elegante jaula LIUANDS: ¡el hogar perfecto y espacioso para la salud de tus aves!,7741,3
nombres de aves marinas,mixto,SI,post,https://avesnativaschilenas.cl/gaviotas/la-vida-secreta-de-las-aves-marinas/,La Vida Secreta de las Aves Marinas: Descubre sus Hábitos y Misterios,11042,3
nombres para periquitos,mixto,SI,post,https://avesnativaschilenas.cl/jaulas/para-periquitos/,Jaulas para Periquitos: Guia de Compra Completa 2026,15284,100
observadores de pajaros,mixto,SI/Parcial,post,https://avesnativaschilenas.cl/rapaces/lechuza/pajaros-blancos-que-vuelan-de-noche/,5 Fascinantes Pájaros Blancos que Vuelan de Noche,11061,2
observatorio de pajaros,mixto,SI/Parcial,post,https://avesnativaschilenas.cl/rapaces/lechuza/pajaros-blancos-que-vuelan-de-noche/,5 Fascinantes Pájaros Blancos que Vuelan de Noche,11061,2
pajareras hechas a mano,mixto,SI,post,https://avesnativaschilenas.cl/jaulas/pajareras/,Pajareras para Jardin: Guia de Compra y Decoracion,15278,100
pajaro australiano azul,mixto,SI,post,https://avesnativaschilenas.cl/jaulas/para-periquitos/,Jaulas para Periquitos: Guia de Compra Completa 2026,15284,100
pajaro carpintero fotos,mixto,NO,,,,,1
pajaro de todos colores,mixto,SI,post,https://avesnativaschilenas.cl/nidos/transforma-la-vida-de-tus-aves-descubre-el-nido-de-pajaro-que-todos-adoran-hapinary/,¡Transforma la vida de tus aves! Descubre el nido de pájaro que todos adoran: HAPINARY.,8116,3
pajaro nocturno chileno,mixto,NO,,,,,1
pajaro parecido al loro,mixto,SI,post,https://avesnativaschilenas.cl/jaulas/para-loros/descubre-el-secreto-para-mantener-la-jaula-de-tu-loro-siempre-limpia-y-fresca/,¡Descubre el secreto para mantener la jaula de tu loro siempre limpia y fresca!,8533,100
pajaro pico largo curvo,mixto,SI,post,https://avesnativaschilenas.cl/terrestres/mirlo/pajaro-negro-de-pico-largo/,¿Quién es el pájaro negro de pico largo? Descúbrelo aquí,11056,3
pajaro timbrado español,mixto,SI,post,https://avesnativaschilenas.cl/jaulas/para-canarios/,Jaulas para Canarios: Guia de Compra para tu Pajaro Cantor,15280,100
pajaros azules pequeños,mixto,SI/Parcial,post,https://avesnativaschilenas.cl/blog/pajaros-domesticos-pequenos/,pájaros domésticos pequeños,10416,2
pajaros de puerto montt,mixto,SI,post,https://avesnativaschilenas.cl/ubicacion/aves-en-puerto-montt/,Aves en Puerto Montt: Guía completa de observación y recomendaciones,2113,3
pajaros martin pescador,mixto,SI/Parcial,page,https://avesnativaschilenas.cl/martin-pescador/,"Martín pescador Chileno: hábitat, alimentación y curiosidades de un tesoro acuatico",9858,2
pajaros negros chilenos,mixto,NO,,,,,1
pasta de cria para aves,mixto,SI,post,https://avesnativaschilenas.cl/nidos/descubre-el-nido-de-cria-perfecto-para-tus-aves-karlie-nistkasten-de-madera-natural/,¡Descubre el Nido de Cría Perfecto para Tus Aves! Karlie Nistkasten de Madera Natural,8284,4
pato de collar mexicano,mixto,SI/Parcial,post,https://avesnativaschilenas.cl/pato/donde-viven-los-patos-y-de-que-se-alimentan/,Donde viven los patos y de que se alimentan: guia completa de aves acuaticas en Chile,9370,2
pato malvasia argentino,mixto,NO,,,,,1
pato silvestre mexicano,mixto,NO,,,,,1
patos chilenos pequeños,mixto,SI/Parcial,post,https://avesnativaschilenas.cl/acuaticas/patos-chilenos/,"Patos de Chile: Tipos, Especies y Guia de Identificacion",15251,2
pavo real blanco y azul,mixto,SI,post,https://avesnativaschilenas.cl/terrestres/pavo-real-diferencias-entre-macho-y-hembra-fotos/,Pavo Real: Diferencias entre Macho y Hembra + Fotos,11823,3
pavo real cuanto cuesta,mixto,SI/Parcial,post,https://avesnativaschilenas.cl/terrestres/pavo-real-diferencias-entre-macho-y-hembra-fotos/,Pavo Real: Diferencias entre Macho y Hembra + Fotos,11823,2
pavo real donde comprar,comercial,SI/Parcial,post,https://avesnativaschilenas.cl/terrestres/pavo-real-diferencias-entre-macho-y-hembra-fotos/,Pavo Real: Diferencias entre Macho y Hembra + Fotos,11823,2
pavo real macho pequeño,mixto,SI,post,https://avesnativaschilenas.cl/terrestres/pavo-real-diferencias-entre-macho-y-hembra-fotos/,Pavo Real: Diferencias entre Macho y Hembra + Fotos,11823,3
perchas para loros yaco,mixto,SI,post,https://avesnativaschilenas.cl/jaulas/accesorios-para-jaulas/,Accesorios para Jaulas de Aves: Todo lo que Necesitas,15289,100
perico australiano azul,mixto,SI,post,https://avesnativaschilenas.cl/jaulas/para-periquitos/,Jaulas para Periquitos: Guia de Compra Completa 2026,15284,100
perico australiano rojo,mixto,SI,post,https://avesnativaschilenas.cl/jaulas/para-periquitos/,Jaulas para Periquitos: Guia de Compra Completa 2026,15284,100
perico australiano rosa,mixto,SI,post,https://avesnativaschilenas.cl/jaulas/para-periquitos/,Jaulas para Periquitos: Guia de Compra Completa 2026,15284,100
periquito azul y blanco,mixto,SI,post,https://avesnativaschilenas.cl/jaulas/para-periquitos/,Jaulas para Periquitos: Guia de Compra Completa 2026,15284,100
periquito blanco y azul,mixto,SI,post,https://avesnativaschilenas.cl/jaulas/para-periquitos/,Jaulas para Periquitos: Guia de Compra Completa 2026,15284,100
periquito blanco y gris,mixto,SI,post,https://avesnativaschilenas.cl/jaulas/para-periquitos/,Jaulas para Periquitos: Guia de Compra Completa 2026,15284,100
periquito ingles precio,comercial,SI,post,https://avesnativaschilenas.cl/jaulas/para-periquitos/,Jaulas para Periquitos: Guia de Compra Completa 2026,15284,100
periquitos inseparables,mixto,SI,post,https://avesnativaschilenas.cl/jaulas/para-loros/descubre-el-secreto-para-mantener-la-jaula-de-tu-loro-siempre-limpia-y-fresca/,¡Descubre el secreto para mantener la jaula de tu loro siempre limpia y fresca!,8533,100
picaflores para dibujar,mixto,NO,,,,,1
pinzón grande de cactus,mixto,SI/Parcial,post,https://avesnativaschilenas.cl/rapaces/cual-es-el-ave-de-rapina-mas-grande-del-mundo/,cual es el ave de rapiña mas grande del mundo,9376,2
plumas de aves exoticas,mixto,SI,post,https://avesnativaschilenas.cl/nidos/descubre-el-secreto-para-atraer-aves-exoticas-a-tu-jardin-con-estos-nidos-de-madera-irresistibles/,Descubre el secreto para atraer aves exóticas a tu jardín con estos nidos de madera irresistibles!,7788,3
precio codornices vivas,comercial,SI,post,https://avesnativaschilenas.cl/jaulas/para-gallinas-ponedoras/,Jaulas para Gallinas Ponedoras: Guia de Compra 2026,15281,100
precio de cacatua ninfa,comercial,SI,post,https://avesnativaschilenas.cl/jaulas/para-loros/descubre-el-secreto-para-mantener-la-jaula-de-tu-loro-siempre-limpia-y-fresca/,¡Descubre el secreto para mantener la jaula de tu loro siempre limpia y fresca!,8533,100
precio de codorniz bebe,comercial,SI,post,https://avesnativaschilenas.cl/jaulas/para-gallinas-ponedoras/,Jaulas para Gallinas Ponedoras: Guia de Compra 2026,15281,100
precio de faisan dorado,comercial,NO,,,,,1
precio de gallo criollo,comercial,SI,post,https://avesnativaschilenas.cl/jaulas/para-gallinas-ponedoras/,Jaulas para Gallinas Ponedoras: Guia de Compra 2026,15281,100
precio de pajaro zorzal,comercial,SI/Parcial,post,https://avesnativaschilenas.cl/jaulas/para-canarios/,Jaulas para Canarios: Guia de Compra para tu Pajaro Cantor,15280,2
precio loros habladores,comercial,SI,post,https://avesnativaschilenas.cl/jaulas/para-loros/descubre-el-secreto-para-mantener-la-jaula-de-tu-loro-siempre-limpia-y-fresca/,¡Descubre el secreto para mantener la jaula de tu loro siempre limpia y fresca!,8533,100
precios de aves rapaces,comercial,SI,post,https://avesnativaschilenas.cl/rapaces/falconidae-guia-completa-de-las-aves-rapaces-diurnas/,Falconidae: Guia Completa de las Aves Rapaces Diurnas,11822,3
predica de isaias 40 31,mixto,NO,,,,,1
productos para caballos,mixto,NO,,,,,1
productos para canarios,mixto,SI,post,https://avesnativaschilenas.cl/jaulas/para-canarios/,Jaulas para Canarios: Guia de Compra para tu Pajaro Cantor,15280,100
psittacus formula micro,mixto,NO,,,,,0
psittacus formula minor,mixto,NO,,,,,0
psittacus micro formula,mixto,NO,,,,,0
punta cormoran la manga,mixto,NO,,,,,1
pyrrhura piña papillera,mixto,SI,post,https://avesnativaschilenas.cl/jaulas/para-loros/descubre-el-secreto-para-mantener-la-jaula-de-tu-loro-siempre-limpia-y-fresca/,¡Descubre el secreto para mantener la jaula de tu loro siempre limpia y fresca!,8533,100
pájaros de color morado,mixto,SI/Parcial,post,https://avesnativaschilenas.cl/rapaces/lechuza/pajaros-blancos-que-vuelan-de-noche/,5 Fascinantes Pájaros Blancos que Vuelan de Noche,11061,2
pájaros diamantes gould,mixto,NO,,,,,1
pájaros rojos en méxico,mixto,SI/Parcial,post,https://avesnativaschilenas.cl/uncategorized/como-transforme-mi-jardin-en-un-refugio-para-aves-y-tu-tambien-puedes/,Cómo Atraer Pájaros a tu Jardín con Nidos Colgantes: La Guía Completa para Crear un Paraíso Aviar,11064,2
pájaros verdes pequeños,mixto,SI/Parcial,post,https://avesnativaschilenas.cl/blog/pajaros-domesticos-pequenos/,pájaros domésticos pequeños,10416,2
quiero ver el pavo real,mixto,SI,post,https://avesnativaschilenas.cl/blog/el-pavo-real-esta-en-peligro-de-extincion/,El Pavo Real en Peligro de Extinción: Todo lo que Necesitas Saber para Protegerlo,9999,3
quiero ver pavos reales,mixto,NO,,,,,1
quiero ver un pavo real,mixto,SI,post,https://avesnativaschilenas.cl/cuidados/como-distinguir-un-pavo-real-macho-de-una-hembra/,Como distinguir un pavo real macho de una hembra: diferencias reales y fotos,9393,3
rejillas para voladeras,mixto,SI,post,https://avesnativaschilenas.cl/jaulas/voladeras/,Voladeras para Aves: Como Elegir la Mejor para tus Pajaros,15277,100
reserva natural de aves,mixto,SI,post,https://avesnativaschilenas.cl/nidos/descubre-el-nido-de-cria-perfecto-para-tus-aves-karlie-nistkasten-de-madera-natural/,¡Descubre el Nido de Cría Perfecto para Tus Aves! Karlie Nistkasten de Madera Natural,8284,3
ruiseñor japones precio,comercial,NO,,,,,0
san jose de las palomas,mixto,SI,post,https://avesnativaschilenas.cl/cuidados/enfermedades-de-las-palomas-y-limpieza-de-heces/,"Las palomas transmiten enfermedades? Mitos, riesgos reales y limpieza segura",15090,3
terrarios para reptiles,mixto,NO,,,,,1
tienda de aves exóticas,comercial,SI,post,https://avesnativaschilenas.cl/nidos/descubre-el-secreto-para-atraer-aves-exoticas-a-tu-jardin-con-estos-nidos-de-madera-irresistibles/,Descubre el secreto para atraer aves exóticas a tu jardín con estos nidos de madera irresistibles!,7788,3
tipo de aves domesticas,mixto,SI,post,https://avesnativaschilenas.cl/cuidados/tipo-de-alimentacion-de-las-aves/,Descubre los Tipos de Alimentación de las Aves: Guía Completa para Entender sus Dietas,11359,3
tipos de aves cazadoras,informacional,SI,post,https://avesnativaschilenas.cl/cuidados/tipo-de-alimentacion-de-las-aves/,Descubre los Tipos de Alimentación de las Aves: Guía Completa para Entender sus Dietas,11359,3
tipos de aves de rapiña,informacional,SI,post,https://avesnativaschilenas.cl/rapaces/excremento-de-aves-de-rapina-como-identificarlo-y-que-significa/,Excremento de Aves de Rapina: Como Identificarlo y Que Significa,11819,3
tipos de aves en mexico,informacional,SI,post,https://avesnativaschilenas.cl/blog/importancia-de-las-aves-en-chile/,Importancia de las aves en Chile: su rol en los ecosistemas y la conservacion nacional,15082,3
tipos de búhos pequeños,informacional,SI,post,https://avesnativaschilenas.cl/rapaces/buhos/,Descubre los diferentes tipos de búhos pequeños: guía completa,2254,4
tipos de loros chilenos,informacional,SI,post,https://avesnativaschilenas.cl/jaulas/para-loros/descubre-el-secreto-para-mantener-la-jaula-de-tu-loro-siempre-limpia-y-fresca/,¡Descubre el secreto para mantener la jaula de tu loro siempre limpia y fresca!,8533,100
tipos de pollitos bebes,informacional,SI,post,https://avesnativaschilenas.cl/jaulas/para-gallinas-ponedoras/,Jaulas para Gallinas Ponedoras: Guia de Compra 2026,15281,100
tipos de pájaros azules,informacional,SI/Parcial,post,https://avesnativaschilenas.cl/acuaticas/patos-chilenos/,"Patos de Chile: Tipos, Especies y Guia de Identificacion",15251,2
todas las aves de chile,mixto,SI,post,https://avesnativaschilenas.cl/blog/importancia-de-las-aves-en-chile/,Importancia de las aves en Chile: su rol en los ecosistemas y la conservacion nacional,15082,4
todo sobre el pavo real,mixto,SI,post,https://avesnativaschilenas.cl/blog/el-pavo-real-esta-en-peligro-de-extincion/,El Pavo Real en Peligro de Extinción: Todo lo que Necesitas Saber para Protegerlo,9999,4
todos los tipos de aves,informacional,SI,post,https://avesnativaschilenas.cl/cuidados/tipo-de-alimentacion-de-las-aves/,Descubre los Tipos de Alimentación de las Aves: Guía Completa para Entender sus Dietas,11359,4
tórtola diamante precio,comercial,NO,,,,,1
un pajarito un pajarito,mixto,NO,,,,,1
una foto de un pajarito,mixto,SI,post,https://avesnativaschilenas.cl/cuidados/como-distinguir-un-pavo-real-macho-de-una-hembra/,Como distinguir un pavo real macho de una hembra: diferencias reales y fotos,9393,3
una imagen de un pajaro,mixto,SI,post,https://avesnativaschilenas.cl/blog/que-significa-la-visita-de-un-pajaro-gris-presagio-y-significado-espiritual/,Que Significa la Visita de un Pajaro Gris? Presagio y Significado Espiritual,11826,3
una imagen de un pájaro,mixto,SI,post,https://avesnativaschilenas.cl/blog/que-significa-la-visita-de-un-pajaro-gris-presagio-y-significado-espiritual/,Que Significa la Visita de un Pajaro Gris? Presagio y Significado Espiritual,11826,3
venta aves ornamentales,comercial,NO,,,,,1
venta de jaulas grandes,comercial,SI,post,https://avesnativaschilenas.cl/jaulas/accesorios-para-jaulas/,Accesorios para Jaulas de Aves: Todo lo que Necesitas,15289,100
venta de pajaros online,comercial,SI/Parcial,post,https://avesnativaschilenas.cl/rapaces/lechuza/pajaros-blancos-que-vuelan-de-noche/,5 Fascinantes Pájaros Blancos que Vuelan de Noche,11061,2
venta de pajaros y aves,comercial,SI,post,https://avesnativaschilenas.cl/nidos/transforma-el-hogar-de-tus-pajaros-descubre-el-comedero-y-banera-ideal-para-aves/,¡Transforma el hogar de tus pájaros! Descubre el comedero y bañera ideal para aves.,8410,4
ventas de aves exóticas,comercial,SI,post,https://avesnativaschilenas.cl/nidos/descubre-el-secreto-para-atraer-aves-exoticas-a-tu-jardin-con-estos-nidos-de-madera-irresistibles/,Descubre el secreto para atraer aves exóticas a tu jardín con estos nidos de madera irresistibles!,7788,3
videos de aves exóticas,mixto,SI,post,https://avesnativaschilenas.cl/nidos/descubre-el-secreto-para-atraer-aves-exoticas-a-tu-jardin-con-estos-nidos-de-madera-irresistibles/,Descubre el secreto para atraer aves exóticas a tu jardín con estos nidos de madera irresistibles!,7788,3
vision jaula modelo s01,mixto,SI,post,https://avesnativaschilenas.cl/jaulas/accesorios-para-jaulas/,Accesorios para Jaulas de Aves: Todo lo que Necesitas,15289,100
vitaminas para canarios,mixto,SI,post,https://avesnativaschilenas.cl/jaulas/para-canarios/,Jaulas para Canarios: Guia de Compra para tu Pajaro Cantor,15280,100
vitaminas para las aves,mixto,SI,post,https://avesnativaschilenas.cl/cuidados/tipo-de-alimentacion-de-las-aves/,Descubre los Tipos de Alimentación de las Aves: Guía Completa para Entender sus Dietas,11359,3
voladera para agapornis,mixto,SI,post,https://avesnativaschilenas.cl/jaulas/para-loros/descubre-el-secreto-para-mantener-la-jaula-de-tu-loro-siempre-limpia-y-fresca/,¡Descubre el secreto para mantener la jaula de tu loro siempre limpia y fresca!,8533,100
voladeras para canarios,mixto,SI,post,https://avesnativaschilenas.cl/jaulas/para-canarios/,Jaulas para Canarios: Guia de Compra para tu Pajaro Cantor,15280,100
voladeros para canarios,mixto,SI,post,https://avesnativaschilenas.cl/jaulas/para-canarios/,Jaulas para Canarios: Guia de Compra para tu Pajaro Cantor,15280,100
voladeros para gallinas,mixto,SI,post,https://avesnativaschilenas.cl/jaulas/para-gallinas-ponedoras/,Jaulas para Gallinas Ponedoras: Guia de Compra 2026,15281,100
voladeros para perdices,mixto,SI,post,https://avesnativaschilenas.cl/jaulas/para-gallinas-ponedoras/,Jaulas para Gallinas Ponedoras: Guia de Compra 2026,15281,100
aguila imperial iberica,mixto,NO,,,,,1
alimentacion del condor,informacional,SI/Parcial,post,https://avesnativaschilenas.cl/rapaces/condor/,"Condor andino en Chile: caracteristicas, habitat, alimentacion y conservacion",1870,2
aves de rapiña en chile,mixto,SI,post,https://avesnativaschilenas.cl/blog/importancia-de-las-aves-en-chile/,Importancia de las aves en Chile: su rol en los ecosistemas y la conservacion nacional,15082,4
aves del norte de chile,mixto,SI,post,https://avesnativaschilenas.cl/blog/el-impacto-del-cambio-climatico-en-las-aves-de-chile/,¿Cómo Está Afectando el Cambio Climático a las Aves en Chile?,1950,4
aves endémicas de chile,mixto,SI,post,https://avesnativaschilenas.cl/blog/importancia-de-las-aves-en-chile/,Importancia de las aves en Chile: su rol en los ecosistemas y la conservacion nacional,15082,3
aves nocturnas de chile,mixto,SI,post,https://avesnativaschilenas.cl/blog/importancia-de-las-aves-en-chile/,Importancia de las aves en Chile: su rol en los ecosistemas y la conservacion nacional,15082,3
aves zona central chile,mixto,SI/Parcial,post,https://avesnativaschilenas.cl/blog/importancia-de-las-aves-en-chile/,Importancia de las aves en Chile: su rol en los ecosistemas y la conservacion nacional,15082,2
bebederos para caballos,mixto,SI,post,https://avesnativaschilenas.cl/tienda/comederos/,Los mejores comederos para jaulas de pájaros : guía de compra y recomendaciones,2194,100
caracteristicas de aves,informacional,SI,post,https://avesnativaschilenas.cl/familia/picidae/,"Familia de aves Picidae: características, hábitat y curiosidades",2165,3
cuanto vive una gaviota,mixto,SI/Parcial,post,https://avesnativaschilenas.cl/gaviotas/como-saber-si-una-gaviota-es-macho-o-hembra/,como saber si una gaviota es macho o hembra,9453,2
guacamaya azul amarillo,mixto,NO,,,,,1
pajaro del sur de chile,mixto,SI,post,https://avesnativaschilenas.cl/blog/el-impacto-del-cambio-climatico-en-las-aves-de-chile/,¿Cómo Está Afectando el Cambio Climático a las Aves en Chile?,1950,3
sonido de aves chilenas,mixto,SI,post,https://avesnativaschilenas.cl/jaulas/nidos-para-aves/,"Nidos para Aves: Tipos, Materiales y Como Elegir el Mejor",15288,100
terrarios para tortugas,mixto,NO,,,,,1
tipos de buhos en chile,informacional,SI,page,https://avesnativaschilenas.cl/gaviotas/,"Gaviotas en Chile: Especies, Tipos y Guia de Identificacion",14226,4
tipos de loros en chile,informacional,SI,post,https://avesnativaschilenas.cl/jaulas/para-loros/descubre-el-secreto-para-mantener-la-jaula-de-tu-loro-siempre-limpia-y-fresca/,¡Descubre el secreto para mantener la jaula de tu loro siempre limpia y fresca!,8533,100
martin pescador chileno,mixto,SI,page,https://avesnativaschilenas.cl/martin-pescador/,"Martín pescador Chileno: hábitat, alimentación y curiosidades de un tesoro acuatico",9858,3
pájaro carpintero chile,mixto,SI/Parcial,post,https://avesnativaschilenas.cl/blog/pajaro-pecho-rojo-chile/,pajaro pecho rojo chile,6801,2
10 condores chilenos oro,mixto,NO,,,,,1
accesorios jaula pajaros,mixto,SI,post,https://avesnativaschilenas.cl/jaulas/accesorios-para-jaulas/,Accesorios para Jaulas de Aves: Todo lo que Necesitas,15289,100
accesorios para acuarios,mixto,SI,post,https://avesnativaschilenas.cl/jaulas/accesorios-para-jaulas/,Accesorios para Jaulas de Aves: Todo lo que Necesitas,15289,100
accesorios para aviarios,mixto,SI,post,https://avesnativaschilenas.cl/jaulas/accesorios-para-jaulas/,Accesorios para Jaulas de Aves: Todo lo que Necesitas,15289,100
accesorios para cacatuas,mixto,SI,post,https://avesnativaschilenas.cl/jaulas/accesorios-para-jaulas/,Accesorios para Jaulas de Aves: Todo lo que Necesitas,15289,100
accesorios para canarios,mixto,SI,post,https://avesnativaschilenas.cl/jaulas/accesorios-para-jaulas/,Accesorios para Jaulas de Aves: Todo lo que Necesitas,15289,100
accesorios para tortugas,mixto,SI,post,https://avesnativaschilenas.cl/jaulas/accesorios-para-jaulas/,Accesorios para Jaulas de Aves: Todo lo que Necesitas,15289,100
agapornis comportamiento,mixto,SI,post,https://avesnativaschilenas.cl/jaulas/para-loros/descubre-el-secreto-para-mantener-la-jaula-de-tu-loro-siempre-limpia-y-fresca/,¡Descubre el secreto para mantener la jaula de tu loro siempre limpia y fresca!,8533,100
aguila arpia cuanto mide,mixto,SI,post,https://avesnativaschilenas.cl/aguilas/cuanto-mide-un-aguila-real-con-las-alas-abiertas/,Cuanto mide un aguila real con las alas abiertas,9362,3
aguila arpia informacion,informacional,SI/Parcial,post,https://avesnativaschilenas.cl/aguilas/aguila-arpia/,"Aguila arpia en los bosques: tamano imponente, habitat y papel ecologico",1849,2
aguila con sus polluelos,mixto,SI,post,https://avesnativaschilenas.cl/aguilas/como-ensena-el-aguila-a-volar-a-sus-polluelos/,Como el aguila ensena a volar a sus polluelos,9369,3
aguila de estados unidos,mixto,SI,post,https://avesnativaschilenas.cl/jaulas/nidos-para-aves/,"Nidos para Aves: Tipos, Materiales y Como Elegir el Mejor",15288,100
aguila versiculo biblico,mixto,NO,,,,,1
albatros caracteristicas,informacional,SI/Parcial,post,https://avesnativaschilenas.cl/albatro/albatros-errante/,"Descubre los secretos del albatros errante: características, hábitat y curiosidades",466,2
albatros de patas negras,mixto,SI/Parcial,post,https://avesnativaschilenas.cl/piqueros/piquero-de-patas-coloradas/,Piquero de patas coloradas (Sula sula): el accidental mas raro de Chile,14140,2
alimentacion de canarios,informacional,SI,post,https://avesnativaschilenas.cl/jaulas/para-canarios/,Jaulas para Canarios: Guia de Compra para tu Pajaro Cantor,15280,100
alimentacion de las aves,informacional,SI,post,https://avesnativaschilenas.cl/cuidados/tipo-de-alimentacion-de-las-aves/,Descubre los Tipos de Alimentación de las Aves: Guía Completa para Entender sus Dietas,11359,4
alimentacion de un tucan,informacional,SI,page,https://avesnativaschilenas.cl/martin-pescador/,"Martín pescador Chileno: hábitat, alimentación y curiosidades de un tesoro acuatico",9858,3
alimentacion del hornero,informacional,SI/Parcial,post,https://avesnativaschilenas.cl/gaviotas/guanay/,"Descubre las maravillas del guanay: hábitat, alimentación y características únicas",136,2
alimentacion para ninfas,informacional,SI,post,https://avesnativaschilenas.cl/jaulas/para-ninfas/,Jaulas para Ninfas (Cockatiel): Guia de Compra y Medidas Ideales,15285,100
alimentacion zorzal bebe,informacional,SI/Parcial,post,https://avesnativaschilenas.cl/terrestres/zorzal/zorzal-colorado/,"Zorzal Colorado (Turdus rufiventris): Hábitat, Alimentación, Canto y Simbología",9556,2
alimentación del gorrión,informacional,SI/Parcial,post,https://avesnativaschilenas.cl/gaviotas/guanay/,"Descubre las maravillas del guanay: hábitat, alimentación y características únicas",136,2
alimentador para colibri,mixto,SI/Parcial,post,https://avesnativaschilenas.cl/nidos/descubre-el-encantador-alimentador-de-pajaros-zxm-la-decoracion-perfecta-para-tu-jardin/,Descubre el encantador alimentador de pájaros ZXM: ¡la decoración perfecta para tu jardín!,7579,2
alimentador para pajaros,mixto,SI,post,https://avesnativaschilenas.cl/nidos/descubre-el-encantador-alimentador-de-pajaros-zxm-la-decoracion-perfecta-para-tu-jardin/,Descubre el encantador alimentador de pájaros ZXM: ¡la decoración perfecta para tu jardín!,7579,3
alimento aves de postura,mixto,SI/Parcial,post,https://avesnativaschilenas.cl/jaulas/accesorios-para-jaulas/,Accesorios para Jaulas de Aves: Todo lo que Necesitas,15289,2
alimento balanceado aves,mixto,NO,,,,,1
alimento ponedora precio,comercial,SI,post,https://avesnativaschilenas.cl/jaulas/para-gallinas-ponedoras/,Jaulas para Gallinas Ponedoras: Guia de Compra 2026,15281,100
alimento ponedora purina,mixto,SI,post,https://avesnativaschilenas.cl/jaulas/para-gallinas-ponedoras/,Jaulas para Gallinas Ponedoras: Guia de Compra 2026,15281,100
alimentos para colibries,mixto,SI/Parcial,post,https://avesnativaschilenas.cl/nidos/transforma-tu-jardin-en-un-paraiso-para-colibries-con-nuestro-increible-kit-de-nidos/,¡Transforma tu jardín en un paraíso para colibríes con nuestro increíble kit de nidos!,8246,2
amalia hernández navarro,mixto,NO,,,,,0
amazona albifrons precio,navegacional,NO,,,,,0
amuleto buho significado,informacional,SI/Parcial,post,https://avesnativaschilenas.cl/rapaces/lechuza/significado-de-ver-un-buho-blanco-en-la-noche/,significado de ver un buho blanco en la noche,9442,2
arenas azul las gaviotas,mixto,SI/Parcial,post,https://avesnativaschilenas.cl/gaviotas/la-vida-secreta-de-las-aves-marinas/,La Vida Secreta de las Aves Marinas: Descubre sus Hábitos y Misterios,11042,2
ave nacional de colombia,mixto,SI,post,https://avesnativaschilenas.cl/rapaces/porque-el-condor-es-el-ave-nacional-de-colombia/,porque el condor es el ave nacional de colombia,9444,4
aves autoctonas de chile,mixto,SI,post,https://avesnativaschilenas.cl/blog/importancia-de-las-aves-en-chile/,Importancia de las aves en Chile: su rol en los ecosistemas y la conservacion nacional,15082,3
aves carroñeras ejemplos,mixto,SI/Parcial,post,https://avesnativaschilenas.cl/rapaces/como-las-aves-carroneras-limpian-el-ecosistema-en-chile/,Cómo las aves carroñeras limpian el ecosistema en Chile,9760,2
aves comunes en colombia,mixto,SI,post,https://avesnativaschilenas.cl/cuidados/sintomas-de-enfermedades-comunes-en-aves-domesticas/,Guía Completa sobre los Síntomas de Enfermedades Comunes en Aves Domésticas: Cómo Identificarlos y Actuar a Tiempo,6537,3
aves cordilleranas chile,mixto,SI/Parcial,post,https://avesnativaschilenas.cl/blog/importancia-de-las-aves-en-chile/,Importancia de las aves en Chile: su rol en los ecosistemas y la conservacion nacional,15082,2
aves de chile pdf gratis,mixto,SI,post,https://avesnativaschilenas.cl/blog/importancia-de-las-aves-en-chile/,Importancia de las aves en Chile: su rol en los ecosistemas y la conservacion nacional,15082,3
aves de ciudad de mexico,mixto,SI/Parcial,post,https://avesnativaschilenas.cl/jaulas/accesorios-para-jaulas/,Accesorios para Jaulas de Aves: Todo lo que Necesitas,15289,2
aves de colores exoticos,mixto,SI,post,https://avesnativaschilenas.cl/blog/las-aves-mas-coloridas-de-chile/,Descubre la impresionante belleza de las aves más coloridas de Chile: ¡una explosión de colores en la naturaleza!,559,3
aves de colores hermosos,mixto,SI,post,https://avesnativaschilenas.cl/blog/las-aves-mas-coloridas-de-chile/,Descubre la impresionante belleza de las aves más coloridas de Chile: ¡una explosión de colores en la naturaleza!,559,3
aves de costa rica fotos,mixto,SI/Parcial,post,https://avesnativaschilenas.cl/jaulas/accesorios-para-jaulas/,Accesorios para Jaulas de Aves: Todo lo que Necesitas,15289,2
aves de jaula y pajarera,mixto,SI,post,https://avesnativaschilenas.cl/jaulas/accesorios-para-jaulas/,Accesorios para Jaulas de Aves: Todo lo que Necesitas,15289,100
aves de la costa chilena,mixto,SI,post,https://avesnativaschilenas.cl/terrestres/aves-de-la-patagonia-chilena/,Aves de la Patagonia Chilena: ¡Descubre sus increíbles especies!,2063,4
aves de que se alimentan,mixto,SI,post,https://avesnativaschilenas.cl/cuidados/de-que-se-alimentan-las-aves/,¿De qué se alimentan las aves? Guía completa sobre la dieta aviar,11353,5
aves de tierra del fuego,mixto,SI,post,https://avesnativaschilenas.cl/rapaces/rapaces-santiago/,Aves Rapaces de Santiago: Guardianes del Cielo y la Biodiversidad,10896,3
aves diurnas y nocturnas,mixto,SI,post,https://avesnativaschilenas.cl/rapaces/lechuza/aves-que-cantan-de-noche/,Descubre el misterio de las aves que cantan de noche: ¡Conoce sus secretos y melodías nocturnas!,2137,3
aves domesticas exoticas,mixto,SI/Parcial,post,https://avesnativaschilenas.cl/nidos/descubre-el-secreto-para-atraer-aves-exoticas-a-tu-jardin-con-estos-nidos-de-madera-irresistibles/,Descubre el secreto para atraer aves exóticas a tu jardín con estos nidos de madera irresistibles!,7788,2
aves exóticas domésticas,mixto,SI/Parcial,post,https://avesnativaschilenas.cl/nidos/descubre-el-secreto-para-atraer-aves-exoticas-a-tu-jardin-con-estos-nidos-de-madera-irresistibles/,Descubre el secreto para atraer aves exóticas a tu jardín con estos nidos de madera irresistibles!,7788,2
aves grandes de colombia,mixto,SI,post,https://avesnativaschilenas.cl/jaulas/grandes/descubre-la-elegante-jaula-liuands-el-hogar-perfecto-y-espacioso-para-la-salud-de-tus-aves/,Descubre la elegante jaula LIUANDS: ¡el hogar perfecto y espacioso para la salud de tus aves!,7741,3
aves migratorias nombres,mixto,SI/Parcial,page,https://avesnativaschilenas.cl/migratorias/,Aves Migratorias que llegan a Chile,1739,2
aves nativas de colombia,mixto,SI,post,https://avesnativaschilenas.cl/blog/que-piensas-que-sucede-con-las-aves-originarias-de-un-lugar-cuando-llegan-las-palomas/,Que Pasa con las Aves Nativas Cuando Llegan las Palomas? Impacto Real,9804,3
aves pequeñas de colores,mixto,SI,post,https://avesnativaschilenas.cl/nidos/descubre-los-8-forros-de-yute-perfectos-para-mimar-a-tus-canarios-y-pequenas-aves/,Descubre los 8 Forros de Yute Perfectos para Mimar a tus Canarios y Pequeñas Aves,8601,3
aves pequeñas domésticas,mixto,SI/Parcial,post,https://avesnativaschilenas.cl/nidos/descubre-los-8-forros-de-yute-perfectos-para-mimar-a-tus-canarios-y-pequenas-aves/,Descubre los 8 Forros de Yute Perfectos para Mimar a tus Canarios y Pequeñas Aves,8601,2
aves que cantan de noche,mixto,SI,post,https://avesnativaschilenas.cl/rapaces/lechuza/aves-que-cantan-de-noche/,Descubre el misterio de las aves que cantan de noche: ¡Conoce sus secretos y melodías nocturnas!,2137,5
aves que migran en otoño,mixto,SI,post,https://avesnativaschilenas.cl/blog/que-aves-se-pueden-tener-de-mascota-en-argentina/,que aves se pueden tener de mascota en argentina,10418,3
bailarin de tango famoso,mixto,SI/Parcial,post,https://avesnativaschilenas.cl/rapaces/bailarin/,"Pajaro Bailarín, la Elegante Ave de Rapiña de Chile",1694,2
bailarina clasica famosa,mixto,NO,,,,,0
bailarina de cascanueces,mixto,NO,,,,,1
bailarina margot fonteyn,mixto,NO,,,,,0
bailarina paloma herrera,mixto,NO,,,,,1
bailarina peruana masias,mixto,NO,,,,,1
bailarina rusa de ballet,mixto,NO,,,,,1
balanceado para pollitos,mixto,SI,post,https://avesnativaschilenas.cl/jaulas/para-gallinas-ponedoras/,Jaulas para Gallinas Ponedoras: Guia de Compra 2026,15281,100
bandurria macho y hembra,mixto,SI,post,https://avesnativaschilenas.cl/terrestres/pavo-real-diferencias-entre-macho-y-hembra-fotos/,Pavo Real: Diferencias entre Macho y Hembra + Fotos,11823,3
bebederos para jilgueros,mixto,SI,post,https://avesnativaschilenas.cl/tienda/comederos/,Los mejores comederos para jaulas de pájaros : guía de compra y recomendaciones,2194,100
bebederos para voladeras,mixto,SI,post,https://avesnativaschilenas.cl/tienda/comederos/,Los mejores comederos para jaulas de pájaros : guía de compra y recomendaciones,2194,100
botella comedero de aves,mixto,SI,post,https://avesnativaschilenas.cl/tienda/comederos/,Los mejores comederos para jaulas de pájaros : guía de compra y recomendaciones,2194,100
buho significado amuleto,informacional,SI/Parcial,post,https://avesnativaschilenas.cl/rapaces/lechuza/significado-de-ver-un-buho-blanco-en-la-noche/,significado de ver un buho blanco en la noche,9442,2
búho amuleto significado,informacional,SI/Parcial,post,https://avesnativaschilenas.cl/rapaces/lechuza/significado-de-ver-un-buho-blanco-en-la-noche/,significado de ver un buho blanco en la noche,9442,2
caique de cabeza naranja,mixto,SI/Parcial,post,https://avesnativaschilenas.cl/rapaces/jote/jote-de-cabeza-colorada/,jote de cabeza colorada,6749,2
caique de vientre blanco,mixto,SI/Parcial,post,https://avesnativaschilenas.cl/piqueros/piquero-blanco/,Piquero blanco (Sula dactylatra): el kena de Rapa Nui y las islas oceanicas de Chile,14138,2
calyptorhynchus funereus,mixto,NO,,,,,0
canario español timbrado,mixto,SI,post,https://avesnativaschilenas.cl/jaulas/para-canarios/,Jaulas para Canarios: Guia de Compra para tu Pajaro Cantor,15280,100
cantos de aves nocturnas,mixto,SI,post,https://avesnativaschilenas.cl/blog/cantos-de-aves-chilenas/,El cantos de aves chilenas en la naturaleza,6621,3
características de cisne,informacional,SI,post,https://avesnativaschilenas.cl/cisne/cisne-de-cuello-negro/,"Descubre todo sobre el fascinante cisne de cuello negro: características, hábitat y curiosidades",88,3
carne de codorniz precio,comercial,SI,post,https://avesnativaschilenas.cl/jaulas/para-gallinas-ponedoras/,Jaulas para Gallinas Ponedoras: Guia de Compra 2026,15281,100
carros para jaulas de 60,mixto,SI,post,https://avesnativaschilenas.cl/jaulas/accesorios-para-jaulas/,Accesorios para Jaulas de Aves: Todo lo que Necesitas,15289,100
casa para cobayas casera,mixto,SI/Parcial,post,https://avesnativaschilenas.cl/jaulas/para-agapornis/,Jaulas para Agapornis e Inseparables: La Mejor Casa para tus Lovebirds,15273,2
casas caseras para cuyos,mixto,SI/Parcial,post,https://avesnativaschilenas.cl/nidos/descubre-las-encantadoras-casas-colgantes-para-pajaros-que-transformaran-tu-jardin-en-un-paraiso/,Descubre las encantadoras casas colgantes para pájaros que transformarán tu jardín en un paraíso,7966,2
casas de cuyos de madera,mixto,SI/Parcial,post,https://avesnativaschilenas.cl/nidos/transforma-la-jaula-de-tus-aves-con-el-increible-columpio-de-madera-que-hara-volar-su-felicidad/,¡Transforma la jaula de tus aves con el increíble columpio de madera que hará volar su felicidad!,8579,2
casas para cuyos caseras,mixto,SI/Parcial,post,https://avesnativaschilenas.cl/nidos/descubre-las-encantadoras-casas-colgantes-para-pajaros-que-transformaran-tu-jardin-en-un-paraiso/,Descubre las encantadoras casas colgantes para pájaros que transformarán tu jardín en un paraíso,7966,2
chucho avellanet boleros,mixto,NO,,,,,0
codornices a la cazadora,mixto,SI,post,https://avesnativaschilenas.cl/jaulas/para-gallinas-ponedoras/,Jaulas para Gallinas Ponedoras: Guia de Compra 2026,15281,100
codornices chinas precio,comercial,SI,post,https://avesnativaschilenas.cl/jaulas/para-gallinas-ponedoras/,Jaulas para Gallinas Ponedoras: Guia de Compra 2026,15281,100
codornices mercado libre,mixto,SI,post,https://avesnativaschilenas.cl/jaulas/para-gallinas-ponedoras/,Jaulas para Gallinas Ponedoras: Guia de Compra 2026,15281,100
codornices vivas comprar,comercial,SI,post,https://avesnativaschilenas.cl/jaulas/para-gallinas-ponedoras/,Jaulas para Gallinas Ponedoras: Guia de Compra 2026,15281,100
codorniz japonesa precio,comercial,SI,post,https://avesnativaschilenas.cl/jaulas/para-gallinas-ponedoras/,Jaulas para Gallinas Ponedoras: Guia de Compra 2026,15281,100
codorniz moctezuma venta,comercial,SI,post,https://avesnativaschilenas.cl/jaulas/para-gallinas-ponedoras/,Jaulas para Gallinas Ponedoras: Guia de Compra 2026,15281,100
codorniz ponedora precio,comercial,SI,post,https://avesnativaschilenas.cl/jaulas/para-gallinas-ponedoras/,Jaulas para Gallinas Ponedoras: Guia de Compra 2026,15281,100
colibri cola de espatula,mixto,SI/Parcial,post,https://avesnativaschilenas.cl/picaflor/significado-espiritual-del-colibri-y-tatuajes-de-picaflor/,Significado espiritual del colibrí y tatuajes de picaflor: simbolismo y creencias,14221,2
colibri como se alimenta,informacional,SI/Parcial,post,https://avesnativaschilenas.cl/rapaces/de-que-se-alimenta-el-condor-de-los-andes/,de qué se alimenta el cóndor de los andes,9382,2
colibri de cola espatula,mixto,SI/Parcial,post,https://avesnativaschilenas.cl/picaflor/significado-espiritual-del-colibri-y-tatuajes-de-picaflor/,Significado espiritual del colibrí y tatuajes de picaflor: simbolismo y creencias,14221,2
colibries recien nacidos,mixto,NO,,,,,1
colibrí garganta de rubí,mixto,SI/Parcial,post,https://avesnativaschilenas.cl/picaflor/significado-espiritual-del-colibri-y-tatuajes-de-picaflor/,Significado espiritual del colibrí y tatuajes de picaflor: simbolismo y creencias,14221,2
colores de la golondrina,mixto,SI,post,https://avesnativaschilenas.cl/migratorias/golondrina/que-significa-cuando-hay-una-bandada-de-pajaros/,Qué Significa Cuando Hay Una Bandada de Pájaros: Descubre el Misterioso Mensaje de la Naturaleza,10003,3
colores de los pajaritos,mixto,SI/Parcial,post,https://avesnativaschilenas.cl/blog/importancia-de-las-aves-en-chile/,Importancia de las aves en Chile: su rol en los ecosistemas y la conservacion nacional,15082,2
comedero automatico aves,mixto,SI,post,https://avesnativaschilenas.cl/tienda/comederos/,Los mejores comederos para jaulas de pájaros : guía de compra y recomendaciones,2194,100
comedero aves silvestres,mixto,SI,post,https://avesnativaschilenas.cl/tienda/comederos/,Los mejores comederos para jaulas de pájaros : guía de compra y recomendaciones,2194,100
comedero giratorio loros,mixto,SI,post,https://avesnativaschilenas.cl/tienda/comederos/,Los mejores comederos para jaulas de pájaros : guía de compra y recomendaciones,2194,100
comedero loro antivuelco,mixto,SI,post,https://avesnativaschilenas.cl/tienda/comederos/,Los mejores comederos para jaulas de pájaros : guía de compra y recomendaciones,2194,100
comedero pajaros botella,mixto,SI,post,https://avesnativaschilenas.cl/tienda/comederos/,Los mejores comederos para jaulas de pájaros : guía de compra y recomendaciones,2194,100
comedero pajaros ventana,comercial,SI,post,https://avesnativaschilenas.cl/tienda/comederos/,Los mejores comederos para jaulas de pájaros : guía de compra y recomendaciones,2194,100
comedero para codornices,mixto,SI,post,https://avesnativaschilenas.cl/tienda/comederos/,Los mejores comederos para jaulas de pájaros : guía de compra y recomendaciones,2194,100
comedero tolva para aves,mixto,SI,post,https://avesnativaschilenas.cl/tienda/comederos/,Los mejores comederos para jaulas de pájaros : guía de compra y recomendaciones,2194,100
comederos para pajareras,mixto,SI,post,https://avesnativaschilenas.cl/tienda/comederos/,Los mejores comederos para jaulas de pájaros : guía de compra y recomendaciones,2194,100
comederos para ponedoras,mixto,SI,post,https://avesnativaschilenas.cl/tienda/comederos/,Los mejores comederos para jaulas de pájaros : guía de compra y recomendaciones,2194,100
comercializadora colibri,mixto,NO,,,,,1
comida cotorra argentina,mixto,SI,post,https://avesnativaschilenas.cl/jaulas/para-loros/descubre-el-secreto-para-mantener-la-jaula-de-tu-loro-siempre-limpia-y-fresca/,¡Descubre el secreto para mantener la jaula de tu loro siempre limpia y fresca!,8533,100
comida para inseparables,mixto,SI,post,https://avesnativaschilenas.cl/jaulas/para-loros/descubre-el-secreto-para-mantener-la-jaula-de-tu-loro-siempre-limpia-y-fresca/,¡Descubre el secreto para mantener la jaula de tu loro siempre limpia y fresca!,8533,100
como comen los colibries,informacional,SI,post,https://avesnativaschilenas.cl/migratorias/paloma/palomas-bebes/,"Cómo son los nidos de paloma, que comen y como cuidar pichones",2519,3
como se alimenta el loro,informacional,SI,post,https://avesnativaschilenas.cl/jaulas/para-loros/descubre-el-secreto-para-mantener-la-jaula-de-tu-loro-siempre-limpia-y-fresca/,¡Descubre el secreto para mantener la jaula de tu loro siempre limpia y fresca!,8533,100
complejo en las gaviotas,mixto,SI,post,https://avesnativaschilenas.cl/blog/grupo-de-aves-marinas-al-que-pertenecen-las-gaviotas/,Grupo de aves marinas al que pertenecen las gaviotas: guia de la familia Laridae en Chile,9156,3
comprar codornices vivas,comercial,SI,post,https://avesnativaschilenas.cl/jaulas/para-gallinas-ponedoras/,Jaulas para Gallinas Ponedoras: Guia de Compra 2026,15281,100
comprar pajaros canarios,comercial,SI,post,https://avesnativaschilenas.cl/jaulas/para-canarios/,Jaulas para Canarios: Guia de Compra para tu Pajaro Cantor,15280,100
comprar pajaros exoticos,comercial,SI/Parcial,post,https://avesnativaschilenas.cl/nidos/descubre-el-asombroso-nido-trixie-el-hogar-ideal-para-tus-pajaros-exoticos/,Descubre el asombroso nido TRIXIE: ¡el hogar ideal para tus pájaros exóticos!,8368,2
comprar pájaros exóticos,comercial,SI/Parcial,post,https://avesnativaschilenas.cl/nidos/descubre-el-asombroso-nido-trixie-el-hogar-ideal-para-tus-pajaros-exoticos/,Descubre el asombroso nido TRIXIE: ¡el hogar ideal para tus pájaros exóticos!,8368,2
condominios las gaviotas,mixto,SI/Parcial,post,https://avesnativaschilenas.cl/gaviotas/la-vida-secreta-de-las-aves-marinas/,La Vida Secreta de las Aves Marinas: Descubre sus Hábitos y Misterios,11042,2
condor con alas abiertas,mixto,SI,post,https://avesnativaschilenas.cl/aguilas/cuanto-mide-un-aguila-real-con-las-alas-abiertas/,Cuanto mide un aguila real con las alas abiertas,9362,3
condor terminal santiago,mixto,NO,,,,,1
corrales para codornices,mixto,SI,post,https://avesnativaschilenas.cl/jaulas/para-gallinas-ponedoras/,Jaulas para Gallinas Ponedoras: Guia de Compra 2026,15281,100
cotorra alejandrina azul,mixto,SI,post,https://avesnativaschilenas.cl/jaulas/para-loros/descubre-el-secreto-para-mantener-la-jaula-de-tu-loro-siempre-limpia-y-fresca/,¡Descubre el secreto para mantener la jaula de tu loro siempre limpia y fresca!,8533,100
cotorra amarilla y verde,mixto,SI,post,https://avesnativaschilenas.cl/jaulas/para-loros/descubre-el-secreto-para-mantener-la-jaula-de-tu-loro-siempre-limpia-y-fresca/,¡Descubre el secreto para mantener la jaula de tu loro siempre limpia y fresca!,8533,100
cotorra argentina comida,mixto,SI,post,https://avesnativaschilenas.cl/jaulas/para-loros/descubre-el-secreto-para-mantener-la-jaula-de-tu-loro-siempre-limpia-y-fresca/,¡Descubre el secreto para mantener la jaula de tu loro siempre limpia y fresca!,8533,100
cotorra argentina hembra,mixto,SI,post,https://avesnativaschilenas.cl/jaulas/para-loros/descubre-el-secreto-para-mantener-la-jaula-de-tu-loro-siempre-limpia-y-fresca/,¡Descubre el secreto para mantener la jaula de tu loro siempre limpia y fresca!,8533,100
cotorra australiana azul,mixto,SI,post,https://avesnativaschilenas.cl/jaulas/para-loros/descubre-el-secreto-para-mantener-la-jaula-de-tu-loro-siempre-limpia-y-fresca/,¡Descubre el secreto para mantener la jaula de tu loro siempre limpia y fresca!,8533,100
cotorra de kramer hembra,mixto,SI,post,https://avesnativaschilenas.cl/jaulas/para-loros/descubre-el-secreto-para-mantener-la-jaula-de-tu-loro-siempre-limpia-y-fresca/,¡Descubre el secreto para mantener la jaula de tu loro siempre limpia y fresca!,8533,100
cotorra de kramer precio,comercial,SI,post,https://avesnativaschilenas.cl/jaulas/para-loros/descubre-el-secreto-para-mantener-la-jaula-de-tu-loro-siempre-limpia-y-fresca/,¡Descubre el secreto para mantener la jaula de tu loro siempre limpia y fresca!,8533,100
cotorra gran alejandrina,mixto,SI,post,https://avesnativaschilenas.cl/jaulas/para-loros/descubre-el-secreto-para-mantener-la-jaula-de-tu-loro-siempre-limpia-y-fresca/,¡Descubre el secreto para mantener la jaula de tu loro siempre limpia y fresca!,8533,100
cotorra kramer papillera,mixto,SI,post,https://avesnativaschilenas.cl/jaulas/para-loros/descubre-el-secreto-para-mantener-la-jaula-de-tu-loro-siempre-limpia-y-fresca/,¡Descubre el secreto para mantener la jaula de tu loro siempre limpia y fresca!,8533,100
cotorra verde y amarilla,mixto,SI,post,https://avesnativaschilenas.cl/jaulas/para-loros/descubre-el-secreto-para-mantener-la-jaula-de-tu-loro-siempre-limpia-y-fresca/,¡Descubre el secreto para mantener la jaula de tu loro siempre limpia y fresca!,8533,100
cuanto come una codorniz,mixto,SI,post,https://avesnativaschilenas.cl/jaulas/para-gallinas-ponedoras/,Jaulas para Gallinas Ponedoras: Guia de Compra 2026,15281,100
cuervo mascota argentina,mixto,SI/Parcial,post,https://avesnativaschilenas.cl/blog/que-aves-se-pueden-tener-de-mascota-en-argentina/,que aves se pueden tener de mascota en argentina,10418,2
cuervos cosas brillantes,mixto,NO,,,,,1
cuidados de una codorniz,informacional,SI,post,https://avesnativaschilenas.cl/jaulas/para-gallinas-ponedoras/,Jaulas para Gallinas Ponedoras: Guia de Compra 2026,15281,100
cuáles son los agapornis,mixto,SI,post,https://avesnativaschilenas.cl/jaulas/para-loros/descubre-el-secreto-para-mantener-la-jaula-de-tu-loro-siempre-limpia-y-fresca/,¡Descubre el secreto para mantener la jaula de tu loro siempre limpia y fresca!,8533,100
de que color es un tucan,mixto,SI,post,https://avesnativaschilenas.cl/blog/es-de-mala-suerte-que-entre-un-pajaro-a-tu-casa/,es de mala suerte que entre un pájaro a tu casa,9406,4
de qué color es el tucán,mixto,SI,post,https://avesnativaschilenas.cl/blog/cual-es-el-pajaro-amarillo-que-llena-el-nido-de-limones/,cual es el pajaro amarillo que llena el nido de limones,9435,4
dia de las aves playeras,mixto,SI,post,https://avesnativaschilenas.cl/blog/importancia-de-las-aves-en-chile/,Importancia de las aves en Chile: su rol en los ecosistemas y la conservacion nacional,15082,3
diamante de gould hembra,mixto,SI/Parcial,post,https://avesnativaschilenas.cl/cuidados/como-distinguir-un-pavo-real-macho-de-una-hembra/,Como distinguir un pavo real macho de una hembra: diferencias reales y fotos,9393,2
diamante mandarin blanco,mixto,SI/Parcial,post,https://avesnativaschilenas.cl/cuidados/guia-completa-para-el-cuidado-de-tu-diamante-mandarin-primeros-pasos-esenciales-para-asegurar-su-bienestar/,Guía Completa para el Cuidado de tu Diamante Mandarín: Primeros Pasos Esenciales para Asegurar su Bienestar,7383,2
diamante mandarin masque,mixto,SI/Parcial,post,https://avesnativaschilenas.cl/cuidados/guia-completa-para-el-cuidado-de-tu-diamante-mandarin-primeros-pasos-esenciales-para-asegurar-su-bienestar/,Guía Completa para el Cuidado de tu Diamante Mandarín: Primeros Pasos Esenciales para Asegurar su Bienestar,7383,2
diamante mandarin moñudo,mixto,SI/Parcial,post,https://avesnativaschilenas.cl/cuidados/guia-completa-para-el-cuidado-de-tu-diamante-mandarin-primeros-pasos-esenciales-para-asegurar-su-bienestar/,Guía Completa para el Cuidado de tu Diamante Mandarín: Primeros Pasos Esenciales para Asegurar su Bienestar,7383,2
diamante mandarin orange,mixto,SI/Parcial,post,https://avesnativaschilenas.cl/cuidados/guia-completa-para-el-cuidado-de-tu-diamante-mandarin-primeros-pasos-esenciales-para-asegurar-su-bienestar/,Guía Completa para el Cuidado de tu Diamante Mandarín: Primeros Pasos Esenciales para Asegurar su Bienestar,7383,2
diamante mandarin pajaro,mixto,SI/Parcial,post,https://avesnativaschilenas.cl/cuidados/guia-completa-para-el-cuidado-de-tu-diamante-mandarin-primeros-pasos-esenciales-para-asegurar-su-bienestar/,Guía Completa para el Cuidado de tu Diamante Mandarín: Primeros Pasos Esenciales para Asegurar su Bienestar,7383,2
diamante mandarin pastel,mixto,SI/Parcial,post,https://avesnativaschilenas.cl/cuidados/guia-completa-para-el-cuidado-de-tu-diamante-mandarin-primeros-pasos-esenciales-para-asegurar-su-bienestar/,Guía Completa para el Cuidado de tu Diamante Mandarín: Primeros Pasos Esenciales para Asegurar su Bienestar,7383,2
diamante mandarin precio,comercial,SI/Parcial,post,https://avesnativaschilenas.cl/cuidados/guia-completa-para-el-cuidado-de-tu-diamante-mandarin-primeros-pasos-esenciales-para-asegurar-su-bienestar/,Guía Completa para el Cuidado de tu Diamante Mandarín: Primeros Pasos Esenciales para Asegurar su Bienestar,7383,2
dibujos de aves exóticas,mixto,SI,post,https://avesnativaschilenas.cl/nidos/descubre-el-secreto-para-atraer-aves-exoticas-a-tu-jardin-con-estos-nidos-de-madera-irresistibles/,Descubre el secreto para atraer aves exóticas a tu jardín con estos nidos de madera irresistibles!,7788,3
dibujos de aves pequeñas,mixto,SI,post,https://avesnativaschilenas.cl/nidos/descubre-los-8-forros-de-yute-perfectos-para-mimar-a-tus-canarios-y-pequenas-aves/,Descubre los 8 Forros de Yute Perfectos para Mimar a tus Canarios y Pequeñas Aves,8601,3
diferentes nidos de aves,mixto,SI,post,https://avesnativaschilenas.cl/jaulas/nidos-para-aves/,"Nidos para Aves: Tipos, Materiales y Como Elegir el Mejor",15288,100
dije de buho significado,informacional,SI,post,https://avesnativaschilenas.cl/rapaces/lechuza/significado-de-ver-un-buho-blanco-en-la-noche/,significado de ver un buho blanco en la noche,9442,3
dije de búho significado,informacional,SI,post,https://avesnativaschilenas.cl/rapaces/lechuza/significado-de-ver-un-buho-blanco-en-la-noche/,significado de ver un buho blanco en la noche,9442,3
distintas clases de aves,mixto,SI/Parcial,post,https://avesnativaschilenas.cl/jaulas/accesorios-para-jaulas/,Accesorios para Jaulas de Aves: Todo lo que Necesitas,15289,2
donde viven las gaviotas,informacional,SI/Parcial,post,https://avesnativaschilenas.cl/gaviotas/la-vida-secreta-de-las-aves-marinas/,La Vida Secreta de las Aves Marinas: Descubre sus Hábitos y Misterios,11042,2
el periquito australiano,mixto,SI,post,https://avesnativaschilenas.cl/jaulas/para-periquitos/,Jaulas para Periquitos: Guia de Compra Completa 2026,15284,100
especies de aves marinas,informacional,SI,post,https://avesnativaschilenas.cl/marina/ave-marina-que-escoge-pareja-para-toda-la-vida/,La fidelidad en las aves marinas: ¿por qué muchas especies eligen una sola pareja de por vida?,8852,4
especies de aves rapaces,informacional,SI,post,https://avesnativaschilenas.cl/marina/aves-de-isla-de-pascua-rapa-nui/,"Aves de Isla de Pascua (Rapa Nui): guía completa de especies, cultura y conservación",14225,3
excremento de golondrina,mixto,SI/Parcial,post,https://avesnativaschilenas.cl/rapaces/excremento-de-aves-de-rapina-como-identificarlo-y-que-significa/,Excremento de Aves de Rapina: Como Identificarlo y Que Significa,11819,2
foto de pavo real hembra,mixto,SI,post,https://avesnativaschilenas.cl/cuidados/como-distinguir-un-pavo-real-macho-de-una-hembra/,Como distinguir un pavo real macho de una hembra: diferencias reales y fotos,9393,4
fotos de aves silvestres,mixto,SI,post,https://avesnativaschilenas.cl/nidos/descubre-el-nido-de-aves-silvestres-de-madera-que-transformara-tu-jardin-en-un-paraiso-de-pajaros/,Descubre el nido de aves silvestres de madera que transformará tu jardín en un paraíso de pájaros,7693,3
fotos de aves tropicales,mixto,SI/Parcial,post,https://avesnativaschilenas.cl/jaulas/accesorios-para-jaulas/,Accesorios para Jaulas de Aves: Todo lo que Necesitas,15289,2
fotos de cacatúas ninfas,mixto,SI,post,https://avesnativaschilenas.cl/jaulas/para-loros/descubre-el-secreto-para-mantener-la-jaula-de-tu-loro-siempre-limpia-y-fresca/,¡Descubre el secreto para mantener la jaula de tu loro siempre limpia y fresca!,8533,100
fotos de pájaros grandes,mixto,SI,post,https://avesnativaschilenas.cl/nidos/descubre-el-corazon-animal-salvaje-la-casa-de-pajaros-que-tus-grandes-tetas-y-compania-adoran/,¡Descubre el corazón Animal Salvaje: la casa de pájaros que tus grandes tetas y compañía adoran!,8509,3
fuerzas de aguila biblia,mixto,SI,post,https://avesnativaschilenas.cl/aguilas/caracteristicas-de-las-aguilas-segun-la-biblia/,El Aguila en la Biblia: significado espiritual y versiculos clave,1857,3
garza blanca puerto rico,mixto,NO,,,,,1
gaviotas caracteristicas,informacional,SI/Parcial,post,https://avesnativaschilenas.cl/gaviotas/gaviota-reidora-americana/,Gaviota Reidora Americana: Caracteristicas e Identificacion,15220,2
golondrina azul y blanca,mixto,SI/Parcial,post,https://avesnativaschilenas.cl/migratorias/golondrina/que-significa-que-una-golondrina-entre-a-tu-casa/,"Que significa que una golondrina entre a tu casa: presagio, biologia y que hacer",9454,2
gorrion plumas amarillas,mixto,NO,,,,,1
gorriones de java precio,comercial,NO,,,,,1
gorriones macho y hembra,mixto,SI,post,https://avesnativaschilenas.cl/terrestres/pavo-real-diferencias-entre-macho-y-hembra-fotos/,Pavo Real: Diferencias entre Macho y Hembra + Fotos,11823,3
guacamayo jacinto precio,comercial,SI,post,https://avesnativaschilenas.cl/jaulas/para-loros/descubre-el-secreto-para-mantener-la-jaula-de-tu-loro-siempre-limpia-y-fresca/,¡Descubre el secreto para mantener la jaula de tu loro siempre limpia y fresca!,8533,100
halcon peregrino chileno,mixto,SI/Parcial,post,https://avesnativaschilenas.cl/blog/por-que-esta-en-peligro-de-extincion-el-halcon-peregrino/,por qué está en peligro de extincion el halcón peregrino,9157,2
hembra diamante de gould,mixto,SI/Parcial,post,https://avesnativaschilenas.cl/cuidados/como-distinguir-un-pavo-real-macho-de-una-hembra/,Como distinguir un pavo real macho de una hembra: diferencias reales y fotos,9393,2
huevo de codorniz fertil,mixto,SI,post,https://avesnativaschilenas.cl/jaulas/para-gallinas-ponedoras/,Jaulas para Gallinas Ponedoras: Guia de Compra 2026,15281,100
huevos codorniz fertiles,mixto,SI,post,https://avesnativaschilenas.cl/jaulas/para-gallinas-ponedoras/,Jaulas para Gallinas Ponedoras: Guia de Compra 2026,15281,100
huevos de codorniz china,mixto,SI,post,https://avesnativaschilenas.cl/jaulas/para-gallinas-ponedoras/,Jaulas para Gallinas Ponedoras: Guia de Compra 2026,15281,100
huevos de paloma torcaza,mixto,SI,post,https://avesnativaschilenas.cl/migratorias/paloma/huevo-de-paloma/,Descubre la fertilidad y retención de huevos de paloma,2531,3
identificador de pajaros,mixto,SI/Parcial,post,https://avesnativaschilenas.cl/rapaces/lechuza/pajaros-blancos-que-vuelan-de-noche/,5 Fascinantes Pájaros Blancos que Vuelan de Noche,11061,2
identificador de pájaros,mixto,SI/Parcial,post,https://avesnativaschilenas.cl/rapaces/lechuza/pajaros-blancos-que-vuelan-de-noche/,5 Fascinantes Pájaros Blancos que Vuelan de Noche,11061,2
imagen de guacamayo azul,mixto,SI,post,https://avesnativaschilenas.cl/jaulas/para-loros/descubre-el-secreto-para-mantener-la-jaula-de-tu-loro-siempre-limpia-y-fresca/,¡Descubre el secreto para mantener la jaula de tu loro siempre limpia y fresca!,8533,100
imágenes de aves blancas,mixto,SI/Parcial,post,https://avesnativaschilenas.cl/jaulas/accesorios-para-jaulas/,Accesorios para Jaulas de Aves: Todo lo que Necesitas,15289,2
imágenes de aves bonitas,mixto,SI/Parcial,post,https://avesnativaschilenas.cl/jaulas/accesorios-para-jaulas/,Accesorios para Jaulas de Aves: Todo lo que Necesitas,15289,2
imágenes de aves grandes,mixto,SI,post,https://avesnativaschilenas.cl/jaulas/grandes/descubre-la-elegante-jaula-liuands-el-hogar-perfecto-y-espacioso-para-la-salud-de-tus-aves/,Descubre la elegante jaula LIUANDS: ¡el hogar perfecto y espacioso para la salud de tus aves!,7741,3
imágenes de las cacatúas,mixto,SI,post,https://avesnativaschilenas.cl/jaulas/para-loros/descubre-el-secreto-para-mantener-la-jaula-de-tu-loro-siempre-limpia-y-fresca/,¡Descubre el secreto para mantener la jaula de tu loro siempre limpia y fresca!,8533,100
incubar huevos pavo real,mixto,SI,post,https://avesnativaschilenas.cl/cuidados/de-que-color-son-los-huevos-de-pavo-real/,de que color son los huevos de pavo real,9364,3
instrumento la bandurria,mixto,SI/Parcial,post,https://avesnativaschilenas.cl/terrestres/bandurria/bandurria-leyendas-significados-espirituales/,"La Bandurria: Leyendas, Significados Espirituales y Curiosidades Fascinantes",9488,2
isaias 40 31 explicación,mixto,NO,,,,,1
jaula casera para pollos,mixto,SI,post,https://avesnativaschilenas.cl/jaulas/accesorios-para-jaulas/,Accesorios para Jaulas de Aves: Todo lo que Necesitas,15289,100
jaula chica para pajaros,mixto,SI,post,https://avesnativaschilenas.cl/jaulas/accesorios-para-jaulas/,Accesorios para Jaulas de Aves: Todo lo que Necesitas,15289,100
jaula colgante para aves,mixto,SI,post,https://avesnativaschilenas.cl/jaulas/accesorios-para-jaulas/,Accesorios para Jaulas de Aves: Todo lo que Necesitas,15289,100
jaula criadora de pollos,mixto,SI,post,https://avesnativaschilenas.cl/jaulas/accesorios-para-jaulas/,Accesorios para Jaulas de Aves: Todo lo que Necesitas,15289,100
jaula de canarios grande,mixto,SI,post,https://avesnativaschilenas.cl/jaulas/accesorios-para-jaulas/,Accesorios para Jaulas de Aves: Todo lo que Necesitas,15289,100
jaula de codorniz casera,mixto,SI,post,https://avesnativaschilenas.cl/jaulas/accesorios-para-jaulas/,Accesorios para Jaulas de Aves: Todo lo que Necesitas,15289,100
jaula de cria de canario,mixto,SI,post,https://avesnativaschilenas.cl/jaulas/accesorios-para-jaulas/,Accesorios para Jaulas de Aves: Todo lo que Necesitas,15289,100
jaula de cria periquitos,mixto,SI,post,https://avesnativaschilenas.cl/jaulas/accesorios-para-jaulas/,Accesorios para Jaulas de Aves: Todo lo que Necesitas,15289,100
jaula de cuyes de madera,mixto,SI,post,https://avesnativaschilenas.cl/jaulas/accesorios-para-jaulas/,Accesorios para Jaulas de Aves: Todo lo que Necesitas,15289,100
jaula de cuyes en madera,mixto,SI,post,https://avesnativaschilenas.cl/jaulas/accesorios-para-jaulas/,Accesorios para Jaulas de Aves: Todo lo que Necesitas,15289,100
jaula de gallos de pelea,mixto,SI,post,https://avesnativaschilenas.cl/jaulas/accesorios-para-jaulas/,Accesorios para Jaulas de Aves: Todo lo que Necesitas,15289,100
jaula de hierro de weber,mixto,SI,post,https://avesnativaschilenas.cl/jaulas/accesorios-para-jaulas/,Accesorios para Jaulas de Aves: Todo lo que Necesitas,15289,100
jaula de pajaros antigua,mixto,SI,post,https://avesnativaschilenas.cl/jaulas/accesorios-para-jaulas/,Accesorios para Jaulas de Aves: Todo lo que Necesitas,15289,100
jaula decorativa vintage,mixto,SI,post,https://avesnativaschilenas.cl/jaulas/accesorios-para-jaulas/,Accesorios para Jaulas de Aves: Todo lo que Necesitas,15289,100
jaula doble para conejos,mixto,SI,post,https://avesnativaschilenas.cl/jaulas/accesorios-para-jaulas/,Accesorios para Jaulas de Aves: Todo lo que Necesitas,15289,100
jaula doble para hamster,mixto,SI,post,https://avesnativaschilenas.cl/jaulas/accesorios-para-jaulas/,Accesorios para Jaulas de Aves: Todo lo que Necesitas,15289,100
jaula gallinero exterior,mixto,SI,post,https://avesnativaschilenas.cl/jaulas/accesorios-para-jaulas/,Accesorios para Jaulas de Aves: Todo lo que Necesitas,15289,100
jaula grande para ninfas,mixto,SI,post,https://avesnativaschilenas.cl/jaulas/accesorios-para-jaulas/,Accesorios para Jaulas de Aves: Todo lo que Necesitas,15289,100
jaula horizontal pajaros,mixto,SI,post,https://avesnativaschilenas.cl/jaulas/accesorios-para-jaulas/,Accesorios para Jaulas de Aves: Todo lo que Necesitas,15289,100
jaula ideal para hamster,mixto,SI,post,https://avesnativaschilenas.cl/jaulas/accesorios-para-jaulas/,Accesorios para Jaulas de Aves: Todo lo que Necesitas,15289,100
jaula pajaros aliexpress,mixto,SI,post,https://avesnativaschilenas.cl/jaulas/accesorios-para-jaulas/,Accesorios para Jaulas de Aves: Todo lo que Necesitas,15289,100
jaula pajaros anti gatos,mixto,SI,post,https://avesnativaschilenas.cl/jaulas/accesorios-para-jaulas/,Accesorios para Jaulas de Aves: Todo lo que Necesitas,15289,100
jaula pajaros con ruedas,mixto,SI,post,https://avesnativaschilenas.cl/jaulas/accesorios-para-jaulas/,Accesorios para Jaulas de Aves: Todo lo que Necesitas,15289,100
jaula palomas mensajeras,mixto,SI,post,https://avesnativaschilenas.cl/jaulas/accesorios-para-jaulas/,Accesorios para Jaulas de Aves: Todo lo que Necesitas,15289,100
jaula para aguila harris,mixto,SI,post,https://avesnativaschilenas.cl/jaulas/accesorios-para-jaulas/,Accesorios para Jaulas de Aves: Todo lo que Necesitas,15289,100
jaula para aves pequeñas,mixto,SI,post,https://avesnativaschilenas.cl/jaulas/accesorios-para-jaulas/,Accesorios para Jaulas de Aves: Todo lo que Necesitas,15289,100
jaula para cacatua ninfa,mixto,SI,post,https://avesnativaschilenas.cl/jaulas/accesorios-para-jaulas/,Accesorios para Jaulas de Aves: Todo lo que Necesitas,15289,100
jaula para cardenal rojo,mixto,SI,post,https://avesnativaschilenas.cl/jaulas/accesorios-para-jaulas/,Accesorios para Jaulas de Aves: Todo lo que Necesitas,15289,100
jaula para cazar pajaros,mixto,SI,post,https://avesnativaschilenas.cl/jaulas/accesorios-para-jaulas/,Accesorios para Jaulas de Aves: Todo lo que Necesitas,15289,100
jaula para cazar palomas,mixto,SI,post,https://avesnativaschilenas.cl/jaulas/accesorios-para-jaulas/,Accesorios para Jaulas de Aves: Todo lo que Necesitas,15289,100
jaula para cobayos usada,comercial,SI,post,https://avesnativaschilenas.cl/jaulas/accesorios-para-jaulas/,Accesorios para Jaulas de Aves: Todo lo que Necesitas,15289,100
jaula para criar conejos,mixto,SI,post,https://avesnativaschilenas.cl/jaulas/accesorios-para-jaulas/,Accesorios para Jaulas de Aves: Todo lo que Necesitas,15289,100
jaula para criar pajaros,mixto,SI,post,https://avesnativaschilenas.cl/jaulas/accesorios-para-jaulas/,Accesorios para Jaulas de Aves: Todo lo que Necesitas,15289,100
jaula para dos agapornis,mixto,SI,post,https://avesnativaschilenas.cl/jaulas/accesorios-para-jaulas/,Accesorios para Jaulas de Aves: Todo lo que Necesitas,15289,100
jaula para gallos precio,comercial,SI,post,https://avesnativaschilenas.cl/jaulas/accesorios-para-jaulas/,Accesorios para Jaulas de Aves: Todo lo que Necesitas,15289,100
jaula para gatos baratas,comercial,SI,post,https://avesnativaschilenas.cl/jaulas/accesorios-para-jaulas/,Accesorios para Jaulas de Aves: Todo lo que Necesitas,15289,100
jaula para jerbos casera,mixto,SI,post,https://avesnativaschilenas.cl/jaulas/accesorios-para-jaulas/,Accesorios para Jaulas de Aves: Todo lo que Necesitas,15289,100
jaula para loros baratas,comercial,SI,post,https://avesnativaschilenas.cl/jaulas/accesorios-para-jaulas/,Accesorios para Jaulas de Aves: Todo lo que Necesitas,15289,100
jaula para loros precios,comercial,SI,post,https://avesnativaschilenas.cl/jaulas/accesorios-para-jaulas/,Accesorios para Jaulas de Aves: Todo lo que Necesitas,15289,100
jaula para pajaros chica,mixto,SI,post,https://avesnativaschilenas.cl/jaulas/accesorios-para-jaulas/,Accesorios para Jaulas de Aves: Todo lo que Necesitas,15289,100
jaula para pollos casera,mixto,SI,post,https://avesnativaschilenas.cl/jaulas/accesorios-para-jaulas/,Accesorios para Jaulas de Aves: Todo lo que Necesitas,15289,100
jaula para pollos precio,comercial,SI,post,https://avesnativaschilenas.cl/jaulas/accesorios-para-jaulas/,Accesorios para Jaulas de Aves: Todo lo que Necesitas,15289,100
jaula perico australiano,mixto,SI,post,https://avesnativaschilenas.cl/jaulas/accesorios-para-jaulas/,Accesorios para Jaulas de Aves: Todo lo que Necesitas,15289,100
jaula redonda para loros,mixto,SI,post,https://avesnativaschilenas.cl/jaulas/accesorios-para-jaulas/,Accesorios para Jaulas de Aves: Todo lo que Necesitas,15289,100
jaula transporte pajaros,mixto,SI,post,https://avesnativaschilenas.cl/jaulas/accesorios-para-jaulas/,Accesorios para Jaulas de Aves: Todo lo que Necesitas,15289,100
jaulas caseras para aves,mixto,SI,post,https://avesnativaschilenas.cl/jaulas/accesorios-para-jaulas/,Accesorios para Jaulas de Aves: Todo lo que Necesitas,15289,100
jaulas loro segunda mano,comercial,SI,post,https://avesnativaschilenas.cl/jaulas/accesorios-para-jaulas/,Accesorios para Jaulas de Aves: Todo lo que Necesitas,15289,100
jaulas pajaros de madera,mixto,SI,post,https://avesnativaschilenas.cl/jaulas/accesorios-para-jaulas/,Accesorios para Jaulas de Aves: Todo lo que Necesitas,15289,100
jaulas para aves baratas,comercial,SI,post,https://avesnativaschilenas.cl/jaulas/accesorios-para-jaulas/,Accesorios para Jaulas de Aves: Todo lo que Necesitas,15289,100
jaulas para gallos 60x60,mixto,SI,post,https://avesnativaschilenas.cl/jaulas/accesorios-para-jaulas/,Accesorios para Jaulas de Aves: Todo lo que Necesitas,15289,100
jaulas para gallos 75x75,mixto,SI,post,https://avesnativaschilenas.cl/jaulas/accesorios-para-jaulas/,Accesorios para Jaulas de Aves: Todo lo que Necesitas,15289,100
jaulas para loros amazon,navegacional,SI,post,https://avesnativaschilenas.cl/jaulas/accesorios-para-jaulas/,Accesorios para Jaulas de Aves: Todo lo que Necesitas,15289,100
jaulas para pollos finos,mixto,SI,post,https://avesnativaschilenas.cl/jaulas/accesorios-para-jaulas/,Accesorios para Jaulas de Aves: Todo lo que Necesitas,15289,100
jaulas para poner huevos,mixto,SI,post,https://avesnativaschilenas.cl/jaulas/accesorios-para-jaulas/,Accesorios para Jaulas de Aves: Todo lo que Necesitas,15289,100
jaulas personalizadas c2,mixto,SI,post,https://avesnativaschilenas.cl/jaulas/accesorios-para-jaulas/,Accesorios para Jaulas de Aves: Todo lo que Necesitas,15289,100
jaulas terenziani precio,comercial,SI,post,https://avesnativaschilenas.cl/jaulas/accesorios-para-jaulas/,Accesorios para Jaulas de Aves: Todo lo que Necesitas,15289,100
jaulas voladeras baratas,comercial,SI,post,https://avesnativaschilenas.cl/jaulas/accesorios-para-jaulas/,Accesorios para Jaulas de Aves: Todo lo que Necesitas,15289,100
jose cuervo precio chile,comercial,SI/Parcial,post,https://avesnativaschilenas.cl/cuervo/cuervo-casero/,El Cuervo Indio en Chile: Una Presencia Inesperada en Punta Arenas,11296,2
la bandurria instrumento,mixto,SI/Parcial,post,https://avesnativaschilenas.cl/terrestres/bandurria/bandurria-leyendas-significados-espirituales/,"La Bandurria: Leyendas, Significados Espirituales y Curiosidades Fascinantes",9488,2
la playa de las gaviotas,mixto,SI,post,https://avesnativaschilenas.cl/gaviotas/la-vida-secreta-de-las-aves-marinas/,La Vida Secreta de las Aves Marinas: Descubre sus Hábitos y Misterios,11042,4
las aguilas en la biblia,mixto,SI,post,https://avesnativaschilenas.cl/aguilas/caracteristicas-de-las-aguilas-segun-la-biblia/,El Aguila en la Biblia: significado espiritual y versiculos clave,1857,5
las gaviotas santa marta,mixto,SI/Parcial,post,https://avesnativaschilenas.cl/gaviotas/la-vida-secreta-de-las-aves-marinas/,La Vida Secreta de las Aves Marinas: Descubre sus Hábitos y Misterios,11042,2
las plumas del pavo real,mixto,SI,post,https://avesnativaschilenas.cl/blog/de-que-esta-cubierta-la-piel-del-pavo-real/,de qué está cubierta la piel del pavo real,9402,3
las águilas en la biblia,mixto,SI,post,https://avesnativaschilenas.cl/aguilas/caracteristicas-de-las-aguilas-segun-la-biblia/,El Aguila en la Biblia: significado espiritual y versiculos clave,1857,5
lechuzas blancas grandes,mixto,NO,,,,,1
libro aves del mundo pdf,mixto,SI,post,https://avesnativaschilenas.cl/rapaces/excremento-de-las-aves-de-rapina/,El Curioso Mundo del Excremento de las Aves de Rapiña: Más Allá de un Simple Desecho,1903,3
lista de aves carroñeras,mixto,SI,post,https://avesnativaschilenas.cl/blog/aves-en-peligro-de-extincion-en-chile-lista-2026-y-como-ayudarlas/,Aves en Peligro de Extincion en Chile: Lista 2026 y Como Ayudarlas,11834,3
lista de aves domesticas,mixto,SI,post,https://avesnativaschilenas.cl/blog/aves-en-peligro-de-extincion-en-chile-lista-2026-y-como-ayudarlas/,Aves en Peligro de Extincion en Chile: Lista 2026 y Como Ayudarlas,11834,3
loro amazona frente azul,navegacional,SI,post,https://avesnativaschilenas.cl/jaulas/para-loros/descubre-el-secreto-para-mantener-la-jaula-de-tu-loro-siempre-limpia-y-fresca/,¡Descubre el secreto para mantener la jaula de tu loro siempre limpia y fresca!,8533,100
loro choroy alimentacion,informacional,SI,post,https://avesnativaschilenas.cl/jaulas/para-loros/descubre-el-secreto-para-mantener-la-jaula-de-tu-loro-siempre-limpia-y-fresca/,¡Descubre el secreto para mantener la jaula de tu loro siempre limpia y fresca!,8533,100
loro frente blanca venta,comercial,SI,post,https://avesnativaschilenas.cl/jaulas/para-loros/descubre-el-secreto-para-mantener-la-jaula-de-tu-loro-siempre-limpia-y-fresca/,¡Descubre el secreto para mantener la jaula de tu loro siempre limpia y fresca!,8533,100
loros amarillos y verdes,mixto,SI,post,https://avesnativaschilenas.cl/jaulas/para-loros/descubre-el-secreto-para-mantener-la-jaula-de-tu-loro-siempre-limpia-y-fresca/,¡Descubre el secreto para mantener la jaula de tu loro siempre limpia y fresca!,8533,100
loros blancos con cresta,mixto,SI,post,https://avesnativaschilenas.cl/jaulas/para-loros/descubre-el-secreto-para-mantener-la-jaula-de-tu-loro-siempre-limpia-y-fresca/,¡Descubre el secreto para mantener la jaula de tu loro siempre limpia y fresca!,8533,100
loros grandes que hablan,mixto,SI,post,https://avesnativaschilenas.cl/jaulas/para-loros/descubre-el-secreto-para-mantener-la-jaula-de-tu-loro-siempre-limpia-y-fresca/,¡Descubre el secreto para mantener la jaula de tu loro siempre limpia y fresca!,8533,100
loros para tener en casa,mixto,SI,post,https://avesnativaschilenas.cl/jaulas/para-loros/descubre-el-secreto-para-mantener-la-jaula-de-tu-loro-siempre-limpia-y-fresca/,¡Descubre el secreto para mantener la jaula de tu loro siempre limpia y fresca!,8533,100
los loros comen ciruelas,mixto,SI,post,https://avesnativaschilenas.cl/jaulas/para-loros/descubre-el-secreto-para-mantener-la-jaula-de-tu-loro-siempre-limpia-y-fresca/,¡Descubre el secreto para mantener la jaula de tu loro siempre limpia y fresca!,8533,100
los loros comen galletas,mixto,SI,post,https://avesnativaschilenas.cl/jaulas/para-loros/descubre-el-secreto-para-mantener-la-jaula-de-tu-loro-siempre-limpia-y-fresca/,¡Descubre el secreto para mantener la jaula de tu loro siempre limpia y fresca!,8533,100
los pajaritos de colores,mixto,SI/Parcial,post,https://avesnativaschilenas.cl/blog/importancia-de-las-aves-en-chile/,Importancia de las aves en Chile: su rol en los ecosistemas y la conservacion nacional,15082,2
los pericos australianos,mixto,SI,post,https://avesnativaschilenas.cl/jaulas/para-periquitos/,Jaulas para Periquitos: Guia de Compra Completa 2026,15284,100
los pájaros australianos,mixto,SI,post,https://avesnativaschilenas.cl/jaulas/para-periquitos/,Jaulas para Periquitos: Guia de Compra Completa 2026,15284,100
martin pescador amarillo,mixto,SI/Parcial,page,https://avesnativaschilenas.cl/martin-pescador/,"Martín pescador Chileno: hábitat, alimentación y curiosidades de un tesoro acuatico",9858,2
martin pescador oriental,mixto,SI/Parcial,page,https://avesnativaschilenas.cl/martin-pescador/,"Martín pescador Chileno: hábitat, alimentación y curiosidades de un tesoro acuatico",9858,2
martín pescador imágenes,mixto,SI/Parcial,page,https://avesnativaschilenas.cl/martin-pescador/,"Martín pescador Chileno: hábitat, alimentación y curiosidades de un tesoro acuatico",9858,2
medidas nido para ninfas,mixto,SI,post,https://avesnativaschilenas.cl/jaulas/para-ninfas/,Jaulas para Ninfas (Cockatiel): Guia de Compra y Medidas Ideales,15285,100
mejor jaula para cobayas,comercial,SI,post,https://avesnativaschilenas.cl/jaulas/accesorios-para-jaulas/,Accesorios para Jaulas de Aves: Todo lo que Necesitas,15289,100
mutaciones de periquitos,mixto,SI,post,https://avesnativaschilenas.cl/jaulas/para-periquitos/,Jaulas para Periquitos: Guia de Compra Completa 2026,15284,100
nido para ninfas medidas,mixto,SI,post,https://avesnativaschilenas.cl/jaulas/para-ninfas/,Jaulas para Ninfas (Cockatiel): Guia de Compra y Medidas Ideales,15285,100
nido para palomas casero,mixto,SI,post,https://avesnativaschilenas.cl/jaulas/nidos-para-aves/,"Nidos para Aves: Tipos, Materiales y Como Elegir el Mejor",15288,100
nidos de cacatuas ninfas,mixto,SI,post,https://avesnativaschilenas.cl/jaulas/para-loros/descubre-el-secreto-para-mantener-la-jaula-de-tu-loro-siempre-limpia-y-fresca/,¡Descubre el secreto para mantener la jaula de tu loro siempre limpia y fresca!,8533,100
nidos de palomas caseros,mixto,SI,post,https://avesnativaschilenas.cl/jaulas/nidos-para-aves/,"Nidos para Aves: Tipos, Materiales y Como Elegir el Mejor",15288,100
nidos pajaros silvestres,mixto,SI,post,https://avesnativaschilenas.cl/jaulas/nidos-para-aves/,"Nidos para Aves: Tipos, Materiales y Como Elegir el Mejor",15288,100
nombres de aves cantoras,mixto,SI/Parcial,post,https://avesnativaschilenas.cl/jaulas/accesorios-para-jaulas/,Accesorios para Jaulas de Aves: Todo lo que Necesitas,15289,2
nombres de aves de chile,mixto,SI,post,https://avesnativaschilenas.cl/blog/importancia-de-las-aves-en-chile/,Importancia de las aves en Chile: su rol en los ecosistemas y la conservacion nacional,15082,3
nombres de aves hermosas,mixto,SI/Parcial,post,https://avesnativaschilenas.cl/jaulas/accesorios-para-jaulas/,Accesorios para Jaulas de Aves: Todo lo que Necesitas,15289,2
nombres de aves pequeñas,mixto,SI,post,https://avesnativaschilenas.cl/nidos/descubre-los-8-forros-de-yute-perfectos-para-mimar-a-tus-canarios-y-pequenas-aves/,Descubre los 8 Forros de Yute Perfectos para Mimar a tus Canarios y Pequeñas Aves,8601,3
nombres pajaros exoticos,mixto,SI/Parcial,post,https://avesnativaschilenas.cl/jilguero/nombres-para-pajaros-amarillos/,50 Nombres Creativos para tus Pájaros Amarillos,11055,2
nureyev el cuervo blanco,mixto,SI/Parcial,post,https://avesnativaschilenas.cl/piqueros/piquero-blanco/,Piquero blanco (Sula dactylatra): el kena de Rapa Nui y las islas oceanicas de Chile,14138,2
pajarera de segunda mano,comercial,SI,post,https://avesnativaschilenas.cl/jaulas/pajareras/,Pajareras para Jardin: Guia de Compra y Decoracion,15278,100
pajarera exterior casera,mixto,SI,post,https://avesnativaschilenas.cl/jaulas/pajareras/,Pajareras para Jardin: Guia de Compra y Decoracion,15278,100
pajarera exterior grande,mixto,SI,post,https://avesnativaschilenas.cl/jaulas/pajareras/,Pajareras para Jardin: Guia de Compra y Decoracion,15278,100
pajarera exterior madera,mixto,SI,post,https://avesnativaschilenas.cl/jaulas/pajareras/,Pajareras para Jardin: Guia de Compra y Decoracion,15278,100
pajarera grande exterior,mixto,SI,post,https://avesnativaschilenas.cl/jaulas/pajareras/,Pajareras para Jardin: Guia de Compra y Decoracion,15278,100
pajarera para periquitos,mixto,SI,post,https://avesnativaschilenas.cl/jaulas/para-periquitos/,Jaulas para Periquitos: Guia de Compra Completa 2026,15284,100
pajaro con el pecho rojo,mixto,SI,post,https://avesnativaschilenas.cl/jaulas/transportines-para-aves/,Transportines para Aves: Como Elegir el Mejor para Viajar con tu Pajaro,15286,3
pajaro de muchos colores,mixto,SI/Parcial,post,https://avesnativaschilenas.cl/jaulas/para-canarios/,Jaulas para Canarios: Guia de Compra para tu Pajaro Cantor,15280,2
pajaro de varios colores,mixto,SI/Parcial,post,https://avesnativaschilenas.cl/jaulas/para-canarios/,Jaulas para Canarios: Guia de Compra para tu Pajaro Cantor,15280,2
pajaro diamante de gould,mixto,SI/Parcial,post,https://avesnativaschilenas.cl/jaulas/para-canarios/,Jaulas para Canarios: Guia de Compra para tu Pajaro Cantor,15280,2
pajaro grande de colores,mixto,SI/Parcial,post,https://avesnativaschilenas.cl/jaulas/para-canarios/,Jaulas para Canarios: Guia de Compra para tu Pajaro Cantor,15280,2
pajaros bellos del mundo,mixto,SI/Parcial,post,https://avesnativaschilenas.cl/blog/cual-es-el-ave-con-el-pico-mas-largo-del-mundo/,cual es el ave con el pico mas largo del mundo,9428,2
pajaros de colores vivos,mixto,SI/Parcial,post,https://avesnativaschilenas.cl/fardela/fardela-heraldica/,Fardela heráldica: el petrel de tres colores de Rapa Nui,14188,2
pajaros grandes de chile,mixto,SI,post,https://avesnativaschilenas.cl/nidos/descubre-el-corazon-animal-salvaje-la-casa-de-pajaros-que-tus-grandes-tetas-y-compania-adoran/,¡Descubre el corazón Animal Salvaje: la casa de pájaros que tus grandes tetas y compañía adoran!,8509,3
pajaros lindos del mundo,mixto,SI/Parcial,post,https://avesnativaschilenas.cl/blog/cual-es-el-ave-con-el-pico-mas-largo-del-mundo/,cual es el ave con el pico mas largo del mundo,9428,2
pajaros nativos de chile,mixto,SI,post,https://avesnativaschilenas.cl/libros/descubre-los-secretos-de-avitopia-los-pajaros-de-chile-te-sorprenderan/,Descubre los secretos de AVITOPIA: ¡Los pájaros de Chile te sorprenderán!,7243,3
pajaros pequeños nombres,mixto,SI/Parcial,post,https://avesnativaschilenas.cl/jilguero/nombres-para-pajaros-amarillos/,50 Nombres Creativos para tus Pájaros Amarillos,11055,2
pajaros que hablan mucho,mixto,SI/Parcial,post,https://avesnativaschilenas.cl/rapaces/lechuza/pajaros-blancos-que-vuelan-de-noche/,5 Fascinantes Pájaros Blancos que Vuelan de Noche,11061,2
paloma arcangel de fuego,mixto,SI/Parcial,post,https://avesnativaschilenas.cl/cuidados/piojos-de-paloma/,Piojos de Paloma: Como Identificarlos y Eliminarlos,15250,2
pato cuello verde hembra,mixto,NO,,,,,1
pato silvestre argentino,mixto,NO,,,,,1
pavo real comportamiento,mixto,SI/Parcial,post,https://avesnativaschilenas.cl/terrestres/pavo-real-diferencias-entre-macho-y-hembra-fotos/,Pavo Real: Diferencias entre Macho y Hembra + Fotos,11823,2
percha para loros casera,mixto,SI,post,https://avesnativaschilenas.cl/jaulas/accesorios-para-jaulas/,Accesorios para Jaulas de Aves: Todo lo que Necesitas,15289,100
perico amazona albifrons,navegacional,SI,post,https://avesnativaschilenas.cl/jaulas/para-periquitos/,Jaulas para Periquitos: Guia de Compra Completa 2026,15284,100
perico australiano verde,mixto,SI,post,https://avesnativaschilenas.cl/jaulas/para-periquitos/,Jaulas para Periquitos: Guia de Compra Completa 2026,15284,100
periquito inglés gigante,mixto,SI,post,https://avesnativaschilenas.cl/jaulas/para-periquitos/,Jaulas para Periquitos: Guia de Compra Completa 2026,15284,100
periquito rabadilla roja,mixto,SI,post,https://avesnativaschilenas.cl/jaulas/para-periquitos/,Jaulas para Periquitos: Guia de Compra Completa 2026,15284,100
periquitos colores raros,mixto,SI,post,https://avesnativaschilenas.cl/jaulas/para-periquitos/,Jaulas para Periquitos: Guia de Compra Completa 2026,15284,100
petirrojo hembra y macho,mixto,SI,post,https://avesnativaschilenas.cl/terrestres/pavo-real-diferencias-entre-macho-y-hembra-fotos/,Pavo Real: Diferencias entre Macho y Hembra + Fotos,11823,3
pie de gancho para jaula,mixto,SI,post,https://avesnativaschilenas.cl/jaulas/accesorios-para-jaulas/,Accesorios para Jaulas de Aves: Todo lo que Necesitas,15289,100
pie de jaula rectangular,mixto,SI,post,https://avesnativaschilenas.cl/jaulas/accesorios-para-jaulas/,Accesorios para Jaulas de Aves: Todo lo que Necesitas,15289,100
ponedero para codornices,mixto,SI,post,https://avesnativaschilenas.cl/jaulas/para-gallinas-ponedoras/,Jaulas para Gallinas Ponedoras: Guia de Compra 2026,15281,100
precio codorniz ponedora,comercial,SI,post,https://avesnativaschilenas.cl/jaulas/para-gallinas-ponedoras/,Jaulas para Gallinas Ponedoras: Guia de Compra 2026,15281,100
precio de cacatua blanca,comercial,SI,post,https://avesnativaschilenas.cl/jaulas/para-loros/descubre-el-secreto-para-mantener-la-jaula-de-tu-loro-siempre-limpia-y-fresca/,¡Descubre el secreto para mantener la jaula de tu loro siempre limpia y fresca!,8533,100
precio de faisanes vivos,comercial,NO,,,,,1
precio de huevo codorniz,comercial,SI,post,https://avesnativaschilenas.cl/jaulas/para-gallinas-ponedoras/,Jaulas para Gallinas Ponedoras: Guia de Compra 2026,15281,100
precio de jaulas grandes,comercial,SI,post,https://avesnativaschilenas.cl/jaulas/accesorios-para-jaulas/,Accesorios para Jaulas de Aves: Todo lo que Necesitas,15289,100
precio de ninfas blancas,comercial,SI,post,https://avesnativaschilenas.cl/jaulas/para-ninfas/,Jaulas para Ninfas (Cockatiel): Guia de Compra y Medidas Ideales,15285,100
precio jaulas de 75 x 75,comercial,SI,post,https://avesnativaschilenas.cl/jaulas/accesorios-para-jaulas/,Accesorios para Jaulas de Aves: Todo lo que Necesitas,15289,100
productos para terrarios,mixto,NO,,,,,1
pájaro carpintero imagen,mixto,NO,,,,,1
pájaro de colores nombre,mixto,SI/Parcial,post,https://avesnativaschilenas.cl/jaulas/para-canarios/,Jaulas para Canarios: Guia de Compra para tu Pajaro Cantor,15280,2
pájaro pico largo y fino,mixto,SI,post,https://avesnativaschilenas.cl/terrestres/mirlo/pajaro-negro-de-pico-largo/,¿Quién es el pájaro negro de pico largo? Descúbrelo aquí,11056,3
pájaros de la naturaleza,mixto,SI,post,https://avesnativaschilenas.cl/migratorias/golondrina/que-significa-cuando-hay-una-bandada-de-pajaros/,Qué Significa Cuando Hay Una Bandada de Pájaros: Descubre el Misterioso Mensaje de la Naturaleza,10003,4
pájaros pequeños comunes,mixto,SI/Parcial,post,https://avesnativaschilenas.cl/blog/pajaros-domesticos-pequenos/,pájaros domésticos pequeños,10416,2
pájaros pequeños nombres,mixto,SI/Parcial,post,https://avesnativaschilenas.cl/jilguero/nombres-para-pajaros-amarillos/,50 Nombres Creativos para tus Pájaros Amarillos,11055,2
pájaros raros y hermosos,mixto,SI/Parcial,post,https://avesnativaschilenas.cl/uncategorized/como-transforme-mi-jardin-en-un-refugio-para-aves-y-tu-tambien-puedes/,Cómo Atraer Pájaros a tu Jardín con Nidos Colgantes: La Guía Completa para Crear un Paraíso Aviar,11064,2
pájaros tipos de pájaros,informacional,SI/Parcial,post,https://avesnativaschilenas.cl/acuaticas/patos-chilenos/,"Patos de Chile: Tipos, Especies y Guia de Identificacion",15251,2
raza de pajaros pequeños,mixto,SI,post,https://avesnativaschilenas.cl/jaulas/portatiles/descubre-la-jaula-de-pajaros-perfecta-ideal-para-animales-pequenos-y-aventura-al-aire-libre/,¡Descubre la Jaula de Pájaros Perfecta! Ideal para Animales Pequeños y Aventura al Aire Libre,8108,3
razas de pájaros comunes,mixto,SI/Parcial,post,https://avesnativaschilenas.cl/rapaces/lechuza/pajaros-blancos-que-vuelan-de-noche/,5 Fascinantes Pájaros Blancos que Vuelan de Noche,11061,2
ruidos de aves nocturnas,mixto,SI,post,https://avesnativaschilenas.cl/rapaces/lechuza/aves-que-cantan-de-noche/,Descubre el misterio de las aves que cantan de noche: ¡Conoce sus secretos y melodías nocturnas!,2137,3
ruiseñor del japon venta,comercial,NO,,,,,1
salmo 103 5 reina valera,mixto,NO,,,,,1
significado isaias 40 31,informacional,NO,,,,,1
sonido de aves nocturnas,mixto,SI,post,https://avesnativaschilenas.cl/jaulas/nidos-para-aves/,"Nidos para Aves: Tipos, Materiales y Como Elegir el Mejor",15288,100
sonido de las bandurrias,mixto,SI,post,https://avesnativaschilenas.cl/jaulas/nidos-para-aves/,"Nidos para Aves: Tipos, Materiales y Como Elegir el Mejor",15288,100
tamaño real de un aguila,mixto,SI,post,https://avesnativaschilenas.cl/blog/que-piensas-que-sucede-con-las-aves-originarias-de-un-lugar-cuando-llegan-las-palomas/,Que Pasa con las Aves Nativas Cuando Llegan las Palomas? Impacto Real,9804,3
tener codornices en casa,mixto,SI,post,https://avesnativaschilenas.cl/jaulas/para-gallinas-ponedoras/,Jaulas para Gallinas Ponedoras: Guia de Compra 2026,15281,100
tener un loro de mascota,mixto,SI,post,https://avesnativaschilenas.cl/jaulas/para-loros/descubre-el-secreto-para-mantener-la-jaula-de-tu-loro-siempre-limpia-y-fresca/,¡Descubre el secreto para mantener la jaula de tu loro siempre limpia y fresca!,8533,100
tienda de pájaros online,comercial,SI,post,https://avesnativaschilenas.cl/tienda/descubre-las-4-impresionantes-perchas-de-madera-que-tus-pajaros-adoraran/,¡Descubre las 4 impresionantes perchas de madera que tus pájaros adorarán!,8394,3
tipos de aves carroñeras,informacional,SI,post,https://avesnativaschilenas.cl/cuidados/tipo-de-alimentacion-de-las-aves/,Descubre los Tipos de Alimentación de las Aves: Guía Completa para Entender sus Dietas,11359,3
tipos de aves silvestres,informacional,SI,post,https://avesnativaschilenas.cl/cuidados/tipo-de-alimentacion-de-las-aves/,Descubre los Tipos de Alimentación de las Aves: Guía Completa para Entender sus Dietas,11359,3
tipos de aves tropicales,informacional,SI,post,https://avesnativaschilenas.cl/cuidados/tipo-de-alimentacion-de-las-aves/,Descubre los Tipos de Alimentación de las Aves: Guía Completa para Entender sus Dietas,11359,3
tipos de martín pescador,informacional,SI,page,https://avesnativaschilenas.cl/martin-pescador/,"Martín pescador Chileno: hábitat, alimentación y curiosidades de un tesoro acuatico",9858,3
tipos de pajaros comunes,informacional,SI/Parcial,post,https://avesnativaschilenas.cl/acuaticas/patos-chilenos/,"Patos de Chile: Tipos, Especies y Guia de Identificacion",15251,2
tipos de pajaros grandes,informacional,SI,post,https://avesnativaschilenas.cl/nidos/descubre-el-corazon-animal-salvaje-la-casa-de-pajaros-que-tus-grandes-tetas-y-compania-adoran/,¡Descubre el corazón Animal Salvaje: la casa de pájaros que tus grandes tetas y compañía adoran!,8509,3
tipos de pajaros nombres,informacional,SI/Parcial,post,https://avesnativaschilenas.cl/acuaticas/patos-chilenos/,"Patos de Chile: Tipos, Especies y Guia de Identificacion",15251,2
tipos de pájaros grandes,informacional,SI,post,https://avesnativaschilenas.cl/nidos/descubre-el-corazon-animal-salvaje-la-casa-de-pajaros-que-tus-grandes-tetas-y-compania-adoran/,¡Descubre el corazón Animal Salvaje: la casa de pájaros que tus grandes tetas y compañía adoran!,8509,3
todas las aves del mundo,mixto,SI,post,https://avesnativaschilenas.cl/rapaces/excremento-de-las-aves-de-rapina/,El Curioso Mundo del Excremento de las Aves de Rapiña: Más Allá de un Simple Desecho,1903,4
todo sobre los agapornis,mixto,SI,post,https://avesnativaschilenas.cl/jaulas/para-loros/descubre-el-secreto-para-mantener-la-jaula-de-tu-loro-siempre-limpia-y-fresca/,¡Descubre el secreto para mantener la jaula de tu loro siempre limpia y fresca!,8533,100
todo sobre los flamencos,mixto,SI,post,https://avesnativaschilenas.cl/cuidados/guia-completa-sobre-las-caracteristicas-habitos-y-cuidados-de-los-jilgueros-todo-lo-que-debes-saber/,"Guía Completa sobre las Características, Hábitos y Cuidados de los Jilgueros: Todo lo que Debes Saber",8655,3
todos las aves del mundo,mixto,SI,post,https://avesnativaschilenas.cl/rapaces/excremento-de-las-aves-de-rapina/,El Curioso Mundo del Excremento de las Aves de Rapiña: Más Allá de un Simple Desecho,1903,4
trampas para las palomas,mixto,SI/Parcial,post,https://avesnativaschilenas.cl/cuidados/enfermedades-de-las-palomas-y-limpieza-de-heces/,"Las palomas transmiten enfermedades? Mitos, riesgos reales y limpieza segura",15090,2
tramperas para jilgueros,mixto,NO,,,,,1
un colibri en mi ventana,comercial,SI,post,https://avesnativaschilenas.cl/uncategorized/como-transforme-mi-jardin-en-un-refugio-para-aves-y-tu-tambien-puedes/,Cómo Atraer Pájaros a tu Jardín con Nidos Colgantes: La Guía Completa para Crear un Paraíso Aviar,11064,3
variedad de pavos reales,mixto,SI/Parcial,post,https://avesnativaschilenas.cl/cuidados/enfermedades-de-las-palomas-y-limpieza-de-heces/,"Las palomas transmiten enfermedades? Mitos, riesgos reales y limpieza segura",15090,2
variedades de periquitos,mixto,SI,post,https://avesnativaschilenas.cl/jaulas/para-periquitos/,Jaulas para Periquitos: Guia de Compra Completa 2026,15284,100
vendo jaula para pájaros,mixto,SI,post,https://avesnativaschilenas.cl/jaulas/accesorios-para-jaulas/,Accesorios para Jaulas de Aves: Todo lo que Necesitas,15289,100
venta de colibríes vivos,comercial,SI/Parcial,post,https://avesnativaschilenas.cl/nidos/transforma-tu-jardin-en-un-paraiso-para-colibries-con-nuestro-increible-kit-de-nidos/,¡Transforma tu jardín en un paraíso para colibríes con nuestro increíble kit de nidos!,8246,2
venta jaula para pajaros,comercial,SI,post,https://avesnativaschilenas.cl/jaulas/accesorios-para-jaulas/,Accesorios para Jaulas de Aves: Todo lo que Necesitas,15289,100
ver jaulas para canarios,mixto,SI,post,https://avesnativaschilenas.cl/jaulas/accesorios-para-jaulas/,Accesorios para Jaulas de Aves: Todo lo que Necesitas,15289,100
versiculo de las aguilas,mixto,SI,post,https://avesnativaschilenas.cl/aguilas/caracteristicas-de-las-aguilas-segun-la-biblia/,El Aguila en la Biblia: significado espiritual y versiculos clave,1857,3
versiculos sobre aguilas,mixto,SI/Parcial,post,https://avesnativaschilenas.cl/aguilas/reflexiones-sobre-el-aguila-y-su-rol-en-la-vida-cristiana/,Reflexiones sobre el aguila y su rol en la vida cristiana,9510,2
vitafort a para pollitos,mixto,SI,post,https://avesnativaschilenas.cl/jaulas/para-gallinas-ponedoras/,Jaulas para Gallinas Ponedoras: Guia de Compra 2026,15281,100
voladera para periquitos,mixto,SI,post,https://avesnativaschilenas.cl/jaulas/para-periquitos/,Jaulas para Periquitos: Guia de Compra Completa 2026,15284,100
voladeros para agapornis,mixto,SI,post,https://avesnativaschilenas.cl/jaulas/para-loros/descubre-el-secreto-para-mantener-la-jaula-de-tu-loro-siempre-limpia-y-fresca/,¡Descubre el secreto para mantener la jaula de tu loro siempre limpia y fresca!,8533,100
águila volando de frente,mixto,SI/Parcial,post,https://avesnativaschilenas.cl/rapaces/lechuza/que-significa-ver-una-lechuza-blanca-volando-de-noche/,Que significa ver una lechuza blanca volando de noche: simbolismo y explicacion natural,9366,2
arboles del sur de chile,mixto,SI,post,https://avesnativaschilenas.cl/blog/el-impacto-del-cambio-climatico-en-las-aves-de-chile/,¿Cómo Está Afectando el Cambio Climático a las Aves en Chile?,1950,3
caracteristicas del pato,informacional,SI/Parcial,post,https://avesnativaschilenas.cl/terrestres/chincol/,"Chincol: Caracteristicas, Habitat y Canto del Zonotrichia capensis [Chile]",15248,2
cotorra argentina precio,comercial,SI,post,https://avesnativaschilenas.cl/jaulas/para-loros/descubre-el-secreto-para-mantener-la-jaula-de-tu-loro-siempre-limpia-y-fresca/,¡Descubre el secreto para mantener la jaula de tu loro siempre limpia y fresca!,8533,100
geranoaetus melanoleucus,mixto,NO,,,,,0
inseparables aves precio,comercial,SI,post,https://avesnativaschilenas.cl/jaulas/para-loros/descubre-el-secreto-para-mantener-la-jaula-de-tu-loro-siempre-limpia-y-fresca/,¡Descubre el secreto para mantener la jaula de tu loro siempre limpia y fresca!,8533,100
inseparables roseicollis,mixto,SI,post,https://avesnativaschilenas.cl/jaulas/para-loros/descubre-el-secreto-para-mantener-la-jaula-de-tu-loro-siempre-limpia-y-fresca/,¡Descubre el secreto para mantener la jaula de tu loro siempre limpia y fresca!,8533,100
los inseparables pajaros,mixto,SI,post,https://avesnativaschilenas.cl/jaulas/para-loros/descubre-el-secreto-para-mantener-la-jaula-de-tu-loro-siempre-limpia-y-fresca/,¡Descubre el secreto para mantener la jaula de tu loro siempre limpia y fresca!,8533,100
nombres de aves chilenas,mixto,SI,post,https://avesnativaschilenas.cl/libros/descubre-los-secretos-ocultos-de-las-aves-chilenas-en-este-tesoro-del-1902-no-te-lo-pierdas/,Descubre los secretos ocultos de las aves chilenas en este tesoro del 1902: ¡No te lo pierdas!,7259,3
pajaros chilenos del sur,mixto,SI/Parcial,post,https://avesnativaschilenas.cl/jaulas/marcas/descubre-la-increible-jaula-de-pajaros-yardwe-protege-a-tu-loro-del-sol-con-estilo-europeo/,Descubre la increíble Jaula de Pájaros Yardwe: ¡Protege a tu loro del sol con estilo europeo!,7729,2
pajaros del sur de chile,mixto,SI,post,https://avesnativaschilenas.cl/jaulas/marcas/descubre-la-increible-jaula-de-pajaros-yardwe-protege-a-tu-loro-del-sol-con-estilo-europeo/,Descubre la increíble Jaula de Pájaros Yardwe: ¡Protege a tu loro del sol con estilo europeo!,7729,3
phoenicopterus chilensis,mixto,SI/Parcial,page,https://avesnativaschilenas.cl/flamenco/,Flamenco Chileno (Phoenicopterus chilensis),11469,2
pájaros comunes en chile,mixto,SI/Parcial,post,https://avesnativaschilenas.cl/blog/palomas-urbanas-problema-salud-publica-chile/,Palomas urbanas en Chile: un problema de salud publica y como controlarlas,15094,2
thalassarche melanophris,mixto,NO,,,,,0
arboles nativos de chile,mixto,SI/Parcial,post,https://avesnativaschilenas.cl/acuaticas/patos-chilenos/,"Patos de Chile: Tipos, Especies y Guia de Identificacion",15251,2
accesorios jaula canarios,mixto,SI,post,https://avesnativaschilenas.cl/jaulas/accesorios-para-jaulas/,Accesorios para Jaulas de Aves: Todo lo que Necesitas,15289,100
accesorios para pajareras,mixto,SI,post,https://avesnativaschilenas.cl/jaulas/accesorios-para-jaulas/,Accesorios para Jaulas de Aves: Todo lo que Necesitas,15289,100
accesorios para terrarios,mixto,SI,post,https://avesnativaschilenas.cl/jaulas/accesorios-para-jaulas/,Accesorios para Jaulas de Aves: Todo lo que Necesitas,15289,100
accesorios para voladeras,mixto,SI,post,https://avesnativaschilenas.cl/jaulas/accesorios-para-jaulas/,Accesorios para Jaulas de Aves: Todo lo que Necesitas,15289,100
agapornis caracteristicas,informacional,SI,post,https://avesnativaschilenas.cl/jaulas/para-loros/descubre-el-secreto-para-mantener-la-jaula-de-tu-loro-siempre-limpia-y-fresca/,¡Descubre el secreto para mantener la jaula de tu loro siempre limpia y fresca!,8533,100
aguila arpia alimentacion,informacional,SI/Parcial,post,https://avesnativaschilenas.cl/aguilas/aguila-arpia/,"Aguila arpia en los bosques: tamano imponente, habitat y papel ecologico",1849,2
aguila biblia significado,informacional,SI,post,https://avesnativaschilenas.cl/aguilas/caracteristicas-de-las-aguilas-segun-la-biblia/,El Aguila en la Biblia: significado espiritual y versiculos clave,1857,3
aguila bicefala masoneria,mixto,NO,,,,,1
aguila imperial americana,mixto,NO,,,,,1
aguila real tamaño y peso,mixto,SI,post,https://avesnativaschilenas.cl/aguilas/aguila-arpia/,"Aguila arpia en los bosques: tamano imponente, habitat y papel ecologico",1849,3
alimentacion de agapornis,informacional,SI,post,https://avesnativaschilenas.cl/jaulas/para-loros/descubre-el-secreto-para-mantener-la-jaula-de-tu-loro-siempre-limpia-y-fresca/,¡Descubre el secreto para mantener la jaula de tu loro siempre limpia y fresca!,8533,100
alimentacion de la paloma,informacional,SI,post,https://avesnativaschilenas.cl/cuidados/como-saber-la-edad-de-un-pichon-de-paloma/,como saber la edad de un pichón de paloma,9411,3
alimentacion de los patos,informacional,SI,post,https://avesnativaschilenas.cl/cuidados/tipo-de-alimentacion-de-las-aves/,Descubre los Tipos de Alimentación de las Aves: Guía Completa para Entender sus Dietas,11359,3
alimentacion para pajaros,informacional,SI,post,https://avesnativaschilenas.cl/jaulas/descubre-la-jaula-perfecta-para-tus-pajaros-2-puertas-y-4-bandejas-de-alimentacion-la-comodidad-sonada/,"Descubre la jaula perfecta para tus pájaros: 2 puertas y 4 bandejas de alimentación, ¡la comodidad soñada!",7327,3
alimentacion para pericos,informacional,SI,post,https://avesnativaschilenas.cl/jaulas/para-periquitos/,Jaulas para Periquitos: Guia de Compra Completa 2026,15284,100
alimentar aves silvestres,mixto,SI/Parcial,post,https://avesnativaschilenas.cl/nidos/descubre-el-nido-de-aves-silvestres-de-madera-que-transformara-tu-jardin-en-un-paraiso-de-pajaros/,Descubre el nido de aves silvestres de madera que transformará tu jardín en un paraíso de pájaros,7693,2
anade real macho y hembra,mixto,SI,post,https://avesnativaschilenas.cl/terrestres/pavo-real-diferencias-entre-macho-y-hembra-fotos/,Pavo Real: Diferencias entre Macho y Hembra + Fotos,11823,4
andean condor information,mixto,NO,,,,,1
ave galliforme crucigrama,mixto,SI/Parcial,page,https://avesnativaschilenas.cl/ave-asiatica-galliforme-sin-cresta-cola-larga/,Ave Asiatica Galliforme Sin Cresta de Cola Muy Larga: Identificacion,14122,2
aves azules y sus nombres,mixto,SI,post,https://avesnativaschilenas.cl/gaviotas/la-vida-secreta-de-las-aves-marinas/,La Vida Secreta de las Aves Marinas: Descubre sus Hábitos y Misterios,11042,3
aves comunes de argentina,mixto,SI,post,https://avesnativaschilenas.cl/blog/que-aves-se-pueden-tener-de-mascota-en-argentina/,que aves se pueden tener de mascota en argentina,10418,3
aves de américa del norte,mixto,SI,post,https://avesnativaschilenas.cl/rapaces/rapaces-santiago/,Aves Rapaces de Santiago: Guardianes del Cielo y la Biodiversidad,10896,3
aves de colombia imágenes,mixto,SI/Parcial,post,https://avesnativaschilenas.cl/jaulas/accesorios-para-jaulas/,Accesorios para Jaulas de Aves: Todo lo que Necesitas,15289,2
aves de pico largo y fino,mixto,SI,post,https://avesnativaschilenas.cl/terrestres/corbatita/familia-de-aves-de-plumaje-negro-y-pico-largo/,familia de aves de plumaje negro y pico largo,9401,5
aves del sur de chile pdf,mixto,SI,post,https://avesnativaschilenas.cl/blog/el-impacto-del-cambio-climatico-en-las-aves-de-chile/,¿Cómo Está Afectando el Cambio Climático a las Aves en Chile?,1950,4
aves en santiago de chile,mixto,SI,post,https://avesnativaschilenas.cl/blog/importancia-de-las-aves-en-chile/,Importancia de las aves en Chile: su rol en los ecosistemas y la conservacion nacional,15082,4
aves en venta cerca de mi,comercial,SI,post,https://avesnativaschilenas.cl/blog/importancia-de-las-aves-en-chile/,Importancia de las aves en Chile: su rol en los ecosistemas y la conservacion nacional,15082,3
aves exoticas chile venta,comercial,SI/Parcial,post,https://avesnativaschilenas.cl/blog/importancia-de-las-aves-en-chile/,Importancia de las aves en Chile: su rol en los ecosistemas y la conservacion nacional,15082,2
aves exoticas de colombia,mixto,SI,post,https://avesnativaschilenas.cl/nidos/descubre-el-secreto-para-atraer-aves-exoticas-a-tu-jardin-con-estos-nidos-de-madera-irresistibles/,Descubre el secreto para atraer aves exóticas a tu jardín con estos nidos de madera irresistibles!,7788,3
aves exoticas venta chile,comercial,SI/Parcial,post,https://avesnativaschilenas.cl/blog/importancia-de-las-aves-en-chile/,Importancia de las aves en Chile: su rol en los ecosistemas y la conservacion nacional,15082,2
aves exóticas colombianas,mixto,SI/Parcial,post,https://avesnativaschilenas.cl/nidos/descubre-el-secreto-para-atraer-aves-exoticas-a-tu-jardin-con-estos-nidos-de-madera-irresistibles/,Descubre el secreto para atraer aves exóticas a tu jardín con estos nidos de madera irresistibles!,7788,2
aves mas grandes de chile,mixto,SI,post,https://avesnativaschilenas.cl/libros/descubre-las-100-aves-mas-sorprendentes-de-chile-tu-guia-definitiva/,Descubre las 100 aves más sorprendentes de Chile: ¡tu guía definitiva!,7120,4
aves negras de pico largo,mixto,SI,post,https://avesnativaschilenas.cl/terrestres/corbatita/familia-de-aves-de-plumaje-negro-y-pico-largo/,familia de aves de plumaje negro y pico largo,9401,4
aves patagonicas costeras,mixto,NO,,,,,1
aves pequeñas de colombia,mixto,SI,post,https://avesnativaschilenas.cl/nidos/descubre-los-8-forros-de-yute-perfectos-para-mimar-a-tus-canarios-y-pequenas-aves/,Descubre los 8 Forros de Yute Perfectos para Mimar a tus Canarios y Pequeñas Aves,8601,3
aves peruanas de la costa,mixto,SI,post,https://avesnativaschilenas.cl/blog/importancia-de-las-aves-en-chile/,Importancia de las aves en Chile: su rol en los ecosistemas y la conservacion nacional,15082,3
aves que habitan en chile,mixto,SI,post,https://avesnativaschilenas.cl/rapaces/que-tan-monogamas-son-las-aves-rapaces-en-chile/,Qué tan monógamas son las aves rapaces en Chile,9759,4
aves rapaces buenos aires,mixto,SI/Parcial,post,https://avesnativaschilenas.cl/rapaces/falconidae-guia-completa-de-las-aves-rapaces-diurnas/,Falconidae: Guia Completa de las Aves Rapaces Diurnas,11822,2
aves region metropolitana,mixto,SI,post,https://avesnativaschilenas.cl/ubicacion/aves-de-la-region-metropolitana/,Aves en la Región Metropolitana: ¡un paraíso alado por explorar!,1855,3
aves región metropolitana,mixto,SI,post,https://avesnativaschilenas.cl/ubicacion/aves-de-la-region-metropolitana/,Aves en la Región Metropolitana: ¡un paraíso alado por explorar!,1855,3
bailarin argentino famoso,mixto,NO,,,,,1
bailarin ballet argentino,mixto,NO,,,,,1
bailarin de ballet hombre,mixto,SI/Parcial,post,https://avesnativaschilenas.cl/rapaces/bailarin/,"Pajaro Bailarín, la Elegante Ave de Rapiña de Chile",1694,2
bailarin de danza clasica,mixto,SI/Parcial,post,https://avesnativaschilenas.cl/rapaces/bailarin/,"Pajaro Bailarín, la Elegante Ave de Rapiña de Chile",1694,2
bailarina ballet española,mixto,NO,,,,,0
bailarina ballet mexicana,mixto,NO,,,,,0
bailarina de ballet niñas,mixto,NO,,,,,1
bailarina natalia osipova,mixto,NO,,,,,0
buho blanco que significa,informacional,SI,post,https://avesnativaschilenas.cl/rapaces/lechuza/que-significa-ver-un-buho-en-la-noche-mito-realidad-y-simbolismo/,"Que Significa Ver un Buho en la Noche? Mito, Realidad y Simbolismo",11821,3
caca de pájaro en el auto,mixto,SI,post,https://avesnativaschilenas.cl/fardela/fardela-de-phoenix/,Fardela de Phoenix: el petrel blanquinegro en peligro de extinción,14189,3
canario jaula recomendada,mixto,SI,post,https://avesnativaschilenas.cl/jaulas/accesorios-para-jaulas/,Accesorios para Jaulas de Aves: Todo lo que Necesitas,15289,100
canto de canario malinois,mixto,SI,post,https://avesnativaschilenas.cl/jaulas/para-canarios/,Jaulas para Canarios: Guia de Compra para tu Pajaro Cantor,15280,100
canto del chucao ringtone,mixto,SI/Parcial,post,https://avesnativaschilenas.cl/terrestres/chincol/,"Chincol: Caracteristicas, Habitat y Canto del Zonotrichia capensis [Chile]",15248,2
caracteristicas de condor,informacional,SI/Parcial,post,https://avesnativaschilenas.cl/fardela/fardela-negra-de-juan-fernandez/,"Fardela negra de Juan Fernández: características, hábitat y conservación",14186,2
características del cisne,informacional,SI/Parcial,post,https://avesnativaschilenas.cl/terrestres/chincol/,"Chincol: Caracteristicas, Habitat y Canto del Zonotrichia capensis [Chile]",15248,2
carlos acosta tamara rojo,mixto,NO,,,,,1
casa de madera para cuyos,mixto,SI,post,https://avesnativaschilenas.cl/nidos/descubre-la-casa-de-pajaros-perfecta-2x-cajas-de-madera-para-gorrion-que-encantaran-a-tus-aves/,Descubre la casa de pájaros perfecta: ¡2x cajas de madera para gorrión que encantarán a tus aves!,8517,4
casa para cuyos de madera,mixto,SI,post,https://avesnativaschilenas.cl/nidos/descubre-la-casa-de-pajaros-perfecta-2x-cajas-de-madera-para-gorrion-que-encantaran-a-tus-aves/,Descubre la casa de pájaros perfecta: ¡2x cajas de madera para gorrión que encantarán a tus aves!,8517,4
casa para gallos de pelea,mixto,SI,post,https://avesnativaschilenas.cl/jaulas/para-gallinas-ponedoras/,Jaulas para Gallinas Ponedoras: Guia de Compra 2026,15281,100
chick corea chucho valdes,mixto,NO,,,,,0
chucho valdes discografia,mixto,NO,,,,,0
chucho valdes y el cigala,mixto,SI/Parcial,post,https://avesnativaschilenas.cl/jaulas/nidos-para-aves/,"Nidos para Aves: Tipos, Materiales y Como Elegir el Mejor",15288,2
clase de pajaros pequeños,mixto,SI,post,https://avesnativaschilenas.cl/jaulas/portatiles/descubre-la-jaula-de-pajaros-perfecta-ideal-para-animales-pequenos-y-aventura-al-aire-libre/,¡Descubre la Jaula de Pájaros Perfecta! Ideal para Animales Pequeños y Aventura al Aire Libre,8108,3
clases de aves silvestres,mixto,SI,post,https://avesnativaschilenas.cl/nidos/descubre-el-nido-de-aves-silvestres-de-madera-que-transformara-tu-jardin-en-un-paraiso-de-pajaros/,Descubre el nido de aves silvestres de madera que transformará tu jardín en un paraíso de pájaros,7693,3
codornices recien nacidas,mixto,SI,post,https://avesnativaschilenas.cl/jaulas/para-gallinas-ponedoras/,Jaulas para Gallinas Ponedoras: Guia de Compra 2026,15281,100
codorniz china mutaciones,mixto,SI,post,https://avesnativaschilenas.cl/jaulas/para-gallinas-ponedoras/,Jaulas para Gallinas Ponedoras: Guia de Compra 2026,15281,100
codorniz moctezuma precio,comercial,SI,post,https://avesnativaschilenas.cl/jaulas/para-gallinas-ponedoras/,Jaulas para Gallinas Ponedoras: Guia de Compra 2026,15281,100
colibri mensajero de amor,mixto,SI/Parcial,post,https://avesnativaschilenas.cl/picaflor/significado-espiritual-del-colibri-y-tatuajes-de-picaflor/,Significado espiritual del colibrí y tatuajes de picaflor: simbolismo y creencias,14221,2
colibri volando de frente,mixto,SI/Parcial,post,https://avesnativaschilenas.cl/picaflor/significado-espiritual-del-colibri-y-tatuajes-de-picaflor/,Significado espiritual del colibrí y tatuajes de picaflor: simbolismo y creencias,14221,2
colibrí de vidrio soplado,mixto,SI/Parcial,post,https://avesnativaschilenas.cl/picaflor/significado-espiritual-del-colibri-y-tatuajes-de-picaflor/,Significado espiritual del colibrí y tatuajes de picaflor: simbolismo y creencias,14221,2
color de los pavos reales,mixto,SI,post,https://avesnativaschilenas.cl/cuidados/de-que-color-son-los-huevos-de-pavo-real/,de que color son los huevos de pavo real,9364,3
colores de los guacamayos,mixto,SI,post,https://avesnativaschilenas.cl/jaulas/para-loros/descubre-el-secreto-para-mantener-la-jaula-de-tu-loro-siempre-limpia-y-fresca/,¡Descubre el secreto para mantener la jaula de tu loro siempre limpia y fresca!,8533,100
colores de los periquitos,mixto,SI,post,https://avesnativaschilenas.cl/jaulas/para-periquitos/,Jaulas para Periquitos: Guia de Compra Completa 2026,15284,100
comedero bebedero pajaros,mixto,SI,post,https://avesnativaschilenas.cl/tienda/comederos/,Los mejores comederos para jaulas de pájaros : guía de compra y recomendaciones,2194,100
comedero casero para aves,mixto,SI,post,https://avesnativaschilenas.cl/tienda/comederos/,Los mejores comederos para jaulas de pájaros : guía de compra y recomendaciones,2194,100
comedero colibri picaflor,mixto,SI,post,https://avesnativaschilenas.cl/tienda/comederos/,Los mejores comederos para jaulas de pájaros : guía de compra y recomendaciones,2194,100
comedero exterior pajaros,mixto,SI,post,https://avesnativaschilenas.cl/tienda/comederos/,Los mejores comederos para jaulas de pájaros : guía de compra y recomendaciones,2194,100
comedero pajaros exterior,mixto,SI,post,https://avesnativaschilenas.cl/tienda/comederos/,Los mejores comederos para jaulas de pájaros : guía de compra y recomendaciones,2194,100
comedero para pollitos bb,mixto,SI,post,https://avesnativaschilenas.cl/tienda/comederos/,Los mejores comederos para jaulas de pájaros : guía de compra y recomendaciones,2194,100
comedero pájaros exterior,mixto,SI,post,https://avesnativaschilenas.cl/tienda/comederos/,Los mejores comederos para jaulas de pájaros : guía de compra y recomendaciones,2194,100
comederos gallos de pelea,mixto,SI,post,https://avesnativaschilenas.cl/tienda/comederos/,Los mejores comederos para jaulas de pájaros : guía de compra y recomendaciones,2194,100
comederos jaulas canarios,mixto,SI,post,https://avesnativaschilenas.cl/jaulas/accesorios-para-jaulas/,Accesorios para Jaulas de Aves: Todo lo que Necesitas,15289,100
comederos para guajolotes,mixto,SI,post,https://avesnativaschilenas.cl/tienda/comederos/,Los mejores comederos para jaulas de pájaros : guía de compra y recomendaciones,2194,100
comederos para periquitos,mixto,SI,post,https://avesnativaschilenas.cl/tienda/comederos/,Los mejores comederos para jaulas de pájaros : guía de compra y recomendaciones,2194,100
comida para palomas bebes,mixto,SI/Parcial,post,https://avesnativaschilenas.cl/jaulas/portatiles/descubre-la-jaula-plegable-perfecta-para-tus-mascotas-ideal-para-viajar-con-palomas-y-conejos/,Descubre la jaula plegable perfecta para tus mascotas: ¡ideal para viajar con palomas y conejos!,8605,2
comportamiento periquitos,mixto,SI,post,https://avesnativaschilenas.cl/jaulas/para-periquitos/,Jaulas para Periquitos: Guia de Compra Completa 2026,15284,100
comprar codornices chinas,comercial,SI,post,https://avesnativaschilenas.cl/jaulas/para-gallinas-ponedoras/,Jaulas para Gallinas Ponedoras: Guia de Compra 2026,15281,100
comprar guacamayo jacinto,comercial,SI,post,https://avesnativaschilenas.cl/jaulas/para-loros/descubre-el-secreto-para-mantener-la-jaula-de-tu-loro-siempre-limpia-y-fresca/,¡Descubre el secreto para mantener la jaula de tu loro siempre limpia y fresca!,8533,100
comprar periquitos online,comercial,SI,post,https://avesnativaschilenas.cl/jaulas/para-periquitos/,Jaulas para Periquitos: Guia de Compra Completa 2026,15284,100
concentrado para pollitos,mixto,SI,post,https://avesnativaschilenas.cl/jaulas/para-gallinas-ponedoras/,Jaulas para Gallinas Ponedoras: Guia de Compra 2026,15281,100
concentrado para terneros,mixto,NO,,,,,1
conure de mejillas verdes,mixto,NO,,,,,1
cotorra argentina colores,mixto,SI,post,https://avesnativaschilenas.cl/jaulas/para-loros/descubre-el-secreto-para-mantener-la-jaula-de-tu-loro-siempre-limpia-y-fresca/,¡Descubre el secreto para mantener la jaula de tu loro siempre limpia y fresca!,8533,100
cotorra argentina enferma,mixto,SI,post,https://avesnativaschilenas.cl/jaulas/para-loros/descubre-el-secreto-para-mantener-la-jaula-de-tu-loro-siempre-limpia-y-fresca/,¡Descubre el secreto para mantener la jaula de tu loro siempre limpia y fresca!,8533,100
cotorra argentina mascota,mixto,SI,post,https://avesnativaschilenas.cl/jaulas/para-loros/descubre-el-secreto-para-mantener-la-jaula-de-tu-loro-siempre-limpia-y-fresca/,¡Descubre el secreto para mantener la jaula de tu loro siempre limpia y fresca!,8533,100
cotorra bebe alimentacion,informacional,SI,post,https://avesnativaschilenas.cl/jaulas/para-loros/descubre-el-secreto-para-mantener-la-jaula-de-tu-loro-siempre-limpia-y-fresca/,¡Descubre el secreto para mantener la jaula de tu loro siempre limpia y fresca!,8533,100
cotorra de kramer colores,mixto,SI,post,https://avesnativaschilenas.cl/jaulas/para-loros/descubre-el-secreto-para-mantener-la-jaula-de-tu-loro-siempre-limpia-y-fresca/,¡Descubre el secreto para mantener la jaula de tu loro siempre limpia y fresca!,8533,100
cotorras argentinas bebes,mixto,SI,post,https://avesnativaschilenas.cl/jaulas/para-loros/descubre-el-secreto-para-mantener-la-jaula-de-tu-loro-siempre-limpia-y-fresca/,¡Descubre el secreto para mantener la jaula de tu loro siempre limpia y fresca!,8533,100
cotorras verdes uruguayas,mixto,SI,post,https://avesnativaschilenas.cl/jaulas/para-loros/descubre-el-secreto-para-mantener-la-jaula-de-tu-loro-siempre-limpia-y-fresca/,¡Descubre el secreto para mantener la jaula de tu loro siempre limpia y fresca!,8533,100
criadero de aves exóticas,mixto,SI,post,https://avesnativaschilenas.cl/nidos/descubre-el-secreto-para-atraer-aves-exoticas-a-tu-jardin-con-estos-nidos-de-madera-irresistibles/,Descubre el secreto para atraer aves exóticas a tu jardín con estos nidos de madera irresistibles!,7788,3
criadero pajaros exoticos,mixto,SI/Parcial,post,https://avesnativaschilenas.cl/nidos/descubre-el-asombroso-nido-trixie-el-hogar-ideal-para-tus-pajaros-exoticos/,Descubre el asombroso nido TRIXIE: ¡el hogar ideal para tus pájaros exóticos!,8368,2
cuidados de los agapornis,informacional,SI,post,https://avesnativaschilenas.cl/jaulas/para-loros/descubre-el-secreto-para-mantener-la-jaula-de-tu-loro-siempre-limpia-y-fresca/,¡Descubre el secreto para mantener la jaula de tu loro siempre limpia y fresca!,8533,100
decoracion jaulas vintage,mixto,SI,post,https://avesnativaschilenas.cl/jaulas/accesorios-para-jaulas/,Accesorios para Jaulas de Aves: Todo lo que Necesitas,15289,100
decoracion para terrarios,mixto,SI/Parcial,post,https://avesnativaschilenas.cl/jaulas/pajareras/,Pajareras para Jardin: Guia de Compra y Decoracion,15278,2
deshacerse de las palomas,mixto,SI,post,https://avesnativaschilenas.cl/cuidados/enfermedades-de-las-palomas-y-limpieza-de-heces/,"Las palomas transmiten enfermedades? Mitos, riesgos reales y limpieza segura",15090,3
diamante mandarin colores,mixto,SI/Parcial,post,https://avesnativaschilenas.cl/cuidados/guia-completa-para-el-cuidado-de-tu-diamante-mandarin-primeros-pasos-esenciales-para-asegurar-su-bienestar/,Guía Completa para el Cuidado de tu Diamante Mandarín: Primeros Pasos Esenciales para Asegurar su Bienestar,7383,2
diamante mandarin gigante,mixto,SI/Parcial,post,https://avesnativaschilenas.cl/cuidados/guia-completa-para-el-cuidado-de-tu-diamante-mandarin-primeros-pasos-esenciales-para-asegurar-su-bienestar/,Guía Completa para el Cuidado de tu Diamante Mandarín: Primeros Pasos Esenciales para Asegurar su Bienestar,7383,2
diamante mandarin isabela,mixto,SI/Parcial,post,https://avesnativaschilenas.cl/cuidados/guia-completa-para-el-cuidado-de-tu-diamante-mandarin-primeros-pasos-esenciales-para-asegurar-su-bienestar/,Guía Completa para el Cuidado de tu Diamante Mandarín: Primeros Pasos Esenciales para Asegurar su Bienestar,7383,2
diferentes aves del mundo,mixto,SI,post,https://avesnativaschilenas.cl/rapaces/excremento-de-las-aves-de-rapina/,El Curioso Mundo del Excremento de las Aves de Rapiña: Más Allá de un Simple Desecho,1903,3
diferentes clases de aves,mixto,SI/Parcial,post,https://avesnativaschilenas.cl/jaulas/accesorios-para-jaulas/,Accesorios para Jaulas de Aves: Todo lo que Necesitas,15289,2
diucon pajaro significado,informacional,SI/Parcial,post,https://avesnativaschilenas.cl/blog/que-significa-la-visita-de-un-pajaro-gris-presagio-y-significado-espiritual/,Que Significa la Visita de un Pajaro Gris? Presagio y Significado Espiritual,11826,2
donde anidan las gaviotas,informacional,SI/Parcial,post,https://avesnativaschilenas.cl/gaviotas/la-vida-secreta-de-las-aves-marinas/,La Vida Secreta de las Aves Marinas: Descubre sus Hábitos y Misterios,11042,2
el aguila segun la biblia,mixto,SI,post,https://avesnativaschilenas.cl/aguilas/caracteristicas-de-las-aguilas-segun-la-biblia/,El Aguila en la Biblia: significado espiritual y versiculos clave,1857,5
el canto de los pajaritos,mixto,SI,post,https://avesnativaschilenas.cl/cuervo/cuervillo-de-canada/,El Cuervillo de Cañada: Una Joya Alada de los Humedales Americanos,11292,3
el pantano de los cuervos,mixto,SI,post,https://avesnativaschilenas.cl/cuervo/cuervillo-de-canada/,El Cuervillo de Cañada: Una Joya Alada de los Humedales Americanos,11292,3
el pavo real el pavo real,mixto,SI,post,https://avesnativaschilenas.cl/blog/el-pavo-real-esta-en-peligro-de-extincion/,El Pavo Real en Peligro de Extinción: Todo lo que Necesitas Saber para Protegerlo,9999,3
el precio de un pavo real,comercial,SI,post,https://avesnativaschilenas.cl/blog/el-pavo-real-esta-en-peligro-de-extincion/,El Pavo Real en Peligro de Extinción: Todo lo que Necesitas Saber para Protegerlo,9999,4
el pájaro martín pescador,mixto,SI/Parcial,post,https://avesnativaschilenas.cl/jaulas/transportines-para-aves/,Transportines para Aves: Como Elegir el Mejor para Viajar con tu Pajaro,15286,2
especie de aves acuáticas,mixto,SI,post,https://avesnativaschilenas.cl/pato/donde-viven-los-patos-y-de-que-se-alimentan/,Donde viven los patos y de que se alimentan: guia completa de aves acuaticas en Chile,9370,3
especies de aves chilenas,informacional,SI,post,https://avesnativaschilenas.cl/marina/aves-de-isla-de-pascua-rapa-nui/,"Aves de Isla de Pascua (Rapa Nui): guía completa de especies, cultura y conservación",14225,3
especies de aves en chile,informacional,SI,post,https://avesnativaschilenas.cl/blog/importancia-de-las-aves-en-chile/,Importancia de las aves en Chile: su rol en los ecosistemas y la conservacion nacional,15082,4
especies de aves exoticas,informacional,SI,post,https://avesnativaschilenas.cl/marina/aves-de-isla-de-pascua-rapa-nui/,"Aves de Isla de Pascua (Rapa Nui): guía completa de especies, cultura y conservación",14225,3
especies de aves pequeñas,informacional,SI,post,https://avesnativaschilenas.cl/marina/aves-de-isla-de-pascua-rapa-nui/,"Aves de Isla de Pascua (Rapa Nui): guía completa de especies, cultura y conservación",14225,3
espátula rosada argentina,mixto,NO,,,,,1
foto de pajaro carpintero,mixto,SI/Parcial,post,https://avesnativaschilenas.cl/jaulas/para-canarios/,Jaulas para Canarios: Guia de Compra para tu Pajaro Cantor,15280,2
fotos de pajaros canarios,mixto,SI,post,https://avesnativaschilenas.cl/jaulas/para-canarios/,Jaulas para Canarios: Guia de Compra para tu Pajaro Cantor,15280,100
fotos de pajaros chilenos,mixto,SI/Parcial,post,https://avesnativaschilenas.cl/acuaticas/patos-chilenos/,"Patos de Chile: Tipos, Especies y Guia de Identificacion",15251,2
fotos de pajaros exoticos,mixto,SI,post,https://avesnativaschilenas.cl/nidos/descubre-el-paraiso-para-tus-pajaros-exoticos-nido-de-bambu-kerbl-solo-por-tiempo-limitado/,"¡Descubre el paraíso para tus pájaros exóticos! Nido de bambú Kerbl, solo por tiempo limitado.",8302,3
fotos de pajaros pequeños,mixto,SI,post,https://avesnativaschilenas.cl/jaulas/portatiles/descubre-la-jaula-de-pajaros-perfecta-ideal-para-animales-pequenos-y-aventura-al-aire-libre/,¡Descubre la Jaula de Pájaros Perfecta! Ideal para Animales Pequeños y Aventura al Aire Libre,8108,3
fotos de pájaros hermosos,mixto,SI/Parcial,post,https://avesnativaschilenas.cl/rapaces/lechuza/pajaros-blancos-que-vuelan-de-noche/,5 Fascinantes Pájaros Blancos que Vuelan de Noche,11061,2
fotos de pájaros pequeños,mixto,SI,post,https://avesnativaschilenas.cl/jaulas/portatiles/descubre-la-jaula-de-pajaros-perfecta-ideal-para-animales-pequenos-y-aventura-al-aire-libre/,¡Descubre la Jaula de Pájaros Perfecta! Ideal para Animales Pequeños y Aventura al Aire Libre,8108,3
gallinas ponedoras jaulas,mixto,SI,post,https://avesnativaschilenas.cl/jaulas/accesorios-para-jaulas/,Accesorios para Jaulas de Aves: Todo lo que Necesitas,15289,100
gallinero para codornices,mixto,SI,post,https://avesnativaschilenas.cl/jaulas/para-gallinas-ponedoras/,Jaulas para Gallinas Ponedoras: Guia de Compra 2026,15281,100
golondrina blanca y negra,mixto,SI/Parcial,post,https://avesnativaschilenas.cl/fardela/fardela-negra-de-juan-fernandez/,"Fardela negra de Juan Fernández: características, hábitat y conservación",14186,2
gorrion bebe alimentacion,informacional,SI/Parcial,page,https://avesnativaschilenas.cl/gorrion/,"Gorrion en Chile: caracteristicas, habitat, alimentacion y comportamiento",9827,2
gorrión pecho rojo precio,comercial,SI/Parcial,post,https://avesnativaschilenas.cl/blog/pajaro-pecho-rojo-chile/,pajaro pecho rojo chile,6801,2
hongos zona central chile,mixto,SI/Parcial,post,https://avesnativaschilenas.cl/blog/animales-en-peligro-de-extincion-en-chile-zona-centro/,animales en peligro de extinción en chile zona centro,9365,2
huevo de pavo real precio,comercial,SI,post,https://avesnativaschilenas.cl/blog/el-pavo-real-esta-en-peligro-de-extincion/,El Pavo Real en Peligro de Extinción: Todo lo que Necesitas Saber para Protegerlo,9999,3
huevo fertil de pavo real,mixto,SI,post,https://avesnativaschilenas.cl/blog/el-pavo-real-esta-en-peligro-de-extincion/,El Pavo Real en Peligro de Extinción: Todo lo que Necesitas Saber para Protegerlo,9999,3
huevos fertiles pavo real,mixto,SI,post,https://avesnativaschilenas.cl/cuidados/de-que-color-son-los-huevos-de-pavo-real/,de que color son los huevos de pavo real,9364,3
huevos pavo real fertiles,mixto,SI,post,https://avesnativaschilenas.cl/cuidados/de-que-color-son-los-huevos-de-pavo-real/,de que color son los huevos de pavo real,9364,3
imagen de pajaros bonitos,mixto,SI/Parcial,post,https://avesnativaschilenas.cl/rapaces/lechuza/pajaros-blancos-que-vuelan-de-noche/,5 Fascinantes Pájaros Blancos que Vuelan de Noche,11061,2
imagenes de aves chilenas,mixto,SI,post,https://avesnativaschilenas.cl/libros/descubre-las-asombrosas-aves-chilenas-imagenes-y-datos-fascinantes-que-te-sorprenderan/,Descubre las asombrosas aves chilenas: imágenes y datos fascinantes que te sorprenderán,7273,3
imagenes de aves exoticas,mixto,SI,post,https://avesnativaschilenas.cl/nidos/descubre-el-secreto-para-atraer-aves-exoticas-a-tu-jardin-con-estos-nidos-de-madera-irresistibles/,Descubre el secreto para atraer aves exóticas a tu jardín con estos nidos de madera irresistibles!,7788,3
imágenes de los pajaritos,mixto,SI/Parcial,post,https://avesnativaschilenas.cl/blog/importancia-de-las-aves-en-chile/,Importancia de las aves en Chile: su rol en los ecosistemas y la conservacion nacional,15082,2
imágenes de pájaros rojos,mixto,SI/Parcial,post,https://avesnativaschilenas.cl/rapaces/lechuza/pajaros-blancos-que-vuelan-de-noche/,5 Fascinantes Pájaros Blancos que Vuelan de Noche,11061,2
incubadoras para canarios,mixto,SI,post,https://avesnativaschilenas.cl/jaulas/para-canarios/,Jaulas para Canarios: Guia de Compra para tu Pajaro Cantor,15280,100
incubadoras para reptiles,mixto,NO,,,,,1
informacion sobre un loro,informacional,SI,post,https://avesnativaschilenas.cl/jaulas/para-loros/descubre-el-secreto-para-mantener-la-jaula-de-tu-loro-siempre-limpia-y-fresca/,¡Descubre el secreto para mantener la jaula de tu loro siempre limpia y fresca!,8533,100
información del pavo real,informacional,SI,post,https://avesnativaschilenas.cl/blog/de-que-esta-cubierta-la-piel-del-pavo-real/,de qué está cubierta la piel del pavo real,9402,3
información sobre pájaros,informacional,SI/Parcial,post,https://avesnativaschilenas.cl/cuidados/guia-completa-sobre-la-tenencia-de-pajaros-exoticos-en-el-hogar-requisitos-cuidados-y-consejos-esenciales/,"Guía completa sobre la tenencia de pájaros exóticos en el hogar: requisitos, cuidados y consejos esenciales",7943,2
isaias 40 31 reina valera,mixto,NO,,,,,0
jaula casera para cobayas,mixto,SI,post,https://avesnativaschilenas.cl/jaulas/accesorios-para-jaulas/,Accesorios para Jaulas de Aves: Todo lo que Necesitas,15289,100
jaula casera para pajaros,mixto,SI,post,https://avesnativaschilenas.cl/jaulas/accesorios-para-jaulas/,Accesorios para Jaulas de Aves: Todo lo que Necesitas,15289,100
jaula con pie para ninfas,mixto,SI,post,https://avesnativaschilenas.cl/jaulas/accesorios-para-jaulas/,Accesorios para Jaulas de Aves: Todo lo que Necesitas,15289,100
jaula conejillo de indias,mixto,SI,post,https://avesnativaschilenas.cl/jaulas/accesorios-para-jaulas/,Accesorios para Jaulas de Aves: Todo lo que Necesitas,15289,100
jaula cuadrada para loros,mixto,SI,post,https://avesnativaschilenas.cl/jaulas/accesorios-para-jaulas/,Accesorios para Jaulas de Aves: Todo lo que Necesitas,15289,100
jaula de 6 compartimentos,mixto,SI,post,https://avesnativaschilenas.cl/jaulas/accesorios-para-jaulas/,Accesorios para Jaulas de Aves: Todo lo que Necesitas,15289,100
jaula de gallina ponedora,mixto,SI,post,https://avesnativaschilenas.cl/jaulas/accesorios-para-jaulas/,Accesorios para Jaulas de Aves: Todo lo que Necesitas,15289,100
jaula de hierro max weber,mixto,SI,post,https://avesnativaschilenas.cl/jaulas/accesorios-para-jaulas/,Accesorios para Jaulas de Aves: Todo lo que Necesitas,15289,100
jaula de madera para aves,mixto,SI,post,https://avesnativaschilenas.cl/jaulas/accesorios-para-jaulas/,Accesorios para Jaulas de Aves: Todo lo que Necesitas,15289,100
jaula de pie para pajaros,mixto,SI,post,https://avesnativaschilenas.cl/jaulas/accesorios-para-jaulas/,Accesorios para Jaulas de Aves: Todo lo que Necesitas,15289,100
jaula de viaje para loros,mixto,SI,post,https://avesnativaschilenas.cl/jaulas/accesorios-para-jaulas/,Accesorios para Jaulas de Aves: Todo lo que Necesitas,15289,100
jaula doble para canarios,mixto,SI,post,https://avesnativaschilenas.cl/jaulas/accesorios-para-jaulas/,Accesorios para Jaulas de Aves: Todo lo que Necesitas,15289,100
jaula grande segunda mano,comercial,SI,post,https://avesnativaschilenas.cl/jaulas/accesorios-para-jaulas/,Accesorios para Jaulas de Aves: Todo lo que Necesitas,15289,100
jaula ideal para canarios,mixto,SI,post,https://avesnativaschilenas.cl/jaulas/accesorios-para-jaulas/,Accesorios para Jaulas de Aves: Todo lo que Necesitas,15289,100
jaula movil para gallinas,mixto,SI,post,https://avesnativaschilenas.cl/jaulas/accesorios-para-jaulas/,Accesorios para Jaulas de Aves: Todo lo que Necesitas,15289,100
jaula pajaro segunda mano,comercial,SI,post,https://avesnativaschilenas.cl/jaulas/accesorios-para-jaulas/,Accesorios para Jaulas de Aves: Todo lo que Necesitas,15289,100
jaula para cotorro grande,mixto,SI,post,https://avesnativaschilenas.cl/jaulas/accesorios-para-jaulas/,Accesorios para Jaulas de Aves: Todo lo que Necesitas,15289,100
jaula para criar pollitos,mixto,SI,post,https://avesnativaschilenas.cl/jaulas/accesorios-para-jaulas/,Accesorios para Jaulas de Aves: Todo lo que Necesitas,15289,100
jaula para dos periquitos,mixto,SI,post,https://avesnativaschilenas.cl/jaulas/accesorios-para-jaulas/,Accesorios para Jaulas de Aves: Todo lo que Necesitas,15289,100
jaula para gallo de pelea,mixto,SI,post,https://avesnativaschilenas.cl/jaulas/accesorios-para-jaulas/,Accesorios para Jaulas de Aves: Todo lo que Necesitas,15289,100
jaula para hamster madera,mixto,SI,post,https://avesnativaschilenas.cl/jaulas/accesorios-para-jaulas/,Accesorios para Jaulas de Aves: Todo lo que Necesitas,15289,100
jaula para loris arcoiris,mixto,SI,post,https://avesnativaschilenas.cl/jaulas/accesorios-para-jaulas/,Accesorios para Jaulas de Aves: Todo lo que Necesitas,15289,100
jaula para loros medianos,mixto,SI,post,https://avesnativaschilenas.cl/jaulas/accesorios-para-jaulas/,Accesorios para Jaulas de Aves: Todo lo que Necesitas,15289,100
jaula para loros pequeños,mixto,SI,post,https://avesnativaschilenas.cl/jaulas/accesorios-para-jaulas/,Accesorios para Jaulas de Aves: Todo lo que Necesitas,15289,100
jaula para ninfas medidas,mixto,SI,post,https://avesnativaschilenas.cl/jaulas/accesorios-para-jaulas/,Accesorios para Jaulas de Aves: Todo lo que Necesitas,15289,100
jaula para ordeñar ovejas,mixto,SI,post,https://avesnativaschilenas.cl/jaulas/accesorios-para-jaulas/,Accesorios para Jaulas de Aves: Todo lo que Necesitas,15289,100
jaula para pajaros casera,mixto,SI,post,https://avesnativaschilenas.cl/jaulas/accesorios-para-jaulas/,Accesorios para Jaulas de Aves: Todo lo que Necesitas,15289,100
jaula para pajaros madera,mixto,SI,post,https://avesnativaschilenas.cl/jaulas/accesorios-para-jaulas/,Accesorios para Jaulas de Aves: Todo lo que Necesitas,15289,100
jaula para pajaros precio,comercial,SI,post,https://avesnativaschilenas.cl/jaulas/accesorios-para-jaulas/,Accesorios para Jaulas de Aves: Todo lo que Necesitas,15289,100
jaula para rata domestica,mixto,SI,post,https://avesnativaschilenas.cl/jaulas/accesorios-para-jaulas/,Accesorios para Jaulas de Aves: Todo lo que Necesitas,15289,100
jaula rectangular pájaros,mixto,SI,post,https://avesnativaschilenas.cl/jaulas/accesorios-para-jaulas/,Accesorios para Jaulas de Aves: Todo lo que Necesitas,15289,100
jaula trampa para pajaros,mixto,SI,post,https://avesnativaschilenas.cl/jaulas/accesorios-para-jaulas/,Accesorios para Jaulas de Aves: Todo lo que Necesitas,15289,100
jaula trampa para palomas,mixto,SI,post,https://avesnativaschilenas.cl/jaulas/accesorios-para-jaulas/,Accesorios para Jaulas de Aves: Todo lo que Necesitas,15289,100
jaula transporte gallinas,mixto,SI,post,https://avesnativaschilenas.cl/jaulas/accesorios-para-jaulas/,Accesorios para Jaulas de Aves: Todo lo que Necesitas,15289,100
jaula valenciana timbrado,mixto,SI,post,https://avesnativaschilenas.cl/jaulas/accesorios-para-jaulas/,Accesorios para Jaulas de Aves: Todo lo que Necesitas,15289,100
jaulas blancas para loros,mixto,SI,post,https://avesnativaschilenas.cl/jaulas/accesorios-para-jaulas/,Accesorios para Jaulas de Aves: Todo lo que Necesitas,15289,100
jaulas con base para aves,mixto,SI,post,https://avesnativaschilenas.cl/jaulas/accesorios-para-jaulas/,Accesorios para Jaulas de Aves: Todo lo que Necesitas,15289,100
jaulas de 1 metro baratas,comercial,SI,post,https://avesnativaschilenas.cl/jaulas/accesorios-para-jaulas/,Accesorios para Jaulas de Aves: Todo lo que Necesitas,15289,100
jaulas de pajaros baratas,comercial,SI,post,https://avesnativaschilenas.cl/jaulas/accesorios-para-jaulas/,Accesorios para Jaulas de Aves: Todo lo que Necesitas,15289,100
jaulas de pajaros vintage,mixto,SI,post,https://avesnativaschilenas.cl/jaulas/accesorios-para-jaulas/,Accesorios para Jaulas de Aves: Todo lo que Necesitas,15289,100
jaulas de perdices usadas,comercial,SI,post,https://avesnativaschilenas.cl/jaulas/accesorios-para-jaulas/,Accesorios para Jaulas de Aves: Todo lo que Necesitas,15289,100
jaulas de perdiz antiguas,mixto,SI,post,https://avesnativaschilenas.cl/jaulas/accesorios-para-jaulas/,Accesorios para Jaulas de Aves: Todo lo que Necesitas,15289,100
jaulas de pericos grandes,mixto,SI,post,https://avesnativaschilenas.cl/jaulas/accesorios-para-jaulas/,Accesorios para Jaulas de Aves: Todo lo que Necesitas,15289,100
jaulas guacamayos grandes,mixto,SI,post,https://avesnativaschilenas.cl/jaulas/accesorios-para-jaulas/,Accesorios para Jaulas de Aves: Todo lo que Necesitas,15289,100
jaulas para aves medianas,mixto,SI,post,https://avesnativaschilenas.cl/jaulas/accesorios-para-jaulas/,Accesorios para Jaulas de Aves: Todo lo que Necesitas,15289,100
jaulas para cerdos usadas,comercial,SI,post,https://avesnativaschilenas.cl/jaulas/accesorios-para-jaulas/,Accesorios para Jaulas de Aves: Todo lo que Necesitas,15289,100
jaulas para cuyos caseras,mixto,SI,post,https://avesnativaschilenas.cl/jaulas/accesorios-para-jaulas/,Accesorios para Jaulas de Aves: Todo lo que Necesitas,15289,100
jaulas para gallos usadas,comercial,SI,post,https://avesnativaschilenas.cl/jaulas/accesorios-para-jaulas/,Accesorios para Jaulas de Aves: Todo lo que Necesitas,15289,100
la historia del pavo real,informacional,SI,post,https://avesnativaschilenas.cl/blog/de-que-esta-cubierta-la-piel-del-pavo-real/,de qué está cubierta la piel del pavo real,9402,4
las aves rapaces de chile,mixto,SI,post,https://avesnativaschilenas.cl/blog/importancia-de-las-aves-en-chile/,Importancia de las aves en Chile: su rol en los ecosistemas y la conservacion nacional,15082,4
las gaviotas buenos aires,mixto,SI/Parcial,post,https://avesnativaschilenas.cl/gaviotas/la-vida-secreta-de-las-aves-marinas/,La Vida Secreta de las Aves Marinas: Descubre sus Hábitos y Misterios,11042,2
las gaviotas la herradura,mixto,SI,post,https://avesnativaschilenas.cl/gaviotas/la-vida-secreta-de-las-aves-marinas/,La Vida Secreta de las Aves Marinas: Descubre sus Hábitos y Misterios,11042,3
las palomas tienen pulgas,mixto,SI/Parcial,post,https://avesnativaschilenas.cl/cuidados/enfermedades-de-las-palomas-y-limpieza-de-heces/,"Las palomas transmiten enfermedades? Mitos, riesgos reales y limpieza segura",15090,2
libros de aves pdf gratis,mixto,SI,post,https://avesnativaschilenas.cl/libros/descubre-los-secretos-ocultos-de-las-aves-chilenas-en-este-tesoro-del-1902-no-te-lo-pierdas/,Descubre los secretos ocultos de las aves chilenas en este tesoro del 1902: ¡No te lo pierdas!,7259,3
lista de aves de colombia,mixto,SI,post,https://avesnativaschilenas.cl/blog/aves-en-peligro-de-extincion-en-chile-lista-2026-y-como-ayudarlas/,Aves en Peligro de Extincion en Chile: Lista 2026 y Como Ayudarlas,11834,3
lista de aves migratorias,mixto,SI,post,https://avesnativaschilenas.cl/blog/aves-en-peligro-de-extincion-en-chile-lista-2026-y-como-ayudarlas/,Aves en Peligro de Extincion en Chile: Lista 2026 y Como Ayudarlas,11834,3
loro amarillo azul y rojo,mixto,SI,post,https://avesnativaschilenas.cl/jaulas/para-loros/descubre-el-secreto-para-mantener-la-jaula-de-tu-loro-siempre-limpia-y-fresca/,¡Descubre el secreto para mantener la jaula de tu loro siempre limpia y fresca!,8533,100
loro frente blanca precio,comercial,SI,post,https://avesnativaschilenas.cl/jaulas/para-loros/descubre-el-secreto-para-mantener-la-jaula-de-tu-loro-siempre-limpia-y-fresca/,¡Descubre el secreto para mantener la jaula de tu loro siempre limpia y fresca!,8533,100
loros amazonas papilleros,navegacional,SI,post,https://avesnativaschilenas.cl/jaulas/para-loros/descubre-el-secreto-para-mantener-la-jaula-de-tu-loro-siempre-limpia-y-fresca/,¡Descubre el secreto para mantener la jaula de tu loro siempre limpia y fresca!,8533,100
loros inseparables precio,comercial,SI,post,https://avesnativaschilenas.cl/jaulas/para-loros/descubre-el-secreto-para-mantener-la-jaula-de-tu-loro-siempre-limpia-y-fresca/,¡Descubre el secreto para mantener la jaula de tu loro siempre limpia y fresca!,8533,100
loros pequeños de colores,mixto,SI,post,https://avesnativaschilenas.cl/jaulas/para-loros/descubre-el-secreto-para-mantener-la-jaula-de-tu-loro-siempre-limpia-y-fresca/,¡Descubre el secreto para mantener la jaula de tu loro siempre limpia y fresca!,8533,100
loros verdes de argentina,mixto,SI,post,https://avesnativaschilenas.cl/jaulas/para-loros/descubre-el-secreto-para-mantener-la-jaula-de-tu-loro-siempre-limpia-y-fresca/,¡Descubre el secreto para mantener la jaula de tu loro siempre limpia y fresca!,8533,100
los colores del pavo real,mixto,SI,post,https://avesnativaschilenas.cl/blog/de-que-esta-cubierta-la-piel-del-pavo-real/,de qué está cubierta la piel del pavo real,9402,3
los loros amazonas hablan,navegacional,SI,post,https://avesnativaschilenas.cl/jaulas/para-loros/descubre-el-secreto-para-mantener-la-jaula-de-tu-loro-siempre-limpia-y-fresca/,¡Descubre el secreto para mantener la jaula de tu loro siempre limpia y fresca!,8533,100
marianela nuñez bailarina,mixto,NO,,,,,0
martin pescador de collar,mixto,SI,page,https://avesnativaschilenas.cl/martin-pescador/,"Martín pescador Chileno: hábitat, alimentación y curiosidades de un tesoro acuatico",9858,3
max weber jaula de hierro,mixto,SI,post,https://avesnativaschilenas.cl/jaulas/accesorios-para-jaulas/,Accesorios para Jaulas de Aves: Todo lo que Necesitas,15289,100
medidas de nido de ninfas,mixto,SI,post,https://avesnativaschilenas.cl/jaulas/para-ninfas/,Jaulas para Ninfas (Cockatiel): Guia de Compra y Medidas Ideales,15285,100
mejor jaula para canarios,comercial,SI,post,https://avesnativaschilenas.cl/jaulas/accesorios-para-jaulas/,Accesorios para Jaulas de Aves: Todo lo que Necesitas,15289,100
nido de paloma en mi casa,mixto,SI,post,https://avesnativaschilenas.cl/jaulas/nidos-para-aves/,"Nidos para Aves: Tipos, Materiales y Como Elegir el Mejor",15288,100
nido para cacatuas ninfas,mixto,SI,post,https://avesnativaschilenas.cl/jaulas/para-loros/descubre-el-secreto-para-mantener-la-jaula-de-tu-loro-siempre-limpia-y-fresca/,¡Descubre el secreto para mantener la jaula de tu loro siempre limpia y fresca!,8533,100
nidos de pajaros pequeños,mixto,SI,post,https://avesnativaschilenas.cl/jaulas/nidos-para-aves/,"Nidos para Aves: Tipos, Materiales y Como Elegir el Mejor",15288,100
nidos para ninfas grandes,mixto,SI,post,https://avesnativaschilenas.cl/jaulas/para-ninfas/,Jaulas para Ninfas (Cockatiel): Guia de Compra y Medidas Ideales,15285,100
nombre de aves silvestres,mixto,SI,post,https://avesnativaschilenas.cl/nidos/descubre-el-nido-de-aves-silvestres-de-madera-que-transformara-tu-jardin-en-un-paraiso-de-pajaros/,Descubre el nido de aves silvestres de madera que transformará tu jardín en un paraíso de pájaros,7693,3
nombres de aves de rapiña,mixto,SI,post,https://avesnativaschilenas.cl/rapaces/excremento-de-aves-de-rapina-como-identificarlo-y-que-significa/,Excremento de Aves de Rapina: Como Identificarlo y Que Significa,11819,3
observatorio ornitologico,mixto,NO,,,,,0
pajarera de madera grande,mixto,SI,post,https://avesnativaschilenas.cl/jaulas/pajareras/,Pajareras para Jardin: Guia de Compra y Decoracion,15278,100
pajaritos del amor precio,comercial,NO,,,,,1
pajaro con muchos colores,mixto,SI/Parcial,post,https://avesnativaschilenas.cl/jaulas/transportines-para-aves/,Transportines para Aves: Como Elegir el Mejor para Viajar con tu Pajaro,15286,2
pajaro de colores nombres,mixto,SI/Parcial,post,https://avesnativaschilenas.cl/jaulas/para-canarios/,Jaulas para Canarios: Guia de Compra para tu Pajaro Cantor,15280,2
pajaro nacional argentina,mixto,NO,,,,,1
pajaro para tener en casa,mixto,SI,post,https://avesnativaschilenas.cl/cuidados/cual-es-el-mejor-pajaro-para-tener-en-casa/,cuál es el mejor pájaro para tener en casa,9452,5
pajaro pequeño de colores,mixto,SI,post,https://avesnativaschilenas.cl/nidos/descubre-el-nido-de-pajaro-hecho-a-mano-tu-loro-pequeno-jamas-dejara-de-acurrucarse/,Descubre el Nido de Pájaro Hecho a Mano: ¡Tu loro pequeño jamás dejará de acurrucarse!,7472,3
pajaros bonitos del mundo,mixto,SI/Parcial,post,https://avesnativaschilenas.cl/blog/cual-es-el-ave-con-el-pico-mas-largo-del-mundo/,cual es el ave con el pico mas largo del mundo,9428,2
pajaros comunes en mexico,mixto,SI/Parcial,post,https://avesnativaschilenas.cl/uncategorized/como-transforme-mi-jardin-en-un-refugio-para-aves-y-tu-tambien-puedes/,Cómo Atraer Pájaros a tu Jardín con Nidos Colgantes: La Guía Completa para Crear un Paraíso Aviar,11064,2
pajaros exoticos pequeños,mixto,SI/Parcial,post,https://avesnativaschilenas.cl/blog/pajaros-domesticos-pequenos/,pájaros domésticos pequeños,10416,2
pajaros nocturnos sonidos,mixto,SI,post,https://avesnativaschilenas.cl/jaulas/nidos-para-aves/,"Nidos para Aves: Tipos, Materiales y Como Elegir el Mejor",15288,100
pajaros que pueden hablar,mixto,SI/Parcial,post,https://avesnativaschilenas.cl/rapaces/lechuza/pajaros-blancos-que-vuelan-de-noche/,5 Fascinantes Pájaros Blancos que Vuelan de Noche,11061,2
paloma africana de collar,mixto,SI/Parcial,post,https://avesnativaschilenas.cl/cuidados/piojos-de-paloma/,Piojos de Paloma: Como Identificarlos y Eliminarlos,15250,2
pavos reales pavos reales,mixto,NO,,,,,1
perico verde con amarillo,mixto,SI,post,https://avesnativaschilenas.cl/jaulas/para-periquitos/,Jaulas para Periquitos: Guia de Compra Completa 2026,15284,100
periquito amarillo y azul,mixto,SI,post,https://avesnativaschilenas.cl/jaulas/para-periquitos/,Jaulas para Periquitos: Guia de Compra Completa 2026,15284,100
periquito azul y amarillo,mixto,SI,post,https://avesnativaschilenas.cl/jaulas/para-periquitos/,Jaulas para Periquitos: Guia de Compra Completa 2026,15284,100
phalcoboenus megalopterus,mixto,NO,,,,,0
picaflor cola de espatula,mixto,SI/Parcial,post,https://avesnativaschilenas.cl/picaflor/significado-espiritual-del-colibri-y-tatuajes-de-picaflor/,Significado espiritual del colibrí y tatuajes de picaflor: simbolismo y creencias,14221,2
pico de cotorra argentina,mixto,SI,post,https://avesnativaschilenas.cl/jaulas/para-loros/descubre-el-secreto-para-mantener-la-jaula-de-tu-loro-siempre-limpia-y-fresca/,¡Descubre el secreto para mantener la jaula de tu loro siempre limpia y fresca!,8533,100
precio de jaula para loro,comercial,SI,post,https://avesnativaschilenas.cl/jaulas/accesorios-para-jaulas/,Accesorios para Jaulas de Aves: Todo lo que Necesitas,15289,100
precio voladeros de 2x2x1,comercial,SI,post,https://avesnativaschilenas.cl/jaulas/voladeras/,Voladeras para Aves: Como Elegir la Mejor para tus Pajaros,15277,100
primer bailarin de ballet,mixto,SI/Parcial,post,https://avesnativaschilenas.cl/rapaces/bailarin/,"Pajaro Bailarín, la Elegante Ave de Rapiña de Chile",1694,2
pájaros coloridos nombres,mixto,SI/Parcial,post,https://avesnativaschilenas.cl/jilguero/nombres-para-pajaros-amarillos/,50 Nombres Creativos para tus Pájaros Amarillos,11055,2
pájaros comunes en méxico,mixto,SI/Parcial,post,https://avesnativaschilenas.cl/uncategorized/como-transforme-mi-jardin-en-un-refugio-para-aves-y-tu-tambien-puedes/,Cómo Atraer Pájaros a tu Jardín con Nidos Colgantes: La Guía Completa para Crear un Paraíso Aviar,11064,2
pájaros de color amarillo,mixto,SI/Parcial,post,https://avesnativaschilenas.cl/acuaticas/ave-de-plumaje-blanco-y-penacho-amarillo-identificacion-y-especies/,Ave de Plumaje Blanco y Penacho Amarillo: Identificacion y Especies,11828,2
pájaros de varios colores,mixto,SI/Parcial,post,https://avesnativaschilenas.cl/fardela/fardela-heraldica/,Fardela heráldica: el petrel de tres colores de Rapa Nui,14188,2
pájaros exóticos de jaula,mixto,SI,post,https://avesnativaschilenas.cl/jaulas/accesorios-para-jaulas/,Accesorios para Jaulas de Aves: Todo lo que Necesitas,15289,100
pájaros exóticos en venta,comercial,SI,post,https://avesnativaschilenas.cl/cuidados/guia-completa-sobre-la-tenencia-de-pajaros-exoticos-en-el-hogar-requisitos-cuidados-y-consejos-esenciales/,"Guía completa sobre la tenencia de pájaros exóticos en el hogar: requisitos, cuidados y consejos esenciales",7943,3
pájaros exóticos pequeños,mixto,SI/Parcial,post,https://avesnativaschilenas.cl/blog/pajaros-domesticos-pequenos/,pájaros domésticos pequeños,10416,2
pájaros nocturnos sonidos,mixto,SI,post,https://avesnativaschilenas.cl/jaulas/nidos-para-aves/,"Nidos para Aves: Tipos, Materiales y Como Elegir el Mejor",15288,100
razas de pajaros exoticos,mixto,SI,post,https://avesnativaschilenas.cl/nidos/descubre-el-paraiso-para-tus-pajaros-exoticos-nido-de-bambu-kerbl-solo-por-tiempo-limitado/,"¡Descubre el paraíso para tus pájaros exóticos! Nido de bambú Kerbl, solo por tiempo limitado.",8302,3
razas de pájaros pequeños,mixto,SI,post,https://avesnativaschilenas.cl/jaulas/portatiles/descubre-la-jaula-de-pajaros-perfecta-ideal-para-animales-pequenos-y-aventura-al-aire-libre/,¡Descubre la Jaula de Pájaros Perfecta! Ideal para Animales Pequeños y Aventura al Aire Libre,8108,3
reina valera isaias 40 31,mixto,NO,,,,,0
reproduccion de agapornis,mixto,SI,post,https://avesnativaschilenas.cl/jaulas/para-loros/descubre-el-secreto-para-mantener-la-jaula-de-tu-loro-siempre-limpia-y-fresca/,¡Descubre el secreto para mantener la jaula de tu loro siempre limpia y fresca!,8533,100
rutas migratorias de aves,mixto,SI/Parcial,post,https://avesnativaschilenas.cl/jaulas/accesorios-para-jaulas/,Accesorios para Jaulas de Aves: Todo lo que Necesitas,15289,2
san isidro de las palomas,mixto,SI,post,https://avesnativaschilenas.cl/cuidados/enfermedades-de-las-palomas-y-limpieza-de-heces/,"Las palomas transmiten enfermedades? Mitos, riesgos reales y limpieza segura",15090,3
santiago ayala el chucaro,mixto,NO,,,,,1
sobre las alas del condor,mixto,SI/Parcial,post,https://avesnativaschilenas.cl/cuidados/de-que-se-alimentan-las-aves/,¿De qué se alimentan las aves? Guía completa sobre la dieta aviar,11353,2
sonidos pajaros nocturnos,mixto,SI,post,https://avesnativaschilenas.cl/jaulas/nidos-para-aves/,"Nidos para Aves: Tipos, Materiales y Como Elegir el Mejor",15288,100
tapaculo planta medicinal,mixto,NO,,,,,1
tener una tórtola en casa,mixto,SI,post,https://avesnativaschilenas.cl/blog/loros-que-se-pueden-tener-en-casa/,loros que se pueden tener en casa,10417,3
timbrado español original,mixto,SI,post,https://avesnativaschilenas.cl/jaulas/para-canarios/,Jaulas para Canarios: Guia de Compra para tu Pajaro Cantor,15280,100
tipos de aves migratorias,informacional,SI,post,https://avesnativaschilenas.cl/cuidados/tipo-de-alimentacion-de-las-aves/,Descubre los Tipos de Alimentación de las Aves: Guía Completa para Entender sus Dietas,11359,3
tipos de jaulas para aves,informacional,SI,post,https://avesnativaschilenas.cl/jaulas/accesorios-para-jaulas/,Accesorios para Jaulas de Aves: Todo lo que Necesitas,15289,100
tipos de lechuzas y buhos,informacional,SI,post,https://avesnativaschilenas.cl/acuaticas/patos-chilenos/,"Patos de Chile: Tipos, Especies y Guia de Identificacion",15251,3
tipos de nidos de pájaros,informacional,SI,post,https://avesnativaschilenas.cl/jaulas/nidos-para-aves/,"Nidos para Aves: Tipos, Materiales y Como Elegir el Mejor",15288,100
tipos de pajaros chilenos,informacional,SI,post,https://avesnativaschilenas.cl/acuaticas/patos-chilenos/,"Patos de Chile: Tipos, Especies y Guia de Identificacion",15251,3
tipos de pajaros exoticos,informacional,SI,post,https://avesnativaschilenas.cl/nidos/descubre-el-paraiso-para-tus-pajaros-exoticos-nido-de-bambu-kerbl-solo-por-tiempo-limitado/,"¡Descubre el paraíso para tus pájaros exóticos! Nido de bambú Kerbl, solo por tiempo limitado.",8302,3
tipos de pajaros pequeños,informacional,SI,post,https://avesnativaschilenas.cl/jaulas/portatiles/descubre-la-jaula-de-pajaros-perfecta-ideal-para-animales-pequenos-y-aventura-al-aire-libre/,¡Descubre la Jaula de Pájaros Perfecta! Ideal para Animales Pequeños y Aventura al Aire Libre,8108,3
tipos de pájaros de jaula,informacional,SI,post,https://avesnativaschilenas.cl/jaulas/accesorios-para-jaulas/,Accesorios para Jaulas de Aves: Todo lo que Necesitas,15289,100
tipos de pájaros pequeños,informacional,SI,post,https://avesnativaschilenas.cl/jaulas/portatiles/descubre-la-jaula-de-pajaros-perfecta-ideal-para-animales-pequenos-y-aventura-al-aire-libre/,¡Descubre la Jaula de Pájaros Perfecta! Ideal para Animales Pequeños y Aventura al Aire Libre,8108,3
todos los nombres de aves,mixto,SI,post,https://avesnativaschilenas.cl/nidos/transforma-tu-jardin-descubre-el-nido-de-pajaro-yarnow-que-todos-los-amantes-de-las-aves-deseaban/,Transforma tu jardín: ¡Descubre el nido de pájaro YARNOW que todos los amantes de las aves deseaban!,7725,4
tolvas para canarios 2 gr,mixto,SI,post,https://avesnativaschilenas.cl/jaulas/para-canarios/,Jaulas para Canarios: Guia de Compra para tu Pajaro Cantor,15280,100
tortola bebe alimentacion,informacional,SI/Parcial,post,https://avesnativaschilenas.cl/tortola/tortola-comun/,"Descubre todo sobre la Tórtola Común: Hábitat, Alimentación y Comportamiento",220,2
trampa para palomas fácil,mixto,SI,post,https://avesnativaschilenas.cl/jaulas/marcas/atrapa-palomas-sin-esfuerzo-descubre-la-trampa-fvtvhev-facil-de-montar-y-efectiva-haz-clic/,"¡Atrapa palomas sin esfuerzo! Descubre la trampa FVTVHEV, fácil de montar y efectiva. ¡Haz clic!",7646,3
una imagen de un pajarito,mixto,SI,post,https://avesnativaschilenas.cl/cuidados/como-distinguir-un-pavo-real-macho-de-una-hembra/,Como distinguir un pavo real macho de una hembra: diferencias reales y fotos,9393,3
venta aves exoticas chile,comercial,SI/Parcial,post,https://avesnativaschilenas.cl/blog/importancia-de-las-aves-en-chile/,Importancia de las aves en Chile: su rol en los ecosistemas y la conservacion nacional,15082,2
venta de codornices vivas,comercial,SI,post,https://avesnativaschilenas.cl/jaulas/para-gallinas-ponedoras/,Jaulas para Gallinas Ponedoras: Guia de Compra 2026,15281,100
venta de colibríes precio,comercial,SI/Parcial,post,https://avesnativaschilenas.cl/nidos/transforma-tu-jardin-en-un-paraiso-para-colibries-con-nuestro-increible-kit-de-nidos/,¡Transforma tu jardín en un paraíso para colibríes con nuestro increíble kit de nidos!,8246,2
venta de conejeras usadas,comercial,NO,,,,,1
venta de jaula para loros,comercial,SI,post,https://avesnativaschilenas.cl/jaulas/accesorios-para-jaulas/,Accesorios para Jaulas de Aves: Todo lo que Necesitas,15289,100
venta de jaulas para aves,comercial,SI,post,https://avesnativaschilenas.cl/jaulas/accesorios-para-jaulas/,Accesorios para Jaulas de Aves: Todo lo que Necesitas,15289,100
venta de jaulones grandes,comercial,SI/Parcial,post,https://avesnativaschilenas.cl/nidos/descubre-el-corazon-animal-salvaje-la-casa-de-pajaros-que-tus-grandes-tetas-y-compania-adoran/,¡Descubre el corazón Animal Salvaje: la casa de pájaros que tus grandes tetas y compañía adoran!,8509,2
venta de pajaros exoticos,comercial,SI,post,https://avesnativaschilenas.cl/nidos/descubre-el-paraiso-para-tus-pajaros-exoticos-nido-de-bambu-kerbl-solo-por-tiempo-limitado/,"¡Descubre el paraíso para tus pájaros exóticos! Nido de bambú Kerbl, solo por tiempo limitado.",8302,3
venta de pajaros santiago,comercial,SI/Parcial,post,https://avesnativaschilenas.cl/rapaces/lechuza/pajaros-blancos-que-vuelan-de-noche/,5 Fascinantes Pájaros Blancos que Vuelan de Noche,11061,2
versiculo sobre el aguila,mixto,SI,post,https://avesnativaschilenas.cl/aguilas/reflexiones-sobre-el-aguila-y-su-rol-en-la-vida-cristiana/,Reflexiones sobre el aguila y su rol en la vida cristiana,9510,3
voladeros gallos de pelea,mixto,SI,post,https://avesnativaschilenas.cl/jaulas/para-gallinas-ponedoras/,Jaulas para Gallinas Ponedoras: Guia de Compra 2026,15281,100
águila bicéfala masonería,mixto,NO,,,,,1
aves chilenas zona centro,mixto,SI/Parcial,post,https://avesnativaschilenas.cl/blog/animales-en-peligro-de-extincion-en-chile-zona-centro/,animales en peligro de extinción en chile zona centro,9365,2
aves de santiago de chile,mixto,SI,post,https://avesnativaschilenas.cl/blog/importancia-de-las-aves-en-chile/,Importancia de las aves en Chile: su rol en los ecosistemas y la conservacion nacional,15082,3
canto de pajaros chilenos,mixto,SI/Parcial,post,https://avesnativaschilenas.cl/acuaticas/patos-chilenos/,"Patos de Chile: Tipos, Especies y Guia de Identificacion",15251,2
codornices hembra y macho,mixto,SI,post,https://avesnativaschilenas.cl/jaulas/para-gallinas-ponedoras/,Jaulas para Gallinas Ponedoras: Guia de Compra 2026,15281,100
huevos de codorniz precio,comercial,SI,post,https://avesnativaschilenas.cl/jaulas/para-gallinas-ponedoras/,Jaulas para Gallinas Ponedoras: Guia de Compra 2026,15281,100
jaulas para loros grandes,mixto,SI,post,https://avesnativaschilenas.cl/jaulas/accesorios-para-jaulas/,Accesorios para Jaulas de Aves: Todo lo que Necesitas,15289,100
pajaros chilenos pequeños,mixto,SI/Parcial,post,https://avesnativaschilenas.cl/blog/pajaros-domesticos-pequenos/,pájaros domésticos pequeños,10416,2
tipos de pajaros en chile,informacional,SI,page,https://avesnativaschilenas.cl/gaviotas/,"Gaviotas en Chile: Especies, Tipos y Guia de Identificacion",14226,4
venta de aves en santiago,comercial,SI,post,https://avesnativaschilenas.cl/blog/importancia-de-las-aves-en-chile/,Importancia de las aves en Chile: su rol en los ecosistemas y la conservacion nacional,15082,3
aves diamantes mandarines,mixto,NO,,,,,1
accesorios para aves chile,mixto,SI,post,https://avesnativaschilenas.cl/jaulas/accesorios-para-jaulas/,Accesorios para Jaulas de Aves: Todo lo que Necesitas,15289,100
accesorios para guacamayos,mixto,SI,post,https://avesnativaschilenas.cl/jaulas/accesorios-para-jaulas/,Accesorios para Jaulas de Aves: Todo lo que Necesitas,15289,100
accesorios para periquitos,mixto,SI,post,https://avesnativaschilenas.cl/jaulas/accesorios-para-jaulas/,Accesorios para Jaulas de Aves: Todo lo que Necesitas,15289,100
aguila significado biblico,informacional,SI/Parcial,post,https://avesnativaschilenas.cl/aguilas/caracteristicas-de-las-aguilas-segun-la-biblia/,El Aguila en la Biblia: significado espiritual y versiculos clave,1857,2
alas como de aguila biblia,informacional,SI,post,https://avesnativaschilenas.cl/aguilas/el-aguila-que-tipo-de-consumidor-es/,El aguila desvelada: como regula la vida en su ecosistema,6998,3
alimentacion de codornices,informacional,SI,post,https://avesnativaschilenas.cl/jaulas/para-gallinas-ponedoras/,Jaulas para Gallinas Ponedoras: Guia de Compra 2026,15281,100
alimentacion de guacamayos,informacional,SI,post,https://avesnativaschilenas.cl/jaulas/para-loros/descubre-el-secreto-para-mantener-la-jaula-de-tu-loro-siempre-limpia-y-fresca/,¡Descubre el secreto para mantener la jaula de tu loro siempre limpia y fresca!,8533,100
alimentacion de las ninfas,informacional,SI,post,https://avesnativaschilenas.cl/jaulas/para-ninfas/,Jaulas para Ninfas (Cockatiel): Guia de Compra y Medidas Ideales,15285,100
alimentacion de periquitos,informacional,SI,post,https://avesnativaschilenas.cl/jaulas/para-periquitos/,Jaulas para Periquitos: Guia de Compra Completa 2026,15284,100
alimentacion del guacamayo,informacional,SI,post,https://avesnativaschilenas.cl/jaulas/para-loros/descubre-el-secreto-para-mantener-la-jaula-de-tu-loro-siempre-limpia-y-fresca/,¡Descubre el secreto para mantener la jaula de tu loro siempre limpia y fresca!,8533,100
alimentación de un colibrí,informacional,SI,page,https://avesnativaschilenas.cl/martin-pescador/,"Martín pescador Chileno: hábitat, alimentación y curiosidades de un tesoro acuatico",9858,3
alimento codorniz ponedora,mixto,SI,post,https://avesnativaschilenas.cl/jaulas/para-gallinas-ponedoras/,Jaulas para Gallinas Ponedoras: Guia de Compra 2026,15281,100
alimento para gallos finos,mixto,SI,post,https://avesnativaschilenas.cl/jaulas/para-gallinas-ponedoras/,Jaulas para Gallinas Ponedoras: Guia de Compra 2026,15281,100
alimentos para loros bebes,mixto,SI,post,https://avesnativaschilenas.cl/jaulas/para-loros/descubre-el-secreto-para-mantener-la-jaula-de-tu-loro-siempre-limpia-y-fresca/,¡Descubre el secreto para mantener la jaula de tu loro siempre limpia y fresca!,8533,100
alimentos para patos bebes,mixto,NO,,,,,1
amazon jaulas para pajaros,navegacional,SI,post,https://avesnativaschilenas.cl/jaulas/accesorios-para-jaulas/,Accesorios para Jaulas de Aves: Todo lo que Necesitas,15289,100
amazona frente azul precio,navegacional,NO,,,,,1
amenazas del cóndor andino,mixto,SI/Parcial,post,https://avesnativaschilenas.cl/rapaces/condor-andino-caracteristicas-habitat-y-donde-verlo-en-chile/,"Condor Andino: Caracteristicas, Habitat y Donde Verlo en Chile",11832,2
ave de rapiña en la biblia,mixto,SI,post,https://avesnativaschilenas.cl/rapaces/ave-de-rapina-de-gran-tamano-que-habita-en-america/,ave de rapiña de gran tamaño que habita en américa,9355,4
ave significado espiritual,informacional,SI,post,https://avesnativaschilenas.cl/churrin/chercan-significado-espiritual-y-caracteristicas-de-esta-ave-chilena/,Chercan: Significado Espiritual y Caracteristicas de esta Ave Chilena,11824,3
aves carroñeras argentinas,mixto,SI/Parcial,post,https://avesnativaschilenas.cl/rapaces/como-las-aves-carroneras-limpian-el-ecosistema-en-chile/,Cómo las aves carroñeras limpian el ecosistema en Chile,9760,2
aves coloridas de colombia,mixto,SI,post,https://avesnativaschilenas.cl/blog/las-aves-mas-coloridas-de-chile/,Descubre la impresionante belleza de las aves más coloridas de Chile: ¡una explosión de colores en la naturaleza!,559,3
aves con plumas de colores,mixto,SI,post,https://avesnativaschilenas.cl/terrestres/colilarga/,Colilarga: el pájaro que ayuda a recordar lecciones y encanta con su cola de plumas mágicas,11131,3
aves costeras zona central,mixto,NO,,,,,1
aves de la region de aysen,mixto,SI,post,https://avesnativaschilenas.cl/ubicacion/aves-de-la-decima-region/,aves de la decima region,9992,4
aves de parques y jardines,mixto,SI,post,https://avesnativaschilenas.cl/jaulas/marcas/,"Marcas de Jaulas para Aves: Pedros, 2gr, Vision, Hagen, IMAC y Mas",15283,3
aves de pico largo y curvo,mixto,SI,post,https://avesnativaschilenas.cl/terrestres/corbatita/familia-de-aves-de-plumaje-negro-y-pico-largo/,familia de aves de plumaje negro y pico largo,9401,5
aves litoral central chile,mixto,SI/Parcial,post,https://avesnativaschilenas.cl/blog/importancia-de-las-aves-en-chile/,Importancia de las aves en Chile: su rol en los ecosistemas y la conservacion nacional,15082,2
aves mas bonitas del mundo,mixto,SI,post,https://avesnativaschilenas.cl/rapaces/excremento-de-las-aves-de-rapina/,El Curioso Mundo del Excremento de las Aves de Rapiña: Más Allá de un Simple Desecho,1903,4
aves mas comunes en mexico,mixto,SI,post,https://avesnativaschilenas.cl/nidos/transforma-tu-jardin-en-un-refugio-para-aves-con-la-encantadora-casa-navaris-descubre-mas/,Transforma tu jardín en un refugio para aves con la encantadora casa Navaris ¡Descubre más!,7249,3
aves para tener de mascota,mixto,SI,post,https://avesnativaschilenas.cl/blog/que-aves-se-pueden-tener-de-mascota-en-argentina/,que aves se pueden tener de mascota en argentina,10418,4
aves pequeñas de argentina,mixto,SI,post,https://avesnativaschilenas.cl/blog/que-aves-se-pueden-tener-de-mascota-en-argentina/,que aves se pueden tener de mascota en argentina,10418,3
bailarin clasico argentino,mixto,NO,,,,,1
bailarina americana famosa,mixto,NO,,,,,1
bailarina de ballet cubana,mixto,NO,,,,,1
bailarina de ballet famosa,mixto,NO,,,,,1
bailarina de contemporaneo,mixto,NO,,,,,1
bailarina de danza moderna,mixto,NO,,,,,1
bailarina maya plisetskaya,mixto,NO,,,,,0
base para jaula de pajaros,mixto,SI,post,https://avesnativaschilenas.cl/jaulas/accesorios-para-jaulas/,Accesorios para Jaulas de Aves: Todo lo que Necesitas,15289,100
base para jaula de pericos,mixto,SI,post,https://avesnativaschilenas.cl/jaulas/accesorios-para-jaulas/,Accesorios para Jaulas de Aves: Todo lo que Necesitas,15289,100
buho skip hop ruido blanco,mixto,SI/Parcial,post,https://avesnativaschilenas.cl/rapaces/lechuza/significado-de-ver-un-buho-blanco-en-la-noche/,significado de ver un buho blanco en la noche,9442,2
búho de madera significado,informacional,SI,post,https://avesnativaschilenas.cl/rapaces/lechuza/significado-de-ver-un-buho-blanco-en-la-noche/,significado de ver un buho blanco en la noche,9442,3
cacatua alba precio méxico,comercial,SI,post,https://avesnativaschilenas.cl/jaulas/para-loros/descubre-el-secreto-para-mantener-la-jaula-de-tu-loro-siempre-limpia-y-fresca/,¡Descubre el secreto para mantener la jaula de tu loro siempre limpia y fresca!,8533,100
canarios diamante mandarin,mixto,SI,post,https://avesnativaschilenas.cl/jaulas/para-canarios/,Jaulas para Canarios: Guia de Compra para tu Pajaro Cantor,15280,100
canarios malinois en venta,comercial,SI,post,https://avesnativaschilenas.cl/jaulas/para-canarios/,Jaulas para Canarios: Guia de Compra para tu Pajaro Cantor,15280,100
cante del canario malinois,mixto,SI,post,https://avesnativaschilenas.cl/jaulas/para-canarios/,Jaulas para Canarios: Guia de Compra para tu Pajaro Cantor,15280,100
canto de pajaros nocturnos,mixto,SI/Parcial,post,https://avesnativaschilenas.cl/rapaces/lechuza/pajaros-blancos-que-vuelan-de-noche/,5 Fascinantes Pájaros Blancos que Vuelan de Noche,11061,2
canto de pájaros nocturnos,mixto,SI/Parcial,post,https://avesnativaschilenas.cl/rapaces/lechuza/pajaros-blancos-que-vuelan-de-noche/,5 Fascinantes Pájaros Blancos que Vuelan de Noche,11061,2
características del zorzal,informacional,SI/Parcial,post,https://avesnativaschilenas.cl/terrestres/chincol/,"Chincol: Caracteristicas, Habitat y Canto del Zonotrichia capensis [Chile]",15248,2
casas de madera para cuyos,mixto,SI,post,https://avesnativaschilenas.cl/nidos/descubre-la-casa-de-pajaros-perfecta-2x-cajas-de-madera-para-gorrion-que-encantaran-a-tus-aves/,Descubre la casa de pájaros perfecta: ¡2x cajas de madera para gorrión que encantarán a tus aves!,8517,3
casas para cobayas caseras,mixto,SI/Parcial,post,https://avesnativaschilenas.cl/nidos/descubre-las-encantadoras-casas-colgantes-para-pajaros-que-transformaran-tu-jardin-en-un-paraiso/,Descubre las encantadoras casas colgantes para pájaros que transformarán tu jardín en un paraíso,7966,2
casas para gallos de pelea,mixto,SI,post,https://avesnativaschilenas.cl/jaulas/para-gallinas-ponedoras/,Jaulas para Gallinas Ponedoras: Guia de Compra 2026,15281,100
casas para loros de madera,mixto,SI,post,https://avesnativaschilenas.cl/jaulas/para-loros/descubre-el-secreto-para-mantener-la-jaula-de-tu-loro-siempre-limpia-y-fresca/,¡Descubre el secreto para mantener la jaula de tu loro siempre limpia y fresca!,8533,100
cernícalo americano precio,comercial,NO,,,,,1
chucho instrumento musical,mixto,NO,,,,,0
clases de aves en colombia,mixto,SI,post,https://avesnativaschilenas.cl/blog/importancia-de-las-aves-en-chile/,Importancia de las aves en Chile: su rol en los ecosistemas y la conservacion nacional,15082,3
clases de buhos y lechuzas,mixto,SI,post,https://avesnativaschilenas.cl/rapaces/lechuza/las-lechuzas-traen-buena-suerte-simbolismo/,"Las lechuzas y buhos traen buena suerte? Simbolismo, mitos y realidad",15121,3
clases de pajaros pequeños,mixto,SI,post,https://avesnativaschilenas.cl/jaulas/portatiles/descubre-la-jaula-de-pajaros-perfecta-ideal-para-animales-pequenos-y-aventura-al-aire-libre/,¡Descubre la Jaula de Pájaros Perfecta! Ideal para Animales Pequeños y Aventura al Aire Libre,8108,3
clases de patos domesticos,mixto,SI/Parcial,post,https://avesnativaschilenas.cl/acuaticas/patos-chilenos/,"Patos de Chile: Tipos, Especies y Guia de Identificacion",15251,2
clases de patos silvestres,mixto,SI,page,https://avesnativaschilenas.cl/pato/,"Patos silvestres Chilenos: Información de Tipos, razas y características (Machos y Hembras)",9862,3
clases de pájaros pequeños,mixto,SI,post,https://avesnativaschilenas.cl/jaulas/portatiles/descubre-la-jaula-de-pajaros-perfecta-ideal-para-animales-pequenos-y-aventura-al-aire-libre/,¡Descubre la Jaula de Pájaros Perfecta! Ideal para Animales Pequeños y Aventura al Aire Libre,8108,3
codornices chinas cuidados,informacional,SI,post,https://avesnativaschilenas.cl/jaulas/para-gallinas-ponedoras/,Jaulas para Gallinas Ponedoras: Guia de Compra 2026,15281,100
codornices chinas en venta,comercial,SI,post,https://avesnativaschilenas.cl/jaulas/para-gallinas-ponedoras/,Jaulas para Gallinas Ponedoras: Guia de Compra 2026,15281,100
codornices japonesas venta,comercial,SI,post,https://avesnativaschilenas.cl/jaulas/para-gallinas-ponedoras/,Jaulas para Gallinas Ponedoras: Guia de Compra 2026,15281,100
codorniz coturnix coturnix,mixto,SI,post,https://avesnativaschilenas.cl/jaulas/para-gallinas-ponedoras/,Jaulas para Gallinas Ponedoras: Guia de Compra 2026,15281,100
codorniz ponedora japonesa,mixto,SI,post,https://avesnativaschilenas.cl/jaulas/para-gallinas-ponedoras/,Jaulas para Gallinas Ponedoras: Guia de Compra 2026,15281,100
colibri de la buena suerte,mixto,SI/Parcial,post,https://avesnativaschilenas.cl/rapaces/lechuza/las-lechuzas-traen-buena-suerte-simbolismo/,"Las lechuzas y buhos traen buena suerte? Simbolismo, mitos y realidad",15121,2
colibri de que se alimenta,mixto,SI,post,https://avesnativaschilenas.cl/rapaces/de-que-se-alimenta-el-condor-de-los-andes/,de qué se alimenta el cóndor de los andes,9382,4
colibri es de buena suerte,mixto,SI,post,https://avesnativaschilenas.cl/blog/es-de-mala-suerte-que-entre-un-pajaro-a-tu-casa/,es de mala suerte que entre un pájaro a tu casa,9406,3
colibri mensajero del amor,mixto,SI/Parcial,post,https://avesnativaschilenas.cl/picaflor/significado-espiritual-del-colibri-y-tatuajes-de-picaflor/,Significado espiritual del colibrí y tatuajes de picaflor: simbolismo y creencias,14221,2
colores de las golondrinas,mixto,SI,post,https://avesnativaschilenas.cl/migratorias/golondrina/cual-es-la-hora-en-que-ocurre-la-magia-de-las-golondrinas/,cuál es la hora en que ocurre la magia de las golondrinas,9438,3
colores de los pavorreales,mixto,SI/Parcial,post,https://avesnativaschilenas.cl/blog/importancia-de-las-aves-en-chile/,Importancia de las aves en Chile: su rol en los ecosistemas y la conservacion nacional,15082,2
comedero de aves reciclado,mixto,SI,post,https://avesnativaschilenas.cl/tienda/comederos/,Los mejores comederos para jaulas de pájaros : guía de compra y recomendaciones,2194,100
comedero de colibri casero,mixto,SI,post,https://avesnativaschilenas.cl/tienda/comederos/,Los mejores comederos para jaulas de pájaros : guía de compra y recomendaciones,2194,100
comedero de colibrí casero,mixto,SI,post,https://avesnativaschilenas.cl/tienda/comederos/,Los mejores comederos para jaulas de pájaros : guía de compra y recomendaciones,2194,100
comedero de pajaros casero,mixto,SI,post,https://avesnativaschilenas.cl/tienda/comederos/,Los mejores comederos para jaulas de pájaros : guía de compra y recomendaciones,2194,100
comedero pajaros reciclado,mixto,SI,post,https://avesnativaschilenas.cl/tienda/comederos/,Los mejores comederos para jaulas de pájaros : guía de compra y recomendaciones,2194,100
comedero para patos casero,mixto,SI,post,https://avesnativaschilenas.cl/tienda/comederos/,Los mejores comederos para jaulas de pájaros : guía de compra y recomendaciones,2194,100
comederos para loros yacos,mixto,SI,post,https://avesnativaschilenas.cl/tienda/comederos/,Los mejores comederos para jaulas de pájaros : guía de compra y recomendaciones,2194,100
como criar canarios a mano,informacional,SI,post,https://avesnativaschilenas.cl/jaulas/para-canarios/,Jaulas para Canarios: Guia de Compra para tu Pajaro Cantor,15280,100
como se alimentan las aves,informacional,SI,post,https://avesnativaschilenas.cl/cuidados/de-que-se-alimentan-las-aves/,¿De qué se alimentan las aves? Guía completa sobre la dieta aviar,11353,4
compra de codornices vivas,comercial,SI,post,https://avesnativaschilenas.cl/jaulas/para-gallinas-ponedoras/,Jaulas para Gallinas Ponedoras: Guia de Compra 2026,15281,100
comprar huevos de codorniz,comercial,SI,post,https://avesnativaschilenas.cl/jaulas/para-gallinas-ponedoras/,Jaulas para Gallinas Ponedoras: Guia de Compra 2026,15281,100
comprar jaula para grillos,comercial,SI,post,https://avesnativaschilenas.cl/jaulas/accesorios-para-jaulas/,Accesorios para Jaulas de Aves: Todo lo que Necesitas,15289,100
comprar jaula para pajaros,comercial,SI,post,https://avesnativaschilenas.cl/jaulas/accesorios-para-jaulas/,Accesorios para Jaulas de Aves: Todo lo que Necesitas,15289,100
concentrado para ponedoras,mixto,SI,post,https://avesnativaschilenas.cl/jaulas/para-gallinas-ponedoras/,Jaulas para Gallinas Ponedoras: Guia de Compra 2026,15281,100
condor andino alimentacion,informacional,SI,post,https://avesnativaschilenas.cl/rapaces/condor/,"Condor andino en Chile: caracteristicas, habitat, alimentacion y conservacion",1870,3
condor andino en extincion,informacional,SI,post,https://avesnativaschilenas.cl/rapaces/condor-andino-caracteristicas-habitat-y-donde-verlo-en-chile/,"Condor Andino: Caracteristicas, Habitat y Donde Verlo en Chile",11832,3
condor bus santiago concon,mixto,NO,,,,,1
condor santiago valparaiso,mixto,NO,,,,,1
cotorra alejandrina precio,comercial,SI,post,https://avesnativaschilenas.cl/jaulas/para-loros/descubre-el-secreto-para-mantener-la-jaula-de-tu-loro-siempre-limpia-y-fresca/,¡Descubre el secreto para mantener la jaula de tu loro siempre limpia y fresca!,8533,100
cotorra argentina amarilla,mixto,SI,post,https://avesnativaschilenas.cl/jaulas/para-loros/descubre-el-secreto-para-mantener-la-jaula-de-tu-loro-siempre-limpia-y-fresca/,¡Descubre el secreto para mantener la jaula de tu loro siempre limpia y fresca!,8533,100
cotorra argentina cuidados,informacional,SI,post,https://avesnativaschilenas.cl/jaulas/para-loros/descubre-el-secreto-para-mantener-la-jaula-de-tu-loro-siempre-limpia-y-fresca/,¡Descubre el secreto para mantener la jaula de tu loro siempre limpia y fresca!,8533,100
cotorra argentina que come,mixto,SI,post,https://avesnativaschilenas.cl/jaulas/para-loros/descubre-el-secreto-para-mantener-la-jaula-de-tu-loro-siempre-limpia-y-fresca/,¡Descubre el secreto para mantener la jaula de tu loro siempre limpia y fresca!,8533,100
cotorra australiana hablan,mixto,SI,post,https://avesnativaschilenas.cl/jaulas/para-loros/descubre-el-secreto-para-mantener-la-jaula-de-tu-loro-siempre-limpia-y-fresca/,¡Descubre el secreto para mantener la jaula de tu loro siempre limpia y fresca!,8533,100
cotorra australiana hembra,mixto,SI,post,https://avesnativaschilenas.cl/jaulas/para-loros/descubre-el-secreto-para-mantener-la-jaula-de-tu-loro-siempre-limpia-y-fresca/,¡Descubre el secreto para mantener la jaula de tu loro siempre limpia y fresca!,8533,100
cotorra australiana precio,comercial,SI,post,https://avesnativaschilenas.cl/jaulas/para-loros/descubre-el-secreto-para-mantener-la-jaula-de-tu-loro-siempre-limpia-y-fresca/,¡Descubre el secreto para mantener la jaula de tu loro siempre limpia y fresca!,8533,100
cotorra de cabeza amarilla,mixto,SI,post,https://avesnativaschilenas.cl/jaulas/para-loros/descubre-el-secreto-para-mantener-la-jaula-de-tu-loro-siempre-limpia-y-fresca/,¡Descubre el secreto para mantener la jaula de tu loro siempre limpia y fresca!,8533,100
cotorra kramer azul precio,comercial,SI,post,https://avesnativaschilenas.cl/jaulas/para-loros/descubre-el-secreto-para-mantener-la-jaula-de-tu-loro-siempre-limpia-y-fresca/,¡Descubre el secreto para mantener la jaula de tu loro siempre limpia y fresca!,8533,100
cotorras argentinas azules,mixto,SI,post,https://avesnativaschilenas.cl/jaulas/para-loros/descubre-el-secreto-para-mantener-la-jaula-de-tu-loro-siempre-limpia-y-fresca/,¡Descubre el secreto para mantener la jaula de tu loro siempre limpia y fresca!,8533,100
cria de codornices en casa,mixto,SI,post,https://avesnativaschilenas.cl/jaulas/para-gallinas-ponedoras/,Jaulas para Gallinas Ponedoras: Guia de Compra 2026,15281,100
criadero de aves en temuco,mixto,SI,post,https://avesnativaschilenas.cl/blog/importancia-de-las-aves-en-chile/,Importancia de las aves en Chile: su rol en los ecosistemas y la conservacion nacional,15082,3
criadero de aves la serena,mixto,SI,post,https://avesnativaschilenas.cl/nidos/transforma-tu-criadero-con-besportble-30-nidos-de-cria-para-aves-que-aceleraran-la-eclosion/,¡Transforma tu criadero con BESPORTBLE! 30 Nidos de cría para aves que acelerarán la eclosión.,7707,4
cuanto mide un aguila real,mixto,SI,post,https://avesnativaschilenas.cl/aguilas/cuanto-mide-un-aguila-real-con-las-alas-abiertas/,Cuanto mide un aguila real con las alas abiertas,9362,5
cuanto pesa un aguila real,mixto,SI,post,https://avesnativaschilenas.cl/aguilas/cuanto-mide-un-aguila-real-con-las-alas-abiertas/,Cuanto mide un aguila real con las alas abiertas,9362,4
cuanto viven los colibríes,mixto,SI/Parcial,post,https://avesnativaschilenas.cl/pato/donde-viven-los-patos-y-de-que-se-alimentan/,Donde viven los patos y de que se alimentan: guia completa de aves acuaticas en Chile,9370,2
cuidados cotorra argentina,informacional,SI,post,https://avesnativaschilenas.cl/jaulas/para-loros/descubre-el-secreto-para-mantener-la-jaula-de-tu-loro-siempre-limpia-y-fresca/,¡Descubre el secreto para mantener la jaula de tu loro siempre limpia y fresca!,8533,100
cuidados diamante mandarin,informacional,SI,post,https://avesnativaschilenas.cl/cuidados/guia-completa-para-el-cuidado-de-tu-diamante-mandarin-primeros-pasos-esenciales-para-asegurar-su-bienestar/,Guía Completa para el Cuidado de tu Diamante Mandarín: Primeros Pasos Esenciales para Asegurar su Bienestar,7383,3
cuánto mide el águila real,mixto,SI,post,https://avesnativaschilenas.cl/aguilas/cuanto-mide-un-aguila-real-con-las-alas-abiertas/,Cuanto mide un aguila real con las alas abiertas,9362,4
cómo se desplaza el cóndor,informacional,SI,post,https://avesnativaschilenas.cl/rapaces/de-que-se-alimenta-el-condor-de-los-andes/,de qué se alimenta el cóndor de los andes,9382,3
de donde son los agapornis,informacional,SI,post,https://avesnativaschilenas.cl/jaulas/para-loros/descubre-el-secreto-para-mantener-la-jaula-de-tu-loro-siempre-limpia-y-fresca/,¡Descubre el secreto para mantener la jaula de tu loro siempre limpia y fresca!,8533,100
de periquitos australianos,mixto,SI,post,https://avesnativaschilenas.cl/jaulas/para-periquitos/,Jaulas para Periquitos: Guia de Compra Completa 2026,15284,100
de q se alimentan las aves,mixto,SI,post,https://avesnativaschilenas.cl/cuidados/de-que-se-alimentan-las-aves/,¿De qué se alimentan las aves? Guía completa sobre la dieta aviar,11353,5
de que color son los loros,mixto,SI,post,https://avesnativaschilenas.cl/jaulas/para-loros/descubre-el-secreto-para-mantener-la-jaula-de-tu-loro-siempre-limpia-y-fresca/,¡Descubre el secreto para mantener la jaula de tu loro siempre limpia y fresca!,8533,100
de que se alimenta el pato,mixto,SI,post,https://avesnativaschilenas.cl/rapaces/de-que-se-alimenta-el-condor-de-los-andes/,de qué se alimenta el cóndor de los andes,9382,5
de que se alimenta un pato,mixto,SI,post,https://avesnativaschilenas.cl/cuidados/que-se-le-puede-dar-de-comer-a-un-pichon-de-paloma/,que se le puede dar de comer a un pichon de paloma,9410,4
dia del observador de aves,mixto,SI,post,https://avesnativaschilenas.cl/rapaces/rapaces-santiago/,Aves Rapaces de Santiago: Guardianes del Cielo y la Biodiversidad,10896,3
diamante mandarin cantando,mixto,SI/Parcial,post,https://avesnativaschilenas.cl/cuidados/guia-completa-para-el-cuidado-de-tu-diamante-mandarin-primeros-pasos-esenciales-para-asegurar-su-bienestar/,Guía Completa para el Cuidado de tu Diamante Mandarín: Primeros Pasos Esenciales para Asegurar su Bienestar,7383,2
diamante mandarin pinguino,mixto,SI/Parcial,post,https://avesnativaschilenas.cl/cuidados/guia-completa-para-el-cuidado-de-tu-diamante-mandarin-primeros-pasos-esenciales-para-asegurar-su-bienestar/,Guía Completa para el Cuidado de tu Diamante Mandarín: Primeros Pasos Esenciales para Asegurar su Bienestar,7383,2
distintos tipos de pajaros,informacional,SI/Parcial,post,https://avesnativaschilenas.cl/acuaticas/patos-chilenos/,"Patos de Chile: Tipos, Especies y Guia de Identificacion",15251,2
donde hay cuervos en chile,informacional,SI,post,https://avesnativaschilenas.cl/acuaticas/cisne-en-chile-especies-caracteristicas-y-donde-verlos/,"Cisne en Chile: Especies, Caracteristicas y Donde Verlos",14117,3
especies de aves en méxico,informacional,SI,post,https://avesnativaschilenas.cl/marina/ave-marina-que-escoge-pareja-para-toda-la-vida/,La fidelidad en las aves marinas: ¿por qué muchas especies eligen una sola pareja de por vida?,8852,4
especies de búhos pequeños,informacional,SI,post,https://avesnativaschilenas.cl/rapaces/buhos/,Descubre los diferentes tipos de búhos pequeños: guía completa,2254,3
especies de patos en chile,informacional,SI,post,https://avesnativaschilenas.cl/acuaticas/patos-chilenos/,"Patos de Chile: Tipos, Especies y Guia de Identificacion",15251,4
fotos de aves para dibujar,mixto,SI,post,https://avesnativaschilenas.cl/jaulas/accesorios-para-jaulas/,Accesorios para Jaulas de Aves: Todo lo que Necesitas,15289,3
fotos de jaulas para loros,mixto,SI,post,https://avesnativaschilenas.cl/jaulas/accesorios-para-jaulas/,Accesorios para Jaulas de Aves: Todo lo que Necesitas,15289,100
fotos de pajaritos bonitos,mixto,SI/Parcial,post,https://avesnativaschilenas.cl/cuidados/como-distinguir-un-pavo-real-macho-de-una-hembra/,Como distinguir un pavo real macho de una hembra: diferencias reales y fotos,9393,2
fotos de pájaros amarillos,mixto,SI/Parcial,post,https://avesnativaschilenas.cl/rapaces/lechuza/pajaros-blancos-que-vuelan-de-noche/,5 Fascinantes Pájaros Blancos que Vuelan de Noche,11061,2
fuerzas como aguila biblia,informacional,SI/Parcial,post,https://avesnativaschilenas.cl/aguilas/que-significa-sonar-con-un-aguila-segun-la-biblia/,Que significa sonar con un aguila: interpretacion y simbolismo,9978,2
guia de aves lars svensson,mixto,SI,post,https://avesnativaschilenas.cl/marina/aves-de-isla-de-pascua-rapa-nui/,"Aves de Isla de Pascua (Rapa Nui): guía completa de especies, cultura y conservación",14225,3
guia para identificar aves,mixto,SI,post,https://avesnativaschilenas.cl/jaulas/aviarios/,Aviarios para Aves: Guia Completa para Elegir el Mejor Aviario,15276,3
hembra huevos de pavo real,mixto,SI,post,https://avesnativaschilenas.cl/cuidados/como-distinguir-un-pavo-real-macho-de-una-hembra/,Como distinguir un pavo real macho de una hembra: diferencias reales y fotos,9393,4
historia del condor andino,informacional,SI/Parcial,post,https://avesnativaschilenas.cl/rapaces/condor-andino-caracteristicas-habitat-y-donde-verlo-en-chile/,"Condor Andino: Caracteristicas, Habitat y Donde Verlo en Chile",11832,2
huevos de codorniz chilena,mixto,SI,post,https://avesnativaschilenas.cl/jaulas/para-gallinas-ponedoras/,Jaulas para Gallinas Ponedoras: Guia de Compra 2026,15281,100
huevos de codorniz frescos,mixto,SI,post,https://avesnativaschilenas.cl/jaulas/para-gallinas-ponedoras/,Jaulas para Gallinas Ponedoras: Guia de Compra 2026,15281,100
huevos de pavo real blanco,mixto,SI,post,https://avesnativaschilenas.cl/cuidados/de-que-color-son-los-huevos-de-pavo-real/,de que color son los huevos de pavo real,9364,4
huevos frescos de codorniz,mixto,SI,post,https://avesnativaschilenas.cl/jaulas/para-gallinas-ponedoras/,Jaulas para Gallinas Ponedoras: Guia de Compra 2026,15281,100
imagen de pavo real hembra,mixto,SI,post,https://avesnativaschilenas.cl/cuidados/como-distinguir-un-pavo-real-macho-de-una-hembra/,Como distinguir un pavo real macho de una hembra: diferencias reales y fotos,9393,4
imagenes de pajaros azules,mixto,SI/Parcial,post,https://avesnativaschilenas.cl/rapaces/lechuza/pajaros-blancos-que-vuelan-de-noche/,5 Fascinantes Pájaros Blancos que Vuelan de Noche,11061,2
imágenes de aves coloridas,mixto,SI,post,https://avesnativaschilenas.cl/blog/las-aves-mas-coloridas-de-chile/,Descubre la impresionante belleza de las aves más coloridas de Chile: ¡una explosión de colores en la naturaleza!,559,3
imágenes de loro guacamayo,mixto,SI,post,https://avesnativaschilenas.cl/jaulas/para-loros/descubre-el-secreto-para-mantener-la-jaula-de-tu-loro-siempre-limpia-y-fresca/,¡Descubre el secreto para mantener la jaula de tu loro siempre limpia y fresca!,8533,100
imágenes de los guacamayos,mixto,SI,post,https://avesnativaschilenas.cl/jaulas/para-loros/descubre-el-secreto-para-mantener-la-jaula-de-tu-loro-siempre-limpia-y-fresca/,¡Descubre el secreto para mantener la jaula de tu loro siempre limpia y fresca!,8533,100
información de los pájaros,informacional,SI,post,https://avesnativaschilenas.cl/redes/descubre-como-esta-red-verde-de-4x10m-protege-tus-plantas-y-frutas-de-los-pajaros-imperdible/,Descubre cómo esta red verde de 4x10m protege tus plantas y frutas de los pájaros ¡Imperdible!,8502,3
instrumento musical chucho,mixto,NO,,,,,0
jaula antigua para pajaros,mixto,SI,post,https://avesnativaschilenas.cl/jaulas/accesorios-para-jaulas/,Accesorios para Jaulas de Aves: Todo lo que Necesitas,15289,100
jaula casera para gallinas,mixto,SI,post,https://avesnativaschilenas.cl/jaulas/accesorios-para-jaulas/,Accesorios para Jaulas de Aves: Todo lo que Necesitas,15289,100
jaula codornices ponedoras,mixto,SI,post,https://avesnativaschilenas.cl/jaulas/accesorios-para-jaulas/,Accesorios para Jaulas de Aves: Todo lo que Necesitas,15289,100
jaula con pie para pajaros,mixto,SI,post,https://avesnativaschilenas.cl/jaulas/accesorios-para-jaulas/,Accesorios para Jaulas de Aves: Todo lo que Necesitas,15289,100
jaula criadora de canarios,mixto,SI,post,https://avesnativaschilenas.cl/jaulas/accesorios-para-jaulas/,Accesorios para Jaulas de Aves: Todo lo que Necesitas,15289,100
jaula criadora de pollitos,mixto,SI,post,https://avesnativaschilenas.cl/jaulas/accesorios-para-jaulas/,Accesorios para Jaulas de Aves: Todo lo que Necesitas,15289,100
jaula de concurso canarios,mixto,SI,post,https://avesnativaschilenas.cl/jaulas/accesorios-para-jaulas/,Accesorios para Jaulas de Aves: Todo lo que Necesitas,15289,100
jaula de madera para cuyes,mixto,SI,post,https://avesnativaschilenas.cl/jaulas/accesorios-para-jaulas/,Accesorios para Jaulas de Aves: Todo lo que Necesitas,15289,100
jaula de madera para cuyos,mixto,SI,post,https://avesnativaschilenas.cl/jaulas/accesorios-para-jaulas/,Accesorios para Jaulas de Aves: Todo lo que Necesitas,15289,100
jaula de madera para loros,mixto,SI,post,https://avesnativaschilenas.cl/jaulas/accesorios-para-jaulas/,Accesorios para Jaulas de Aves: Todo lo que Necesitas,15289,100
jaula de pajaros de madera,mixto,SI,post,https://avesnativaschilenas.cl/jaulas/accesorios-para-jaulas/,Accesorios para Jaulas de Aves: Todo lo que Necesitas,15289,100
jaula de pie para canarios,mixto,SI,post,https://avesnativaschilenas.cl/jaulas/accesorios-para-jaulas/,Accesorios para Jaulas de Aves: Todo lo que Necesitas,15289,100
jaula finca melodia grande,mixto,SI,post,https://avesnativaschilenas.cl/jaulas/accesorios-para-jaulas/,Accesorios para Jaulas de Aves: Todo lo que Necesitas,15289,100
jaula fotografica canarios,mixto,SI,post,https://avesnativaschilenas.cl/jaulas/accesorios-para-jaulas/,Accesorios para Jaulas de Aves: Todo lo que Necesitas,15289,100
jaula gigante para pajaros,mixto,SI,post,https://avesnativaschilenas.cl/jaulas/accesorios-para-jaulas/,Accesorios para Jaulas de Aves: Todo lo que Necesitas,15289,100
jaula hamster gran canaria,mixto,SI,post,https://avesnativaschilenas.cl/jaulas/accesorios-para-jaulas/,Accesorios para Jaulas de Aves: Todo lo que Necesitas,15289,100
jaula para atrapar pajaros,mixto,SI,post,https://avesnativaschilenas.cl/jaulas/accesorios-para-jaulas/,Accesorios para Jaulas de Aves: Todo lo que Necesitas,15289,100
jaula para cacatuas ninfas,mixto,SI,post,https://avesnativaschilenas.cl/jaulas/accesorios-para-jaulas/,Accesorios para Jaulas de Aves: Todo lo que Necesitas,15289,100
jaula para canarios precio,comercial,SI,post,https://avesnativaschilenas.cl/jaulas/accesorios-para-jaulas/,Accesorios para Jaulas de Aves: Todo lo que Necesitas,15289,100
jaula para cazar jilgueros,mixto,SI,post,https://avesnativaschilenas.cl/jaulas/accesorios-para-jaulas/,Accesorios para Jaulas de Aves: Todo lo que Necesitas,15289,100
jaula para cobayas 2 pisos,mixto,SI,post,https://avesnativaschilenas.cl/jaulas/accesorios-para-jaulas/,Accesorios para Jaulas de Aves: Todo lo que Necesitas,15289,100
jaula para cobayas baratas,comercial,SI,post,https://avesnativaschilenas.cl/jaulas/accesorios-para-jaulas/,Accesorios para Jaulas de Aves: Todo lo que Necesitas,15289,100
jaula para codorniz precio,comercial,SI,post,https://avesnativaschilenas.cl/jaulas/accesorios-para-jaulas/,Accesorios para Jaulas de Aves: Todo lo que Necesitas,15289,100
jaula para cria de conejos,mixto,SI,post,https://avesnativaschilenas.cl/jaulas/accesorios-para-jaulas/,Accesorios para Jaulas de Aves: Todo lo que Necesitas,15289,100
jaula para criar jilgueros,mixto,SI,post,https://avesnativaschilenas.cl/jaulas/accesorios-para-jaulas/,Accesorios para Jaulas de Aves: Todo lo que Necesitas,15289,100
jaula para cuyos de madera,mixto,SI,post,https://avesnativaschilenas.cl/jaulas/accesorios-para-jaulas/,Accesorios para Jaulas de Aves: Todo lo que Necesitas,15289,100
jaula para mascotas precio,comercial,SI,post,https://avesnativaschilenas.cl/jaulas/accesorios-para-jaulas/,Accesorios para Jaulas de Aves: Todo lo que Necesitas,15289,100
jaula para pajaros baratas,comercial,SI,post,https://avesnativaschilenas.cl/jaulas/accesorios-para-jaulas/,Accesorios para Jaulas de Aves: Todo lo que Necesitas,15289,100
jaula para pajaros redonda,mixto,SI,post,https://avesnativaschilenas.cl/jaulas/accesorios-para-jaulas/,Accesorios para Jaulas de Aves: Todo lo que Necesitas,15289,100
jaula para pajaros vintage,mixto,SI,post,https://avesnativaschilenas.cl/jaulas/accesorios-para-jaulas/,Accesorios para Jaulas de Aves: Todo lo que Necesitas,15289,100
jaula para pericos grandes,mixto,SI,post,https://avesnativaschilenas.cl/jaulas/accesorios-para-jaulas/,Accesorios para Jaulas de Aves: Todo lo que Necesitas,15289,100
jaula para pollitos casera,mixto,SI,post,https://avesnativaschilenas.cl/jaulas/accesorios-para-jaulas/,Accesorios para Jaulas de Aves: Todo lo que Necesitas,15289,100
jaula para pollos de pelea,mixto,SI,post,https://avesnativaschilenas.cl/jaulas/accesorios-para-jaulas/,Accesorios para Jaulas de Aves: Todo lo que Necesitas,15289,100
jaula para pájaros sodimac,mixto,SI,post,https://avesnativaschilenas.cl/jaulas/accesorios-para-jaulas/,Accesorios para Jaulas de Aves: Todo lo que Necesitas,15289,100
jaula pequeña para hamster,mixto,SI,post,https://avesnativaschilenas.cl/jaulas/accesorios-para-jaulas/,Accesorios para Jaulas de Aves: Todo lo que Necesitas,15289,100
jaula pequeña para pajaros,mixto,SI,post,https://avesnativaschilenas.cl/jaulas/accesorios-para-jaulas/,Accesorios para Jaulas de Aves: Todo lo que Necesitas,15289,100
jaula pericos australianos,mixto,SI,post,https://avesnativaschilenas.cl/jaulas/accesorios-para-jaulas/,Accesorios para Jaulas de Aves: Todo lo que Necesitas,15289,100
jaula pájaros segunda mano,comercial,SI,post,https://avesnativaschilenas.cl/jaulas/accesorios-para-jaulas/,Accesorios para Jaulas de Aves: Todo lo que Necesitas,15289,100
jaula redonda para pajaros,mixto,SI,post,https://avesnativaschilenas.cl/jaulas/accesorios-para-jaulas/,Accesorios para Jaulas de Aves: Todo lo que Necesitas,15289,100
jaula trampa para perdices,mixto,SI,post,https://avesnativaschilenas.cl/jaulas/accesorios-para-jaulas/,Accesorios para Jaulas de Aves: Todo lo que Necesitas,15289,100
jaulas c2 acero inoxidable,mixto,SI,post,https://avesnativaschilenas.cl/jaulas/accesorios-para-jaulas/,Accesorios para Jaulas de Aves: Todo lo que Necesitas,15289,100
jaulas canarios exposicion,mixto,SI,post,https://avesnativaschilenas.cl/jaulas/accesorios-para-jaulas/,Accesorios para Jaulas de Aves: Todo lo que Necesitas,15289,100
jaulas caseras para ninfas,mixto,SI,post,https://avesnativaschilenas.cl/jaulas/accesorios-para-jaulas/,Accesorios para Jaulas de Aves: Todo lo que Necesitas,15289,100
jaulas de canarios baratas,comercial,SI,post,https://avesnativaschilenas.cl/jaulas/accesorios-para-jaulas/,Accesorios para Jaulas de Aves: Todo lo que Necesitas,15289,100
jaulas de gallina ponedora,mixto,SI,post,https://avesnativaschilenas.cl/jaulas/accesorios-para-jaulas/,Accesorios para Jaulas de Aves: Todo lo que Necesitas,15289,100
jaulas de gallos de madera,mixto,SI,post,https://avesnativaschilenas.cl/jaulas/accesorios-para-jaulas/,Accesorios para Jaulas de Aves: Todo lo que Necesitas,15289,100
jaulas de hamsters grandes,mixto,SI,post,https://avesnativaschilenas.cl/jaulas/accesorios-para-jaulas/,Accesorios para Jaulas de Aves: Todo lo que Necesitas,15289,100
jaulas de vidrio para aves,mixto,SI,post,https://avesnativaschilenas.cl/jaulas/accesorios-para-jaulas/,Accesorios para Jaulas de Aves: Todo lo que Necesitas,15289,100
jaulas decorativas baratas,comercial,SI,post,https://avesnativaschilenas.cl/jaulas/accesorios-para-jaulas/,Accesorios para Jaulas de Aves: Todo lo que Necesitas,15289,100
jaulas dobles para pajaros,mixto,SI,post,https://avesnativaschilenas.cl/jaulas/accesorios-para-jaulas/,Accesorios para Jaulas de Aves: Todo lo que Necesitas,15289,100
jaulas para aves guatemala,mixto,SI,post,https://avesnativaschilenas.cl/jaulas/accesorios-para-jaulas/,Accesorios para Jaulas de Aves: Todo lo que Necesitas,15289,100
jaulas para cobayos usadas,comercial,SI,post,https://avesnativaschilenas.cl/jaulas/accesorios-para-jaulas/,Accesorios para Jaulas de Aves: Todo lo que Necesitas,15289,100
jaulas para criar canarios,mixto,SI,post,https://avesnativaschilenas.cl/jaulas/accesorios-para-jaulas/,Accesorios para Jaulas de Aves: Todo lo que Necesitas,15289,100
jaulas para criar gallinas,mixto,SI,post,https://avesnativaschilenas.cl/jaulas/accesorios-para-jaulas/,Accesorios para Jaulas de Aves: Todo lo que Necesitas,15289,100
jaulas para criar pollitos,mixto,SI,post,https://avesnativaschilenas.cl/jaulas/accesorios-para-jaulas/,Accesorios para Jaulas de Aves: Todo lo que Necesitas,15289,100
jaulas para erizos grandes,mixto,SI,post,https://avesnativaschilenas.cl/jaulas/accesorios-para-jaulas/,Accesorios para Jaulas de Aves: Todo lo que Necesitas,15289,100
jaulas para hamster precio,comercial,SI,post,https://avesnativaschilenas.cl/jaulas/accesorios-para-jaulas/,Accesorios para Jaulas de Aves: Todo lo que Necesitas,15289,100
jaulas para iguanas verdes,mixto,SI,post,https://avesnativaschilenas.cl/jaulas/accesorios-para-jaulas/,Accesorios para Jaulas de Aves: Todo lo que Necesitas,15289,100
jaulas para jerbos baratas,comercial,SI,post,https://avesnativaschilenas.cl/jaulas/accesorios-para-jaulas/,Accesorios para Jaulas de Aves: Todo lo que Necesitas,15289,100
jaulas para ninfas baratas,comercial,SI,post,https://avesnativaschilenas.cl/jaulas/accesorios-para-jaulas/,Accesorios para Jaulas de Aves: Todo lo que Necesitas,15289,100
jaulas para ninfas caseras,mixto,SI,post,https://avesnativaschilenas.cl/jaulas/accesorios-para-jaulas/,Accesorios para Jaulas de Aves: Todo lo que Necesitas,15289,100
jaulas para pajaros chicas,mixto,SI,post,https://avesnativaschilenas.cl/jaulas/accesorios-para-jaulas/,Accesorios para Jaulas de Aves: Todo lo que Necesitas,15289,100
jaulas para pajaros dobles,mixto,SI,post,https://avesnativaschilenas.cl/jaulas/accesorios-para-jaulas/,Accesorios para Jaulas de Aves: Todo lo que Necesitas,15289,100
jaulas para pericos usadas,comercial,SI,post,https://avesnativaschilenas.cl/jaulas/accesorios-para-jaulas/,Accesorios para Jaulas de Aves: Todo lo que Necesitas,15289,100
jaulas para pericos verdes,mixto,SI,post,https://avesnativaschilenas.cl/jaulas/accesorios-para-jaulas/,Accesorios para Jaulas de Aves: Todo lo que Necesitas,15289,100
jaulas para pollos caseras,mixto,SI,post,https://avesnativaschilenas.cl/jaulas/accesorios-para-jaulas/,Accesorios para Jaulas de Aves: Todo lo que Necesitas,15289,100
jaulas para pollos precios,comercial,SI,post,https://avesnativaschilenas.cl/jaulas/accesorios-para-jaulas/,Accesorios para Jaulas de Aves: Todo lo que Necesitas,15289,100
jaulas pequeñas para loros,mixto,SI,post,https://avesnativaschilenas.cl/jaulas/accesorios-para-jaulas/,Accesorios para Jaulas de Aves: Todo lo que Necesitas,15289,100
jose dagoberto diaz aguila,mixto,NO,,,,,1
juguete de pajaro en jaula,mixto,SI,post,https://avesnativaschilenas.cl/jaulas/accesorios-para-jaulas/,Accesorios para Jaulas de Aves: Todo lo que Necesitas,15289,100
la importancia de las aves,mixto,SI,post,https://avesnativaschilenas.cl/blog/importancia-de-las-aves-en-chile/,Importancia de las aves en Chile: su rol en los ecosistemas y la conservacion nacional,15082,5
las gaviotas comen palomas,mixto,SI/Parcial,post,https://avesnativaschilenas.cl/cuidados/enfermedades-de-las-palomas-y-limpieza-de-heces/,"Las palomas transmiten enfermedades? Mitos, riesgos reales y limpieza segura",15090,2
las golondrinas transporte,mixto,SI/Parcial,post,https://avesnativaschilenas.cl/migratorias/golondrina/cual-es-la-hora-en-que-ocurre-la-magia-de-las-golondrinas/,cuál es la hora en que ocurre la magia de las golondrinas,9438,2
las mejores aves del mundo,comercial,SI,post,https://avesnativaschilenas.cl/blog/innovadoras-soluciones-para-proteger-a-las-aves-ante-el-cambio-climatico/,Descubre las Mejores Innovaciones para Salvar a las Aves del Cambio Climático,6157,4
lomas del mar las gaviotas,mixto,SI,post,https://avesnativaschilenas.cl/gaviotas/historia-cultural-de-las-gaviotas-simbolos-de-libertad-y-mar/,Historia Cultural de las Gaviotas: Símbolos de Libertad y Mar,9747,3
loro amazonas ochrocephala,navegacional,SI,post,https://avesnativaschilenas.cl/jaulas/para-loros/descubre-el-secreto-para-mantener-la-jaula-de-tu-loro-siempre-limpia-y-fresca/,¡Descubre el secreto para mantener la jaula de tu loro siempre limpia y fresca!,8533,100
loro arcoiris alimentacion,informacional,SI,post,https://avesnativaschilenas.cl/jaulas/para-loros/descubre-el-secreto-para-mantener-la-jaula-de-tu-loro-siempre-limpia-y-fresca/,¡Descubre el secreto para mantener la jaula de tu loro siempre limpia y fresca!,8533,100
loro palencano cabeza azul,mixto,SI,post,https://avesnativaschilenas.cl/jaulas/para-loros/descubre-el-secreto-para-mantener-la-jaula-de-tu-loro-siempre-limpia-y-fresca/,¡Descubre el secreto para mantener la jaula de tu loro siempre limpia y fresca!,8533,100
loro real amazónico precio,navegacional,SI,post,https://avesnativaschilenas.cl/jaulas/para-loros/descubre-el-secreto-para-mantener-la-jaula-de-tu-loro-siempre-limpia-y-fresca/,¡Descubre el secreto para mantener la jaula de tu loro siempre limpia y fresca!,8533,100
mejor alimento para gallos,comercial,SI,post,https://avesnativaschilenas.cl/jaulas/para-gallinas-ponedoras/,Jaulas para Gallinas Ponedoras: Guia de Compra 2026,15281,100
mejor jaula para agapornis,comercial,SI,post,https://avesnativaschilenas.cl/jaulas/accesorios-para-jaulas/,Accesorios para Jaulas de Aves: Todo lo que Necesitas,15289,100
mejores pajaros de mascota,comercial,SI,post,https://avesnativaschilenas.cl/jaulas/accesorios/descubre-por-que-la-bandeja-yarnow-para-pajaros-transformara-el-cuidado-de-tu-mascota/,Descubre por qué la bandeja YARNOW para pájaros transformará el cuidado de tu mascota,8623,3
modelo de jaula para loros,mixto,SI,post,https://avesnativaschilenas.cl/jaulas/accesorios-para-jaulas/,Accesorios para Jaulas de Aves: Todo lo que Necesitas,15289,100
nido de barro para palomas,mixto,SI,post,https://avesnativaschilenas.cl/jaulas/nidos-para-aves/,"Nidos para Aves: Tipos, Materiales y Como Elegir el Mejor",15288,100
nidos caseros para palomas,mixto,SI,post,https://avesnativaschilenas.cl/jaulas/nidos-para-aves/,"Nidos para Aves: Tipos, Materiales y Como Elegir el Mejor",15288,100
nidos colgantes de pajaros,mixto,SI,post,https://avesnativaschilenas.cl/jaulas/nidos-para-aves/,"Nidos para Aves: Tipos, Materiales y Como Elegir el Mejor",15288,100
nidos de pajaros colgantes,mixto,SI,post,https://avesnativaschilenas.cl/jaulas/nidos-para-aves/,"Nidos para Aves: Tipos, Materiales y Como Elegir el Mejor",15288,100
nombre de pajaros exoticos,mixto,SI,post,https://avesnativaschilenas.cl/nidos/descubre-el-paraiso-para-tus-pajaros-exoticos-nido-de-bambu-kerbl-solo-por-tiempo-limitado/,"¡Descubre el paraíso para tus pájaros exóticos! Nido de bambú Kerbl, solo por tiempo limitado.",8302,3
nombre de pajaros pequeños,mixto,SI,post,https://avesnativaschilenas.cl/jaulas/portatiles/descubre-la-jaula-de-pajaros-perfecta-ideal-para-animales-pequenos-y-aventura-al-aire-libre/,¡Descubre la Jaula de Pájaros Perfecta! Ideal para Animales Pequeños y Aventura al Aire Libre,8108,3
nombre de pájaros exóticos,mixto,SI,post,https://avesnativaschilenas.cl/nidos/descubre-el-paraiso-para-tus-pajaros-exoticos-nido-de-bambu-kerbl-solo-por-tiempo-limitado/,"¡Descubre el paraíso para tus pájaros exóticos! Nido de bambú Kerbl, solo por tiempo limitado.",8302,3
nombre para pájaros machos,mixto,SI/Parcial,post,https://avesnativaschilenas.cl/jaulas/voladeras/,Voladeras para Aves: Como Elegir la Mejor para tus Pajaros,15277,2
nombres de aves domésticas,mixto,SI,post,https://avesnativaschilenas.cl/cuidados/sintomas-de-enfermedades-comunes-en-aves-domesticas/,Guía Completa sobre los Síntomas de Enfermedades Comunes en Aves Domésticas: Cómo Identificarlos y Actuar a Tiempo,6537,3
nombres de aves tropicales,mixto,SI/Parcial,post,https://avesnativaschilenas.cl/jaulas/accesorios-para-jaulas/,Accesorios para Jaulas de Aves: Todo lo que Necesitas,15289,2
nombres de pájaros comunes,mixto,SI/Parcial,post,https://avesnativaschilenas.cl/rapaces/lechuza/pajaros-blancos-que-vuelan-de-noche/,5 Fascinantes Pájaros Blancos que Vuelan de Noche,11061,2
nombres de pájaros famosos,mixto,SI/Parcial,post,https://avesnativaschilenas.cl/rapaces/lechuza/pajaros-blancos-que-vuelan-de-noche/,5 Fascinantes Pájaros Blancos que Vuelan de Noche,11061,2
osvaldo zotto y mora godoy,mixto,NO,,,,,1
pajarito de colores nombre,mixto,SI/Parcial,post,https://avesnativaschilenas.cl/fardela/fardela-heraldica/,Fardela heráldica: el petrel de tres colores de Rapa Nui,14188,2
pajaritos del amor colores,mixto,NO,,,,,1
pajaro carroñero argentino,mixto,NO,,,,,1
pajaro mas lindo del mundo,mixto,SI,post,https://avesnativaschilenas.cl/blog/cual-es-el-ave-con-el-pico-mas-largo-del-mundo/,cual es el ave con el pico mas largo del mundo,9428,3
pajaro san martin pescador,mixto,SI/Parcial,page,https://avesnativaschilenas.cl/martin-pescador/,"Martín pescador Chileno: hábitat, alimentación y curiosidades de un tesoro acuatico",9858,2
pajaros amarillos con rojo,mixto,SI/Parcial,post,https://avesnativaschilenas.cl/uncategorized/como-transforme-mi-jardin-en-un-refugio-para-aves-y-tu-tambien-puedes/,Cómo Atraer Pájaros a tu Jardín con Nidos Colgantes: La Guía Completa para Crear un Paraíso Aviar,11064,2
pajaros amarillos pequeños,mixto,SI/Parcial,post,https://avesnativaschilenas.cl/jilguero/nombres-para-pajaros-amarillos/,50 Nombres Creativos para tus Pájaros Amarillos,11055,2
pajaros argentinos nombres,mixto,SI/Parcial,post,https://avesnativaschilenas.cl/jilguero/nombres-para-pajaros-amarillos/,50 Nombres Creativos para tus Pájaros Amarillos,11055,2
pajaros coloridos imagenes,mixto,SI/Parcial,post,https://avesnativaschilenas.cl/nidos/descubre-las-encantadoras-casas-de-pajaros-para-tu-jardin-y-atrae-coloridos-visitantes/,¡Descubre las encantadoras casas de pájaros para tu jardín y atrae coloridos visitantes!,7478,2
pajaros de colores nombres,mixto,SI/Parcial,post,https://avesnativaschilenas.cl/fardela/fardela-heraldica/,Fardela heráldica: el petrel de tres colores de Rapa Nui,14188,2
pajaros del norte de chile,mixto,SI,post,https://avesnativaschilenas.cl/jaulas/marcas/descubre-la-increible-jaula-de-pajaros-yardwe-protege-a-tu-loro-del-sol-con-estilo-europeo/,Descubre la increíble Jaula de Pájaros Yardwe: ¡Protege a tu loro del sol con estilo europeo!,7729,3
pajaros endemicos de chile,mixto,SI,post,https://avesnativaschilenas.cl/libros/descubre-los-secretos-de-avitopia-los-pajaros-de-chile-te-sorprenderan/,Descubre los secretos de AVITOPIA: ¡Los pájaros de Chile te sorprenderán!,7243,3
pajaros exoticos del mundo,mixto,SI/Parcial,post,https://avesnativaschilenas.cl/blog/cual-es-el-ave-con-el-pico-mas-largo-del-mundo/,cual es el ave con el pico mas largo del mundo,9428,2
pajaros extraños del mundo,mixto,SI/Parcial,post,https://avesnativaschilenas.cl/blog/cual-es-el-ave-con-el-pico-mas-largo-del-mundo/,cual es el ave con el pico mas largo del mundo,9428,2
pajaros grandes de colores,mixto,SI,post,https://avesnativaschilenas.cl/nidos/descubre-el-corazon-animal-salvaje-la-casa-de-pajaros-que-tus-grandes-tetas-y-compania-adoran/,¡Descubre el corazón Animal Salvaje: la casa de pájaros que tus grandes tetas y compañía adoran!,8509,3
pajaros hermosos del mundo,mixto,SI/Parcial,post,https://avesnativaschilenas.cl/blog/cual-es-el-ave-con-el-pico-mas-largo-del-mundo/,cual es el ave con el pico mas largo del mundo,9428,2
pajaros para criar en casa,mixto,SI,post,https://avesnativaschilenas.cl/nidos/descubre-la-magica-casa-de-aves-perfecta-para-criar-pajaros-en-tu-jardin-sorprendete-ya/,Descubre la mágica casa de aves perfecta para criar pájaros en tu jardín: ¡Sorpréndete ya!,7731,5
pajaros pericos de colores,mixto,SI,post,https://avesnativaschilenas.cl/jaulas/para-periquitos/,Jaulas para Periquitos: Guia de Compra Completa 2026,15284,100
pajaros silvestres nombres,mixto,SI/Parcial,post,https://avesnativaschilenas.cl/jilguero/nombres-para-pajaros-amarillos/,50 Nombres Creativos para tus Pájaros Amarillos,11055,2
pajaros tropicales nombres,mixto,SI/Parcial,post,https://avesnativaschilenas.cl/jilguero/nombres-para-pajaros-amarillos/,50 Nombres Creativos para tus Pájaros Amarillos,11055,2
paloma pichon alimentacion,informacional,SI/Parcial,post,https://avesnativaschilenas.cl/cuidados/como-darle-de-comer-a-un-pichon-de-paloma/,Como alimentar a un pichon de paloma: guia segura paso a paso,9458,2
para ahuyentar las palomas,mixto,SI/Parcial,post,https://avesnativaschilenas.cl/cuidados/enfermedades-de-las-palomas-y-limpieza-de-heces/,"Las palomas transmiten enfermedades? Mitos, riesgos reales y limpieza segura",15090,2
pasta de cria para pajaros,mixto,SI,post,https://avesnativaschilenas.cl/nidos/descubre-el-refugio-perfecto-la-caja-de-cria-para-pajaros-que-transformara-tu-hogar/,Descubre el refugio perfecto: ¡La caja de cría para pájaros que transformará tu hogar!,7293,4
perdix perdix hispaniensis,mixto,NO,,,,,0
perico australiano colores,mixto,SI,post,https://avesnativaschilenas.cl/jaulas/para-periquitos/,Jaulas para Periquitos: Guia de Compra Completa 2026,15284,100
periquito amarillo y verde,mixto,SI,post,https://avesnativaschilenas.cl/jaulas/para-periquitos/,Jaulas para Periquitos: Guia de Compra Completa 2026,15284,100
periquito australiano rojo,mixto,SI,post,https://avesnativaschilenas.cl/jaulas/para-periquitos/,Jaulas para Periquitos: Guia de Compra Completa 2026,15284,100
periquito de bourke precio,comercial,SI,post,https://avesnativaschilenas.cl/jaulas/para-periquitos/,Jaulas para Periquitos: Guia de Compra Completa 2026,15284,100
periquito verde y amarillo,mixto,SI,post,https://avesnativaschilenas.cl/jaulas/para-periquitos/,Jaulas para Periquitos: Guia de Compra Completa 2026,15284,100
popo de pajaro en el carro,mixto,SI,post,https://avesnativaschilenas.cl/fardela/fardela-de-phoenix/,Fardela de Phoenix: el petrel blanquinegro en peligro de extinción,14189,3
precio de codornices vivas,comercial,SI,post,https://avesnativaschilenas.cl/jaulas/para-gallinas-ponedoras/,Jaulas para Gallinas Ponedoras: Guia de Compra 2026,15281,100
precio de halcón peregrino,comercial,SI,post,https://avesnativaschilenas.cl/blog/por-que-esta-en-peligro-de-extincion-el-halcon-peregrino/,por qué está en peligro de extincion el halcón peregrino,9157,3
precio de jaulas para aves,comercial,SI,post,https://avesnativaschilenas.cl/jaulas/accesorios-para-jaulas/,Accesorios para Jaulas de Aves: Todo lo que Necesitas,15289,100
precio de los pavos reales,comercial,SI/Parcial,post,https://avesnativaschilenas.cl/cuidados/enfermedades-de-las-palomas-y-limpieza-de-heces/,"Las palomas transmiten enfermedades? Mitos, riesgos reales y limpieza segura",15090,2
precio de un gallo criollo,comercial,SI,post,https://avesnativaschilenas.cl/jaulas/para-gallinas-ponedoras/,Jaulas para Gallinas Ponedoras: Guia de Compra 2026,15281,100
promotor l para aves dosis,mixto,SI/Parcial,post,https://avesnativaschilenas.cl/jaulas/accesorios-para-jaulas/,Accesorios para Jaulas de Aves: Todo lo que Necesitas,15289,2
puerta trampa para palomas,mixto,SI/Parcial,post,https://avesnativaschilenas.cl/jaulas/portatiles/descubre-la-jaula-plegable-perfecta-para-tus-mascotas-ideal-para-viajar-con-palomas-y-conejos/,Descubre la jaula plegable perfecta para tus mascotas: ¡ideal para viajar con palomas y conejos!,8605,2
purina alimentos para aves,mixto,SI/Parcial,post,https://avesnativaschilenas.cl/jaulas/accesorios-para-jaulas/,Accesorios para Jaulas de Aves: Todo lo que Necesitas,15289,2
pájaros bonitos de colores,mixto,SI/Parcial,post,https://avesnativaschilenas.cl/fardela/fardela-heraldica/,Fardela heráldica: el petrel de tres colores de Rapa Nui,14188,2
pájaros domésticos precios,comercial,SI/Parcial,post,https://avesnativaschilenas.cl/blog/pajaros-domesticos-pequenos/,pájaros domésticos pequeños,10416,2
pájaros para tener en casa,mixto,SI,post,https://avesnativaschilenas.cl/cuidados/cual-es-el-mejor-pajaro-para-tener-en-casa/,cuál es el mejor pájaro para tener en casa,9452,4
pájaros pequeños para casa,mixto,SI,post,https://avesnativaschilenas.cl/nidos/descubre-la-casa-perfecta-para-colibries-4-nidos-de-hierba-tejidos-a-mano-que-encantaran-a-tus-pajaros-pequenos/,¡Descubre la Casa Perfecta para Colibríes! 4 Nidos de Hierba Tejidos a Mano que Encantarán a tus Pájaros Pequeños,7504,4
pájaros tropicales nombres,mixto,SI/Parcial,post,https://avesnativaschilenas.cl/jilguero/nombres-para-pajaros-amarillos/,50 Nombres Creativos para tus Pájaros Amarillos,11055,2
que come una codorniz bebe,mixto,SI,post,https://avesnativaschilenas.cl/jaulas/para-gallinas-ponedoras/,Jaulas para Gallinas Ponedoras: Guia de Compra 2026,15281,100
rascaderos de 75x75 precio,comercial,NO,,,,,1
rascaderos para gallos 1x1,mixto,SI,post,https://avesnativaschilenas.cl/jaulas/para-gallinas-ponedoras/,Jaulas para Gallinas Ponedoras: Guia de Compra 2026,15281,100
raza de pajaros domesticos,mixto,SI/Parcial,post,https://avesnativaschilenas.cl/rapaces/lechuza/pajaros-blancos-que-vuelan-de-noche/,5 Fascinantes Pájaros Blancos que Vuelan de Noche,11061,2
repuestos para incubadoras,mixto,NO,,,,,1
ruedas para jaulas grandes,mixto,SI,post,https://avesnativaschilenas.cl/jaulas/accesorios-para-jaulas/,Accesorios para Jaulas de Aves: Todo lo que Necesitas,15289,100
tener un cuervo de mascota,mixto,SI,post,https://avesnativaschilenas.cl/blog/que-aves-se-pueden-tener-de-mascota-en-argentina/,que aves se pueden tener de mascota en argentina,10418,3
tienda de aves en santiago,comercial,SI,post,https://avesnativaschilenas.cl/blog/importancia-de-las-aves-en-chile/,Importancia de las aves en Chile: su rol en los ecosistemas y la conservacion nacional,15082,3
tipo de aves y sus nombres,mixto,SI,post,https://avesnativaschilenas.cl/cuidados/tipo-de-alimentacion-de-las-aves/,Descubre los Tipos de Alimentación de las Aves: Guía Completa para Entender sus Dietas,11359,4
tipo de pajaros domesticos,mixto,SI/Parcial,post,https://avesnativaschilenas.cl/cuidados/tipo-de-alimentacion-de-las-aves/,Descubre los Tipos de Alimentación de las Aves: Guía Completa para Entender sus Dietas,11359,2
tipos de aves depredadoras,informacional,SI,post,https://avesnativaschilenas.cl/cuidados/tipo-de-alimentacion-de-las-aves/,Descubre los Tipos de Alimentación de las Aves: Guía Completa para Entender sus Dietas,11359,3
tipos de aves en argentina,informacional,SI,post,https://avesnativaschilenas.cl/blog/que-aves-se-pueden-tener-de-mascota-en-argentina/,que aves se pueden tener de mascota en argentina,10418,4
tipos de codorniz ponedora,informacional,SI,post,https://avesnativaschilenas.cl/jaulas/para-gallinas-ponedoras/,Jaulas para Gallinas Ponedoras: Guia de Compra 2026,15281,100
tipos de halcones pequeños,informacional,SI,post,https://avesnativaschilenas.cl/rapaces/buhos/,Descubre los diferentes tipos de búhos pequeños: guía completa,2254,3
tipos de pajaros chiquitos,informacional,SI/Parcial,post,https://avesnativaschilenas.cl/acuaticas/patos-chilenos/,"Patos de Chile: Tipos, Especies y Guia de Identificacion",15251,2
tipos de pajaros de ciudad,informacional,SI/Parcial,post,https://avesnativaschilenas.cl/acuaticas/patos-chilenos/,"Patos de Chile: Tipos, Especies y Guia de Identificacion",15251,2
tipos de pajaros en mexico,informacional,SI,post,https://avesnativaschilenas.cl/blog/que-significa-la-presencia-de-pajaros-en-tu-casa/,qué significa la presencia de pájaros en tu casa,9405,3
tipos de pájaros amarillos,informacional,SI/Parcial,post,https://avesnativaschilenas.cl/acuaticas/patos-chilenos/,"Patos de Chile: Tipos, Especies y Guia de Identificacion",15251,2
todas las aves son pájaros,mixto,SI,post,https://avesnativaschilenas.cl/rapaces/que-tan-monogamas-son-las-aves-rapaces-en-chile/,Qué tan monógamas son las aves rapaces en Chile,9759,3
todas las especies de aves,informacional,SI,post,https://avesnativaschilenas.cl/marina/ave-marina-que-escoge-pareja-para-toda-la-vida/,La fidelidad en las aves marinas: ¿por qué muchas especies eligen una sola pareja de por vida?,8852,4
todos los tipos de pajaros,informacional,SI,post,https://avesnativaschilenas.cl/cuidados/tipo-de-alimentacion-de-las-aves/,Descubre los Tipos de Alimentación de las Aves: Guía Completa para Entender sus Dietas,11359,3
trampa casera para palomas,mixto,SI/Parcial,post,https://avesnativaschilenas.cl/jaulas/portatiles/descubre-la-jaula-plegable-perfecta-para-tus-mascotas-ideal-para-viajar-con-palomas-y-conejos/,Descubre la jaula plegable perfecta para tus mascotas: ¡ideal para viajar con palomas y conejos!,8605,2
trampas para cazar palomas,mixto,SI/Parcial,post,https://avesnativaschilenas.cl/jaulas/portatiles/descubre-la-jaula-plegable-perfecta-para-tus-mascotas-ideal-para-viajar-con-palomas-y-conejos/,Descubre la jaula plegable perfecta para tus mascotas: ¡ideal para viajar con palomas y conejos!,8605,2
transportin para guacamayo,mixto,SI,post,https://avesnativaschilenas.cl/jaulas/para-loros/descubre-el-secreto-para-mantener-la-jaula-de-tu-loro-siempre-limpia-y-fresca/,¡Descubre el secreto para mantener la jaula de tu loro siempre limpia y fresca!,8533,100
un colibri entro a mi casa,mixto,SI,post,https://avesnativaschilenas.cl/uncategorized/como-transforme-mi-jardin-en-un-refugio-para-aves-y-tu-tambien-puedes/,Cómo Atraer Pájaros a tu Jardín con Nidos Colgantes: La Guía Completa para Crear un Paraíso Aviar,11064,3
venta codornices ponedoras,comercial,SI,post,https://avesnativaschilenas.cl/jaulas/para-gallinas-ponedoras/,Jaulas para Gallinas Ponedoras: Guia de Compra 2026,15281,100
venta de aves en la serena,comercial,SI,post,https://avesnativaschilenas.cl/blog/importancia-de-las-aves-en-chile/,Importancia de las aves en Chile: su rol en los ecosistemas y la conservacion nacional,15082,4
venta de aves ornamentales,comercial,SI/Parcial,post,https://avesnativaschilenas.cl/jaulas/accesorios-para-jaulas/,Accesorios para Jaulas de Aves: Todo lo que Necesitas,15289,2
venta de codornices chinas,comercial,SI,post,https://avesnativaschilenas.cl/jaulas/para-gallinas-ponedoras/,Jaulas para Gallinas Ponedoras: Guia de Compra 2026,15281,100
venta de diamante mandarin,comercial,SI,post,https://avesnativaschilenas.cl/cuidados/guia-completa-para-el-cuidado-de-tu-diamante-mandarin-primeros-pasos-esenciales-para-asegurar-su-bienestar/,Guía Completa para el Cuidado de tu Diamante Mandarín: Primeros Pasos Esenciales para Asegurar su Bienestar,7383,3
venta de faisanes en chile,comercial,SI,post,https://avesnativaschilenas.cl/blog/palomas-urbanas-problema-salud-publica-chile/,Palomas urbanas en Chile: un problema de salud publica y como controlarlas,15094,3
venta de huevo de codorniz,comercial,SI,post,https://avesnativaschilenas.cl/jaulas/para-gallinas-ponedoras/,Jaulas para Gallinas Ponedoras: Guia de Compra 2026,15281,100
venta de jaulas de pajaros,comercial,SI,post,https://avesnativaschilenas.cl/jaulas/accesorios-para-jaulas/,Accesorios para Jaulas de Aves: Todo lo que Necesitas,15289,100
venta de nidos para ninfas,comercial,SI,post,https://avesnativaschilenas.cl/jaulas/para-ninfas/,Jaulas para Ninfas (Cockatiel): Guia de Compra y Medidas Ideales,15285,100
versiculo como las aguilas,informacional,SI,post,https://avesnativaschilenas.cl/rapaces/como-las-aguilas-ensenan-a-volar-a-sus-crias/,como las águilas enseñan a volar a sus crías,9353,3
versículo como las águilas,informacional,SI,post,https://avesnativaschilenas.cl/rapaces/como-las-aguilas-ensenan-a-volar-a-sus-crias/,como las águilas enseñan a volar a sus crías,9353,3
viñas del mar las gaviotas,mixto,SI,post,https://avesnativaschilenas.cl/gaviotas/historia-cultural-de-las-gaviotas-simbolos-de-libertad-y-mar/,Historia Cultural de las Gaviotas: Símbolos de Libertad y Mar,9747,3
zorzal pichon alimentacion,informacional,SI/Parcial,post,https://avesnativaschilenas.cl/terrestres/zorzal/zorzal-colorado/,"Zorzal Colorado (Turdus rufiventris): Hábitat, Alimentación, Canto y Simbología",9556,2
águila bicéfala franquista,mixto,NO,,,,,1
arboles endémicos de chile,mixto,SI/Parcial,post,https://avesnativaschilenas.cl/acuaticas/patos-chilenos/,"Patos de Chile: Tipos, Especies y Guia de Identificacion",15251,2
aves de chile zona central,mixto,SI,post,https://avesnativaschilenas.cl/blog/importancia-de-las-aves-en-chile/,Importancia de las aves en Chile: su rol en los ecosistemas y la conservacion nacional,15082,3
caracteristicas del aguila,informacional,SI/Parcial,post,https://avesnativaschilenas.cl/terrestres/chincol/,"Chincol: Caracteristicas, Habitat y Canto del Zonotrichia capensis [Chile]",15248,2
caracteristicas del condor,informacional,SI/Parcial,post,https://avesnativaschilenas.cl/terrestres/chincol/,"Chincol: Caracteristicas, Habitat y Canto del Zonotrichia capensis [Chile]",15248,2
características del cóndor,informacional,SI/Parcial,post,https://avesnativaschilenas.cl/terrestres/chincol/,"Chincol: Caracteristicas, Habitat y Canto del Zonotrichia capensis [Chile]",15248,2
características del águila,informacional,SI/Parcial,post,https://avesnativaschilenas.cl/terrestres/chincol/,"Chincol: Caracteristicas, Habitat y Canto del Zonotrichia capensis [Chile]",15248,2
jaulas para pájaros usadas,comercial,SI,post,https://avesnativaschilenas.cl/jaulas/accesorios-para-jaulas/,Accesorios para Jaulas de Aves: Todo lo que Necesitas,15289,100
jaulas usadas para pajaros,comercial,SI,post,https://avesnativaschilenas.cl/jaulas/accesorios-para-jaulas/,Accesorios para Jaulas de Aves: Todo lo que Necesitas,15289,100
pajaros zona central chile,mixto,SI/Parcial,post,https://avesnativaschilenas.cl/blog/animales-en-peligro-de-extincion-en-chile-zona-centro/,animales en peligro de extinción en chile zona centro,9365,2
sonido de pajaros chilenos,mixto,SI,post,https://avesnativaschilenas.cl/jaulas/nidos-para-aves/,"Nidos para Aves: Tipos, Materiales y Como Elegir el Mejor",15288,100
accesorios jaula periquitos,mixto,SI,post,https://avesnativaschilenas.cl/jaulas/accesorios-para-jaulas/,Accesorios para Jaulas de Aves: Todo lo que Necesitas,15289,100
accesorios para incubadoras,mixto,SI,post,https://avesnativaschilenas.cl/jaulas/accesorios-para-jaulas/,Accesorios para Jaulas de Aves: Todo lo que Necesitas,15289,100
aguila calva estados unidos,mixto,SI,post,https://avesnativaschilenas.cl/jaulas/nidos-para-aves/,"Nidos para Aves: Tipos, Materiales y Como Elegir el Mejor",15288,100
alambre para jaulas pajaros,mixto,SI,post,https://avesnativaschilenas.cl/jaulas/accesorios-para-jaulas/,Accesorios para Jaulas de Aves: Todo lo que Necesitas,15289,100
alas de aguila en la biblia,mixto,SI,post,https://avesnativaschilenas.cl/aguilas/caracteristicas-de-las-aguilas-segun-la-biblia/,El Aguila en la Biblia: significado espiritual y versiculos clave,1857,5
alimentacion de los pajaros,informacional,SI,post,https://avesnativaschilenas.cl/cuidados/tipo-de-alimentacion-de-las-aves/,Descubre los Tipos de Alimentación de las Aves: Guía Completa para Entender sus Dietas,11359,3
alimentacion para agapornis,informacional,SI,post,https://avesnativaschilenas.cl/jaulas/para-loros/descubre-el-secreto-para-mantener-la-jaula-de-tu-loro-siempre-limpia-y-fresca/,¡Descubre el secreto para mantener la jaula de tu loro siempre limpia y fresca!,8533,100
alimentación de los pericos,informacional,SI,post,https://avesnativaschilenas.cl/jaulas/para-periquitos/,Jaulas para Periquitos: Guia de Compra Completa 2026,15284,100
alimento pajaros silvestres,mixto,SI/Parcial,post,https://avesnativaschilenas.cl/nidos/descubre-el-nido-de-aves-silvestres-de-madera-que-transformara-tu-jardin-en-un-paraiso-de-pajaros/,Descubre el nido de aves silvestres de madera que transformará tu jardín en un paraíso de pájaros,7693,2
alimento para aves pequeñas,mixto,SI,post,https://avesnativaschilenas.cl/nidos/descubre-los-8-forros-de-yute-perfectos-para-mimar-a-tus-canarios-y-pequenas-aves/,Descubre los 8 Forros de Yute Perfectos para Mimar a tus Canarios y Pequeñas Aves,8601,3
alpha spirit aves de corral,mixto,SI/Parcial,post,https://avesnativaschilenas.cl/jaulas/accesorios-para-jaulas/,Accesorios para Jaulas de Aves: Todo lo que Necesitas,15289,2
amazona aestiva cuanto vive,navegacional,NO,,,,,1
amazona ochrocephala precio,navegacional,NO,,,,,0
amuleto de buho significado,informacional,SI,post,https://avesnativaschilenas.cl/rapaces/lechuza/significado-de-ver-un-buho-blanco-en-la-noche/,significado de ver un buho blanco en la noche,9442,3
amuleto de búho significado,informacional,SI,post,https://avesnativaschilenas.cl/rapaces/lechuza/significado-de-ver-un-buho-blanco-en-la-noche/,significado de ver un buho blanco en la noche,9442,3
apartamentos punta cormoran,mixto,NO,,,,,1
arquivet jaula gran canaria,mixto,SI,post,https://avesnativaschilenas.cl/jaulas/accesorios-para-jaulas/,Accesorios para Jaulas de Aves: Todo lo que Necesitas,15289,100
aves con pico largo nombres,mixto,SI,post,https://avesnativaschilenas.cl/blog/cual-es-el-ave-con-el-pico-mas-largo-del-mundo/,cual es el ave con el pico mas largo del mundo,9428,3
aves de diferentes especies,informacional,SI,post,https://avesnativaschilenas.cl/marina/aves-de-isla-de-pascua-rapa-nui/,"Aves de Isla de Pascua (Rapa Nui): guía completa de especies, cultura y conservación",14225,3
aves de la ciudad de méxico,mixto,SI,post,https://avesnativaschilenas.cl/blog/importancia-de-las-aves-en-chile/,Importancia de las aves en Chile: su rol en los ecosistemas y la conservacion nacional,15082,3
aves de rapiña en la biblia,mixto,SI,page,https://avesnativaschilenas.cl/significado-de-las-aves-en-la-biblia/,"El Significado de las Aves en la Biblia: Interpretaciones, Versículos y Simbolismo Espiritual",11222,5
aves domesticas mas comunes,mixto,SI,post,https://avesnativaschilenas.cl/cuidados/sintomas-de-enfermedades-comunes-en-aves-domesticas/,Guía Completa sobre los Síntomas de Enfermedades Comunes en Aves Domésticas: Cómo Identificarlos y Actuar a Tiempo,6537,3
aves exóticas y sus nombres,mixto,SI,post,https://avesnativaschilenas.cl/gaviotas/la-vida-secreta-de-las-aves-marinas/,La Vida Secreta de las Aves Marinas: Descubre sus Hábitos y Misterios,11042,3
aves pequeñas de pico largo,mixto,SI,post,https://avesnativaschilenas.cl/terrestres/corbatita/familia-de-aves-de-plumaje-negro-y-pico-largo/,familia de aves de plumaje negro y pico largo,9401,4
aves pequeñas y sus nombres,mixto,SI,post,https://avesnativaschilenas.cl/gaviotas/la-vida-secreta-de-las-aves-marinas/,La Vida Secreta de las Aves Marinas: Descubre sus Hábitos y Misterios,11042,3
aves que comen carne muerta,mixto,SI/Parcial,post,https://avesnativaschilenas.cl/jaulas/accesorios-para-jaulas/,Accesorios para Jaulas de Aves: Todo lo que Necesitas,15289,2
aves significado espiritual,informacional,SI,post,https://avesnativaschilenas.cl/blog/aves-y-espiritualidad-guia-completa-para-entender-su-simbolismo/,"Significado espiritual de las aves: simbolismo, mensajes y sueños",9513,3
aves silvestres de colombia,mixto,SI,post,https://avesnativaschilenas.cl/nidos/descubre-el-nido-de-aves-silvestres-de-madera-que-transformara-tu-jardin-en-un-paraiso-de-pajaros/,Descubre el nido de aves silvestres de madera que transformará tu jardín en un paraíso de pájaros,7693,3
bailarin de tango argentino,mixto,SI/Parcial,post,https://avesnativaschilenas.cl/rapaces/bailarin/,"Pajaro Bailarín, la Elegante Ave de Rapiña de Chile",1694,2
bailarin maximiliano guerra,mixto,NO,,,,,1
bailarina de ballet chilena,mixto,SI/Parcial,post,https://avesnativaschilenas.cl/terrestres/tapaculo-caracteristicas-habitat-y-curiosidades-de-esta-ave-chilena/,"Tapaculo: Caracteristicas, Habitat y Curiosidades de esta Ave Chilena",11839,2
bailarina de ballet clasico,mixto,NO,,,,,1
bailarina de ballet peruana,mixto,NO,,,,,1
bebedero automatico pajaros,mixto,SI,post,https://avesnativaschilenas.cl/tienda/comederos/,Los mejores comederos para jaulas de pájaros : guía de compra y recomendaciones,2194,100
bebo valdes y chucho valdes,mixto,NO,,,,,1
buho significado espiritual,informacional,SI/Parcial,post,https://avesnativaschilenas.cl/picaflor/significado-espiritual-del-colibri-y-tatuajes-de-picaflor/,Significado espiritual del colibrí y tatuajes de picaflor: simbolismo y creencias,14221,2
canarios timbrados en venta,comercial,SI,post,https://avesnativaschilenas.cl/jaulas/para-canarios/,Jaulas para Canarios: Guia de Compra para tu Pajaro Cantor,15280,100
caracteristicas de la garza,informacional,SI,post,https://avesnativaschilenas.cl/aguilas/caracteristicas-de-las-aguilas-segun-la-biblia/,El Aguila en la Biblia: significado espiritual y versiculos clave,1857,3
caracteristicas de un cisne,informacional,SI,post,https://avesnativaschilenas.cl/aguilas/peuco/,"Peuco chileno: caracteristicas, habitat y comportamiento de un ave protegida",178,3
características del gorrion,informacional,SI/Parcial,post,https://avesnativaschilenas.cl/blog/gorrion/,"Gorrion: Caracteristicas, Habitat y Curiosidades [Chile]",15249,2
casa de madera para cobayas,mixto,SI,post,https://avesnativaschilenas.cl/nidos/descubre-la-casa-de-pajaros-perfecta-2x-cajas-de-madera-para-gorrion-que-encantaran-a-tus-aves/,Descubre la casa de pájaros perfecta: ¡2x cajas de madera para gorrión que encantarán a tus aves!,8517,4
casa para pollitos pequeños,mixto,SI,post,https://avesnativaschilenas.cl/jaulas/para-gallinas-ponedoras/,Jaulas para Gallinas Ponedoras: Guia de Compra 2026,15281,100
casita de madera para cuyos,mixto,SI,post,https://avesnativaschilenas.cl/nidos/descubre-el-nido-perfecto-para-ninfas-casita-de-madera-ideal-para-tus-aves-amadas/,¡Descubre el Nido Perfecto para Ninfas! Casita de Madera Ideal para tus Aves Amadas,7235,4
chucho valdes y bebo valdes,mixto,NO,,,,,1
chucho valdés jessie valdés,mixto,NO,,,,,0
clase de pajaros domesticos,mixto,SI/Parcial,post,https://avesnativaschilenas.cl/rapaces/lechuza/pajaros-blancos-que-vuelan-de-noche/,5 Fascinantes Pájaros Blancos que Vuelan de Noche,11061,2
colibri es igual a picaflor,mixto,SI/Parcial,post,https://avesnativaschilenas.cl/picaflor/significado-espiritual-del-colibri-y-tatuajes-de-picaflor/,Significado espiritual del colibrí y tatuajes de picaflor: simbolismo y creencias,14221,2
colibri national geographic,mixto,NO,,,,,1
colibri picaflor diferencia,mixto,SI,post,https://avesnativaschilenas.cl/picaflor/que-diferencia-hay-entre-un-colibri-y-un-picaflor/,Colibrí vs Picaflor: ¿Son lo mismo? 7 diferencias clave que los distinguen,9420,3
colores del pavo real macho,mixto,SI,post,https://avesnativaschilenas.cl/terrestres/pavo-real-diferencias-entre-macho-y-hembra-fotos/,Pavo Real: Diferencias entre Macho y Hembra + Fotos,11823,3
comedero automatico pajaros,mixto,SI,post,https://avesnativaschilenas.cl/tienda/comederos/,Los mejores comederos para jaulas de pájaros : guía de compra y recomendaciones,2194,100
comedero colgante para aves,mixto,SI,post,https://avesnativaschilenas.cl/tienda/comederos/,Los mejores comederos para jaulas de pájaros : guía de compra y recomendaciones,2194,100
comedero pajaros cacahuetes,mixto,SI,post,https://avesnativaschilenas.cl/tienda/comederos/,Los mejores comederos para jaulas de pájaros : guía de compra y recomendaciones,2194,100
comedero pajaros con camara,mixto,SI,post,https://avesnativaschilenas.cl/tienda/comederos/,Los mejores comederos para jaulas de pájaros : guía de compra y recomendaciones,2194,100
comedero pajaros silvestres,mixto,SI,post,https://avesnativaschilenas.cl/tienda/comederos/,Los mejores comederos para jaulas de pájaros : guía de compra y recomendaciones,2194,100
comederos para gallos finos,mixto,SI,post,https://avesnativaschilenas.cl/tienda/comederos/,Los mejores comederos para jaulas de pájaros : guía de compra y recomendaciones,2194,100
comederos tolva para ninfas,mixto,SI,post,https://avesnativaschilenas.cl/tienda/comederos/,Los mejores comederos para jaulas de pájaros : guía de compra y recomendaciones,2194,100
comida para canarios casera,mixto,SI,post,https://avesnativaschilenas.cl/jaulas/para-canarios/,Jaulas para Canarios: Guia de Compra para tu Pajaro Cantor,15280,100
como criar canarios en casa,informacional,SI,post,https://avesnativaschilenas.cl/jaulas/para-canarios/,Jaulas para Canarios: Guia de Compra para tu Pajaro Cantor,15280,100
como hacer casa de codorniz,informacional,SI,post,https://avesnativaschilenas.cl/jaulas/para-gallinas-ponedoras/,Jaulas para Gallinas Ponedoras: Guia de Compra 2026,15281,100
como hacer nido de canarios,informacional,SI,post,https://avesnativaschilenas.cl/jaulas/para-canarios/,Jaulas para Canarios: Guia de Compra para tu Pajaro Cantor,15280,100
como se alimenta el colibri,informacional,SI,post,https://avesnativaschilenas.cl/rapaces/de-que-se-alimenta-el-condor-de-los-andes/,de qué se alimenta el cóndor de los andes,9382,3
como se alimentan los loros,informacional,SI,post,https://avesnativaschilenas.cl/jaulas/para-loros/descubre-el-secreto-para-mantener-la-jaula-de-tu-loro-siempre-limpia-y-fresca/,¡Descubre el secreto para mantener la jaula de tu loro siempre limpia y fresca!,8533,100
compra de huevo de codorniz,comercial,SI,post,https://avesnativaschilenas.cl/jaulas/para-gallinas-ponedoras/,Jaulas para Gallinas Ponedoras: Guia de Compra 2026,15281,100
comprar huevos de pavo real,comercial,SI,post,https://avesnativaschilenas.cl/cuidados/de-que-color-son-los-huevos-de-pavo-real/,de que color son los huevos de pavo real,9364,4
comprar jaula para canarios,comercial,SI,post,https://avesnativaschilenas.cl/jaulas/accesorios-para-jaulas/,Accesorios para Jaulas de Aves: Todo lo que Necesitas,15289,100
comprar jaula para gallinas,comercial,SI,post,https://avesnativaschilenas.cl/jaulas/accesorios-para-jaulas/,Accesorios para Jaulas de Aves: Todo lo que Necesitas,15289,100
concentrado para codornices,mixto,SI,post,https://avesnativaschilenas.cl/jaulas/para-gallinas-ponedoras/,Jaulas para Gallinas Ponedoras: Guia de Compra 2026,15281,100
condor bus con con santiago,mixto,NO,,,,,1
cotorra african grey precio,comercial,SI,post,https://avesnativaschilenas.cl/jaulas/para-loros/descubre-el-secreto-para-mantener-la-jaula-de-tu-loro-siempre-limpia-y-fresca/,¡Descubre el secreto para mantener la jaula de tu loro siempre limpia y fresca!,8533,100
cotorra argentina domestica,mixto,SI,post,https://avesnativaschilenas.cl/jaulas/para-loros/descubre-el-secreto-para-mantener-la-jaula-de-tu-loro-siempre-limpia-y-fresca/,¡Descubre el secreto para mantener la jaula de tu loro siempre limpia y fresca!,8533,100
cotorra argentina papillera,mixto,SI,post,https://avesnativaschilenas.cl/jaulas/para-loros/descubre-el-secreto-para-mantener-la-jaula-de-tu-loro-siempre-limpia-y-fresca/,¡Descubre el secreto para mantener la jaula de tu loro siempre limpia y fresca!,8533,100
cotorra australiana celeste,mixto,SI,post,https://avesnativaschilenas.cl/jaulas/para-loros/descubre-el-secreto-para-mantener-la-jaula-de-tu-loro-siempre-limpia-y-fresca/,¡Descubre el secreto para mantener la jaula de tu loro siempre limpia y fresca!,8533,100
cotorra de kramer papillera,mixto,SI,post,https://avesnativaschilenas.cl/jaulas/para-loros/descubre-el-secreto-para-mantener-la-jaula-de-tu-loro-siempre-limpia-y-fresca/,¡Descubre el secreto para mantener la jaula de tu loro siempre limpia y fresca!,8533,100
curiosidades de los pájaros,informacional,SI,post,https://avesnativaschilenas.cl/redes/descubre-como-esta-red-verde-de-4x10m-protege-tus-plantas-y-frutas-de-los-pajaros-imperdible/,Descubre cómo esta red verde de 4x10m protege tus plantas y frutas de los pájaros ¡Imperdible!,8502,3
curiosidades sobre las aves,informacional,SI,post,https://avesnativaschilenas.cl/cuidados/de-que-se-alimentan-las-aves/,¿De qué se alimentan las aves? Guía completa sobre la dieta aviar,11353,3
cuáles son los pavos reales,mixto,SI/Parcial,post,https://avesnativaschilenas.cl/picaflor/que-diferencia-hay-entre-un-colibri-y-un-picaflor/,Colibrí vs Picaflor: ¿Son lo mismo? 7 diferencias clave que los distinguen,9420,2
cómo hacer una jaula casera,informacional,SI,post,https://avesnativaschilenas.cl/jaulas/accesorios-para-jaulas/,Accesorios para Jaulas de Aves: Todo lo que Necesitas,15289,100
de q se alimentan los loros,mixto,SI,post,https://avesnativaschilenas.cl/jaulas/para-loros/descubre-el-secreto-para-mantener-la-jaula-de-tu-loro-siempre-limpia-y-fresca/,¡Descubre el secreto para mantener la jaula de tu loro siempre limpia y fresca!,8533,100
de q se alimentan los patos,mixto,SI,post,https://avesnativaschilenas.cl/pato/donde-viven-los-patos-y-de-que-se-alimentan/,Donde viven los patos y de que se alimentan: guia completa de aves acuaticas en Chile,9370,5
diamante mandarin papillero,mixto,SI/Parcial,post,https://avesnativaschilenas.cl/cuidados/guia-completa-para-el-cuidado-de-tu-diamante-mandarin-primeros-pasos-esenciales-para-asegurar-su-bienestar/,Guía Completa para el Cuidado de tu Diamante Mandarín: Primeros Pasos Esenciales para Asegurar su Bienestar,7383,2
diamante mandarín papillero,mixto,SI/Parcial,post,https://avesnativaschilenas.cl/cuidados/guia-completa-para-el-cuidado-de-tu-diamante-mandarin-primeros-pasos-esenciales-para-asegurar-su-bienestar/,Guía Completa para el Cuidado de tu Diamante Mandarín: Primeros Pasos Esenciales para Asegurar su Bienestar,7383,2
diferentes tipos de pajaros,informacional,SI,post,https://avesnativaschilenas.cl/rapaces/buhos/,Descubre los diferentes tipos de búhos pequeños: guía completa,2254,3
diseño de jaulas para loros,mixto,SI,post,https://avesnativaschilenas.cl/jaulas/accesorios-para-jaulas/,Accesorios para Jaulas de Aves: Todo lo que Necesitas,15289,100
el ave nacional de colombia,mixto,SI,post,https://avesnativaschilenas.cl/rapaces/porque-el-condor-es-el-ave-nacional-de-colombia/,porque el condor es el ave nacional de colombia,9444,5
el nido del condor colombia,mixto,SI,post,https://avesnativaschilenas.cl/jaulas/nidos-para-aves/,"Nidos para Aves: Tipos, Materiales y Como Elegir el Mejor",15288,100
es legal tener pavos reales,mixto,SI/Parcial,post,https://avesnativaschilenas.cl/cuidados/cual-es-el-mejor-pajaro-para-tener-en-casa/,cuál es el mejor pájaro para tener en casa,9452,2
es legal tener un pavo real,mixto,SI,post,https://avesnativaschilenas.cl/cuidados/como-distinguir-un-pavo-real-macho-de-una-hembra/,Como distinguir un pavo real macho de una hembra: diferencias reales y fotos,9393,3
es malo tener loros en casa,mixto,SI,post,https://avesnativaschilenas.cl/jaulas/para-loros/descubre-el-secreto-para-mantener-la-jaula-de-tu-loro-siempre-limpia-y-fresca/,¡Descubre el secreto para mantener la jaula de tu loro siempre limpia y fresca!,8533,100
especies de aves domesticas,informacional,SI,post,https://avesnativaschilenas.cl/marina/aves-de-isla-de-pascua-rapa-nui/,"Aves de Isla de Pascua (Rapa Nui): guía completa de especies, cultura y conservación",14225,3
especies de pájaros comunes,informacional,SI/Parcial,post,https://avesnativaschilenas.cl/acuaticas/patos-chilenos/,"Patos de Chile: Tipos, Especies y Guia de Identificacion",15251,2
federico fernandez bailarin,mixto,NO,,,,,1
federico fernández bailarín,mixto,NO,,,,,1
fotos de aves y sus nombres,mixto,SI,post,https://avesnativaschilenas.cl/gaviotas/la-vida-secreta-de-las-aves-marinas/,La Vida Secreta de las Aves Marinas: Descubre sus Hábitos y Misterios,11042,4
fotos de dibujos de pájaros,mixto,SI/Parcial,post,https://avesnativaschilenas.cl/rapaces/lechuza/pajaros-blancos-que-vuelan-de-noche/,5 Fascinantes Pájaros Blancos que Vuelan de Noche,11061,2
fotos de pájaros de colores,mixto,SI/Parcial,post,https://avesnativaschilenas.cl/fardela/fardela-heraldica/,Fardela heráldica: el petrel de tres colores de Rapa Nui,14188,2
fotos de pájaros silvestres,mixto,SI,post,https://avesnativaschilenas.cl/nidos/descubre-el-nido-de-aves-silvestres-de-madera-que-transformara-tu-jardin-en-un-paraiso-de-pajaros/,Descubre el nido de aves silvestres de madera que transformará tu jardín en un paraíso de pájaros,7693,3
fotos de pájaros tropicales,mixto,SI/Parcial,post,https://avesnativaschilenas.cl/rapaces/lechuza/pajaros-blancos-que-vuelan-de-noche/,5 Fascinantes Pájaros Blancos que Vuelan de Noche,11061,2
fotos de un pavo real macho,mixto,SI,post,https://avesnativaschilenas.cl/cuidados/como-distinguir-un-pavo-real-macho-de-una-hembra/,Como distinguir un pavo real macho de una hembra: diferencias reales y fotos,9393,6
fotos del pajaro carpintero,mixto,SI/Parcial,post,https://avesnativaschilenas.cl/zanate/mitos-leyendas-zanate/,Significado del pajaro Zanate: Mitos y leyendas relacionados con los pichones y polluelos,9060,2
garza nocturna corona negra,mixto,NO,,,,,1
gaviota sun life specialist,mixto,NO,,,,,1
guacamayo azul alimentación,informacional,SI,post,https://avesnativaschilenas.cl/jaulas/para-loros/descubre-el-secreto-para-mantener-la-jaula-de-tu-loro-siempre-limpia-y-fresca/,¡Descubre el secreto para mantener la jaula de tu loro siempre limpia y fresca!,8533,100
guia de campo aves de chile,mixto,SI,post,https://avesnativaschilenas.cl/pato/donde-viven-los-patos-y-de-que-se-alimentan/,Donde viven los patos y de que se alimentan: guia completa de aves acuaticas en Chile,9370,4
guia de observacion de aves,mixto,SI,post,https://avesnativaschilenas.cl/ubicacion/aves-en-puerto-montt/,Aves en Puerto Montt: Guía completa de observación y recomendaciones,2113,4
huevo de codorniz por mayor,mixto,SI,post,https://avesnativaschilenas.cl/jaulas/para-gallinas-ponedoras/,Jaulas para Gallinas Ponedoras: Guia de Compra 2026,15281,100
huevo de pavo real en venta,comercial,SI,post,https://avesnativaschilenas.cl/blog/el-pavo-real-esta-en-peligro-de-extincion/,El Pavo Real en Peligro de Extinción: Todo lo que Necesitas Saber para Protegerlo,9999,4
huevos de avestruz fertiles,mixto,SI/Parcial,post,https://avesnativaschilenas.cl/cuidados/de-que-color-son-los-huevos-de-pavo-real/,de que color son los huevos de pavo real,9364,2
huevos de codorniz en venta,comercial,SI,post,https://avesnativaschilenas.cl/jaulas/para-gallinas-ponedoras/,Jaulas para Gallinas Ponedoras: Guia de Compra 2026,15281,100
huevos de codorniz japonesa,mixto,SI,post,https://avesnativaschilenas.cl/jaulas/para-gallinas-ponedoras/,Jaulas para Gallinas Ponedoras: Guia de Compra 2026,15281,100
huevos de pavo para incubar,mixto,SI,post,https://avesnativaschilenas.cl/blog/el-pavo-real-esta-en-peligro-de-extincion/,El Pavo Real en Peligro de Extinción: Todo lo que Necesitas Saber para Protegerlo,9999,3
imagenes de diferentes aves,mixto,SI/Parcial,post,https://avesnativaschilenas.cl/jaulas/accesorios-para-jaulas/,Accesorios para Jaulas de Aves: Todo lo que Necesitas,15289,2
imágenes de aves silvestres,mixto,SI,post,https://avesnativaschilenas.cl/nidos/descubre-el-nido-de-aves-silvestres-de-madera-que-transformara-tu-jardin-en-un-paraiso-de-pajaros/,Descubre el nido de aves silvestres de madera que transformará tu jardín en un paraíso de pájaros,7693,3
imágenes de cacatúas ninfas,mixto,SI,post,https://avesnativaschilenas.cl/jaulas/para-loros/descubre-el-secreto-para-mantener-la-jaula-de-tu-loro-siempre-limpia-y-fresca/,¡Descubre el secreto para mantener la jaula de tu loro siempre limpia y fresca!,8533,100
imágenes de martín pescador,mixto,SI,page,https://avesnativaschilenas.cl/martin-pescador/,"Martín pescador Chileno: hábitat, alimentación y curiosidades de un tesoro acuatico",9858,3
imágenes de pájaros grandes,mixto,SI,post,https://avesnativaschilenas.cl/nidos/descubre-el-corazon-animal-salvaje-la-casa-de-pajaros-que-tus-grandes-tetas-y-compania-adoran/,¡Descubre el corazón Animal Salvaje: la casa de pájaros que tus grandes tetas y compañía adoran!,8509,3
imágenes del guacamayo azul,mixto,SI,post,https://avesnativaschilenas.cl/jaulas/para-loros/descubre-el-secreto-para-mantener-la-jaula-de-tu-loro-siempre-limpia-y-fresca/,¡Descubre el secreto para mantener la jaula de tu loro siempre limpia y fresca!,8533,100
incubar huevos de pavo real,mixto,SI,post,https://avesnativaschilenas.cl/cuidados/de-que-color-son-los-huevos-de-pavo-real/,de que color son los huevos de pavo real,9364,4
informacion sobre el condor,informacional,SI/Parcial,post,https://avesnativaschilenas.cl/zanate/interpretaciones-sobre-zanates-que-se-posan-en-el-techo-de-tu-hogar/,Interpretaciones sobre zanates que se posan en el techo de tu hogar,9775,2
información sobre los loros,informacional,SI,post,https://avesnativaschilenas.cl/jaulas/para-loros/descubre-el-secreto-para-mantener-la-jaula-de-tu-loro-siempre-limpia-y-fresca/,¡Descubre el secreto para mantener la jaula de tu loro siempre limpia y fresca!,8533,100
información sobre los patos,informacional,SI/Parcial,post,https://avesnativaschilenas.cl/zanate/mitos-y-creencias-sobre-los-zanates-de-verdad-traen-mala-suerte/,Mitos y Creencias sobre los Zanates: De Verdad Traen Mala Suerte?,9776,2
jaula canarios segunda mano,comercial,SI,post,https://avesnativaschilenas.cl/jaulas/accesorios-para-jaulas/,Accesorios para Jaulas de Aves: Todo lo que Necesitas,15289,100
jaula con pajaro de juguete,mixto,SI,post,https://avesnativaschilenas.cl/jaulas/accesorios-para-jaulas/,Accesorios para Jaulas de Aves: Todo lo que Necesitas,15289,100
jaula con pie para canarios,mixto,SI,post,https://avesnativaschilenas.cl/jaulas/accesorios-para-jaulas/,Accesorios para Jaulas de Aves: Todo lo que Necesitas,15289,100
jaula curiosa para jilguero,mixto,SI,post,https://avesnativaschilenas.cl/jaulas/accesorios-para-jaulas/,Accesorios para Jaulas de Aves: Todo lo que Necesitas,15289,100
jaula de bambu para pajaros,mixto,SI,post,https://avesnativaschilenas.cl/jaulas/accesorios-para-jaulas/,Accesorios para Jaulas de Aves: Todo lo que Necesitas,15289,100
jaula de cria para canarios,mixto,SI,post,https://avesnativaschilenas.cl/jaulas/accesorios-para-jaulas/,Accesorios para Jaulas de Aves: Todo lo que Necesitas,15289,100
jaula de gallinas de madera,mixto,SI,post,https://avesnativaschilenas.cl/jaulas/accesorios-para-jaulas/,Accesorios para Jaulas de Aves: Todo lo que Necesitas,15289,100
jaula de madera para gallos,mixto,SI,post,https://avesnativaschilenas.cl/jaulas/accesorios-para-jaulas/,Accesorios para Jaulas de Aves: Todo lo que Necesitas,15289,100
jaula de madera para ninfas,mixto,SI,post,https://avesnativaschilenas.cl/jaulas/accesorios-para-jaulas/,Accesorios para Jaulas de Aves: Todo lo que Necesitas,15289,100
jaula ideal para periquitos,mixto,SI,post,https://avesnativaschilenas.cl/jaulas/accesorios-para-jaulas/,Accesorios para Jaulas de Aves: Todo lo que Necesitas,15289,100
jaula loro acero inoxidable,mixto,SI,post,https://avesnativaschilenas.cl/jaulas/accesorios-para-jaulas/,Accesorios para Jaulas de Aves: Todo lo que Necesitas,15289,100
jaula para animales grandes,mixto,SI,post,https://avesnativaschilenas.cl/jaulas/accesorios-para-jaulas/,Accesorios para Jaulas de Aves: Todo lo que Necesitas,15289,100
jaula para capturar palomas,mixto,SI,post,https://avesnativaschilenas.cl/jaulas/accesorios-para-jaulas/,Accesorios para Jaulas de Aves: Todo lo que Necesitas,15289,100
jaula para criar codornices,mixto,SI,post,https://avesnativaschilenas.cl/jaulas/accesorios-para-jaulas/,Accesorios para Jaulas de Aves: Todo lo que Necesitas,15289,100
jaula para criar periquitos,mixto,SI,post,https://avesnativaschilenas.cl/jaulas/accesorios-para-jaulas/,Accesorios para Jaulas de Aves: Todo lo que Necesitas,15289,100
jaula para gallinas caseras,mixto,SI,post,https://avesnativaschilenas.cl/jaulas/accesorios-para-jaulas/,Accesorios para Jaulas de Aves: Todo lo que Necesitas,15289,100
jaula para guacamayo grande,mixto,SI,post,https://avesnativaschilenas.cl/jaulas/accesorios-para-jaulas/,Accesorios para Jaulas de Aves: Todo lo que Necesitas,15289,100
jaula para ninfas de madera,mixto,SI,post,https://avesnativaschilenas.cl/jaulas/accesorios-para-jaulas/,Accesorios para Jaulas de Aves: Todo lo que Necesitas,15289,100
jaula para pajaros pequeños,mixto,SI,post,https://avesnativaschilenas.cl/jaulas/accesorios-para-jaulas/,Accesorios para Jaulas de Aves: Todo lo que Necesitas,15289,100
jaula para pollo de engorde,mixto,SI,post,https://avesnativaschilenas.cl/jaulas/accesorios-para-jaulas/,Accesorios para Jaulas de Aves: Todo lo que Necesitas,15289,100
jaula para pollos de madera,mixto,SI,post,https://avesnativaschilenas.cl/jaulas/accesorios-para-jaulas/,Accesorios para Jaulas de Aves: Todo lo que Necesitas,15289,100
jaula para ponedora precios,comercial,SI,post,https://avesnativaschilenas.cl/jaulas/accesorios-para-jaulas/,Accesorios para Jaulas de Aves: Todo lo que Necesitas,15289,100
jaula redonda para canarios,mixto,SI,post,https://avesnativaschilenas.cl/jaulas/accesorios-para-jaulas/,Accesorios para Jaulas de Aves: Todo lo que Necesitas,15289,100
jaula trampa para gorriones,mixto,SI,post,https://avesnativaschilenas.cl/jaulas/accesorios-para-jaulas/,Accesorios para Jaulas de Aves: Todo lo que Necesitas,15289,100
jaula transportadora grande,mixto,SI,post,https://avesnativaschilenas.cl/jaulas/accesorios-para-jaulas/,Accesorios para Jaulas de Aves: Todo lo que Necesitas,15289,100
jaula voladera segunda mano,comercial,SI,post,https://avesnativaschilenas.cl/jaulas/accesorios-para-jaulas/,Accesorios para Jaulas de Aves: Todo lo que Necesitas,15289,100
jaulas aviarios y pajareras,mixto,SI,post,https://avesnativaschilenas.cl/jaulas/accesorios-para-jaulas/,Accesorios para Jaulas de Aves: Todo lo que Necesitas,15289,100
jaulas bonitas para pajaros,mixto,SI,post,https://avesnativaschilenas.cl/jaulas/accesorios-para-jaulas/,Accesorios para Jaulas de Aves: Todo lo que Necesitas,15289,100
jaulas caseras para pajaros,mixto,SI,post,https://avesnativaschilenas.cl/jaulas/accesorios-para-jaulas/,Accesorios para Jaulas de Aves: Todo lo que Necesitas,15289,100
jaulas caseras para palomas,mixto,SI,post,https://avesnativaschilenas.cl/jaulas/accesorios-para-jaulas/,Accesorios para Jaulas de Aves: Todo lo que Necesitas,15289,100
jaulas cuadradas para loros,mixto,SI,post,https://avesnativaschilenas.cl/jaulas/accesorios-para-jaulas/,Accesorios para Jaulas de Aves: Todo lo que Necesitas,15289,100
jaulas de caña para pajaros,mixto,SI,post,https://avesnativaschilenas.cl/jaulas/accesorios-para-jaulas/,Accesorios para Jaulas de Aves: Todo lo que Necesitas,15289,100
jaulas de codorniz ponedora,mixto,SI,post,https://avesnativaschilenas.cl/jaulas/accesorios-para-jaulas/,Accesorios para Jaulas de Aves: Todo lo que Necesitas,15289,100
jaulas de madera para loros,mixto,SI,post,https://avesnativaschilenas.cl/jaulas/accesorios-para-jaulas/,Accesorios para Jaulas de Aves: Todo lo que Necesitas,15289,100
jaulas de metro para gallos,mixto,SI,post,https://avesnativaschilenas.cl/jaulas/accesorios-para-jaulas/,Accesorios para Jaulas de Aves: Todo lo que Necesitas,15289,100
jaulas enormes para pajaros,mixto,SI,post,https://avesnativaschilenas.cl/jaulas/accesorios-para-jaulas/,Accesorios para Jaulas de Aves: Todo lo que Necesitas,15289,100
jaulas exteriores para aves,mixto,SI,post,https://avesnativaschilenas.cl/jaulas/accesorios-para-jaulas/,Accesorios para Jaulas de Aves: Todo lo que Necesitas,15289,100
jaulas grandes para palomas,mixto,SI,post,https://avesnativaschilenas.cl/jaulas/accesorios-para-jaulas/,Accesorios para Jaulas de Aves: Todo lo que Necesitas,15289,100
jaulas importadas para aves,mixto,SI,post,https://avesnativaschilenas.cl/jaulas/accesorios-para-jaulas/,Accesorios para Jaulas de Aves: Todo lo que Necesitas,15289,100
jaulas para atrapar palomas,mixto,SI,post,https://avesnativaschilenas.cl/jaulas/accesorios-para-jaulas/,Accesorios para Jaulas de Aves: Todo lo que Necesitas,15289,100
jaulas para aves de postura,mixto,SI,post,https://avesnativaschilenas.cl/jaulas/accesorios-para-jaulas/,Accesorios para Jaulas de Aves: Todo lo que Necesitas,15289,100
jaulas para aves homecenter,mixto,SI,post,https://avesnativaschilenas.cl/jaulas/accesorios-para-jaulas/,Accesorios para Jaulas de Aves: Todo lo que Necesitas,15289,100
jaulas para canarios amazon,navegacional,SI,post,https://avesnativaschilenas.cl/jaulas/accesorios-para-jaulas/,Accesorios para Jaulas de Aves: Todo lo que Necesitas,15289,100
jaulas para canarios usadas,comercial,SI,post,https://avesnativaschilenas.cl/jaulas/accesorios-para-jaulas/,Accesorios para Jaulas de Aves: Todo lo que Necesitas,15289,100
jaulas para cobayas grandes,mixto,SI,post,https://avesnativaschilenas.cl/jaulas/accesorios-para-jaulas/,Accesorios para Jaulas de Aves: Todo lo que Necesitas,15289,100
jaulas para gallinas en pvc,mixto,SI,post,https://avesnativaschilenas.cl/jaulas/accesorios-para-jaulas/,Accesorios para Jaulas de Aves: Todo lo que Necesitas,15289,100
jaulas para gallinas precio,comercial,SI,post,https://avesnativaschilenas.cl/jaulas/accesorios-para-jaulas/,Accesorios para Jaulas de Aves: Todo lo que Necesitas,15289,100
jaulas para gallinas usadas,comercial,SI,post,https://avesnativaschilenas.cl/jaulas/accesorios-para-jaulas/,Accesorios para Jaulas de Aves: Todo lo que Necesitas,15289,100
jaulas para palomas baratas,comercial,SI,post,https://avesnativaschilenas.cl/jaulas/accesorios-para-jaulas/,Accesorios para Jaulas de Aves: Todo lo que Necesitas,15289,100
jaulas para palomas caseras,mixto,SI,post,https://avesnativaschilenas.cl/jaulas/accesorios-para-jaulas/,Accesorios para Jaulas de Aves: Todo lo que Necesitas,15289,100
jaulas para palomas precios,comercial,SI,post,https://avesnativaschilenas.cl/jaulas/accesorios-para-jaulas/,Accesorios para Jaulas de Aves: Todo lo que Necesitas,15289,100
jaulas para pericos grandes,mixto,SI,post,https://avesnativaschilenas.cl/jaulas/accesorios-para-jaulas/,Accesorios para Jaulas de Aves: Todo lo que Necesitas,15289,100
jaulas para pericos precios,comercial,SI,post,https://avesnativaschilenas.cl/jaulas/accesorios-para-jaulas/,Accesorios para Jaulas de Aves: Todo lo que Necesitas,15289,100
jaulas para pollos de pelea,mixto,SI,post,https://avesnativaschilenas.cl/jaulas/accesorios-para-jaulas/,Accesorios para Jaulas de Aves: Todo lo que Necesitas,15289,100
jaulas para pollos pequeños,mixto,SI,post,https://avesnativaschilenas.cl/jaulas/accesorios-para-jaulas/,Accesorios para Jaulas de Aves: Todo lo que Necesitas,15289,100
jaulas para pájaros bonitas,mixto,SI,post,https://avesnativaschilenas.cl/jaulas/accesorios-para-jaulas/,Accesorios para Jaulas de Aves: Todo lo que Necesitas,15289,100
jaulas redondas para gallos,mixto,SI,post,https://avesnativaschilenas.cl/jaulas/accesorios-para-jaulas/,Accesorios para Jaulas de Aves: Todo lo que Necesitas,15289,100
jaulas vintage para pájaros,mixto,SI,post,https://avesnativaschilenas.cl/jaulas/accesorios-para-jaulas/,Accesorios para Jaulas de Aves: Todo lo que Necesitas,15289,100
juguetes para loros grandes,mixto,SI,post,https://avesnativaschilenas.cl/jaulas/accesorios-para-jaulas/,Accesorios para Jaulas de Aves: Todo lo que Necesitas,15289,100
la reproducción de las aves,mixto,SI,post,https://avesnativaschilenas.cl/blog/importancia-de-las-aves-en-chile/,Importancia de las aves en Chile: su rol en los ecosistemas y la conservacion nacional,15082,4
loro amazonas frente blanca,navegacional,SI,post,https://avesnativaschilenas.cl/jaulas/para-loros/descubre-el-secreto-para-mantener-la-jaula-de-tu-loro-siempre-limpia-y-fresca/,¡Descubre el secreto para mantener la jaula de tu loro siempre limpia y fresca!,8533,100
loro argentino alimentacion,informacional,SI,post,https://avesnativaschilenas.cl/jaulas/para-loros/descubre-el-secreto-para-mantener-la-jaula-de-tu-loro-siempre-limpia-y-fresca/,¡Descubre el secreto para mantener la jaula de tu loro siempre limpia y fresca!,8533,100
loro cabeza amarilla hablan,mixto,SI,post,https://avesnativaschilenas.cl/jaulas/para-loros/descubre-el-secreto-para-mantener-la-jaula-de-tu-loro-siempre-limpia-y-fresca/,¡Descubre el secreto para mantener la jaula de tu loro siempre limpia y fresca!,8533,100
loro habitat y alimentacion,informacional,SI,post,https://avesnativaschilenas.cl/jaulas/para-loros/descubre-el-secreto-para-mantener-la-jaula-de-tu-loro-siempre-limpia-y-fresca/,¡Descubre el secreto para mantener la jaula de tu loro siempre limpia y fresca!,8533,100
loros de diferentes colores,mixto,SI,post,https://avesnativaschilenas.cl/jaulas/para-loros/descubre-el-secreto-para-mantener-la-jaula-de-tu-loro-siempre-limpia-y-fresca/,¡Descubre el secreto para mantener la jaula de tu loro siempre limpia y fresca!,8533,100
los casinos de chucho pinto,mixto,SI/Parcial,post,https://avesnativaschilenas.cl/blog/importancia-de-las-aves-en-chile/,Importancia de las aves en Chile: su rol en los ecosistemas y la conservacion nacional,15082,2
los pajaros cantan de noche,mixto,SI,post,https://avesnativaschilenas.cl/rapaces/lechuza/pajaros-blancos-que-vuelan-de-noche/,5 Fascinantes Pájaros Blancos que Vuelan de Noche,11061,3
los periquitos australianos,mixto,SI,post,https://avesnativaschilenas.cl/jaulas/para-periquitos/,Jaulas para Periquitos: Guia de Compra Completa 2026,15284,100
martin pescador australiano,mixto,SI,post,https://avesnativaschilenas.cl/jaulas/para-periquitos/,Jaulas para Periquitos: Guia de Compra Completa 2026,15284,100
maximiliano guerra bailando,mixto,NO,,,,,0
medidas de nido para ninfas,mixto,SI,post,https://avesnativaschilenas.cl/jaulas/para-ninfas/,Jaulas para Ninfas (Cockatiel): Guia de Compra y Medidas Ideales,15285,100
medidas para nido de ninfas,mixto,SI,post,https://avesnativaschilenas.cl/jaulas/para-ninfas/,Jaulas para Ninfas (Cockatiel): Guia de Compra y Medidas Ideales,15285,100
mejores jaulas para pajaros,comercial,SI,post,https://avesnativaschilenas.cl/jaulas/accesorios-para-jaulas/,Accesorios para Jaulas de Aves: Todo lo que Necesitas,15289,100
nidos de madera para ninfas,mixto,SI,post,https://avesnativaschilenas.cl/jaulas/para-ninfas/,Jaulas para Ninfas (Cockatiel): Guia de Compra y Medidas Ideales,15285,100
nidos de palomas mensajeras,mixto,SI,post,https://avesnativaschilenas.cl/jaulas/nidos-para-aves/,"Nidos para Aves: Tipos, Materiales y Como Elegir el Mejor",15288,100
nidos para ninfas carolinas,mixto,SI,post,https://avesnativaschilenas.cl/jaulas/para-ninfas/,Jaulas para Ninfas (Cockatiel): Guia de Compra y Medidas Ideales,15285,100
nombre de todos los pájaros,mixto,SI,post,https://avesnativaschilenas.cl/redes/descubre-como-esta-red-verde-de-4x10m-protege-tus-plantas-y-frutas-de-los-pajaros-imperdible/,Descubre cómo esta red verde de 4x10m protege tus plantas y frutas de los pájaros ¡Imperdible!,8502,3
nombres de aves migratorias,mixto,SI/Parcial,post,https://avesnativaschilenas.cl/jaulas/accesorios-para-jaulas/,Accesorios para Jaulas de Aves: Todo lo que Necesitas,15289,2
nombres de especies de aves,informacional,SI,post,https://avesnativaschilenas.cl/marina/aves-de-isla-de-pascua-rapa-nui/,"Aves de Isla de Pascua (Rapa Nui): guía completa de especies, cultura y conservación",14225,3
nombres de pajaros especies,informacional,SI/Parcial,post,https://avesnativaschilenas.cl/acuaticas/patos-chilenos/,"Patos de Chile: Tipos, Especies y Guia de Identificacion",15251,2
nombres de tipos de pajaros,informacional,SI/Parcial,post,https://avesnativaschilenas.cl/acuaticas/patos-chilenos/,"Patos de Chile: Tipos, Especies y Guia de Identificacion",15251,2
pajareras de jardín baratas,comercial,SI,post,https://avesnativaschilenas.cl/jaulas/pajareras/,Pajareras para Jardin: Guia de Compra y Decoracion,15278,100
pajaro australiano amarillo,mixto,SI,post,https://avesnativaschilenas.cl/jaulas/para-periquitos/,Jaulas para Periquitos: Guia de Compra Completa 2026,15284,100
pajaro de pecho rojo nombre,mixto,SI,post,https://avesnativaschilenas.cl/blog/pajaro-pecho-rojo-chile/,pajaro pecho rojo chile,6801,3
pajaro de pico largo y fino,mixto,SI,post,https://avesnativaschilenas.cl/terrestres/mirlo/pajaro-negro-de-pico-largo/,¿Quién es el pájaro negro de pico largo? Descúbrelo aquí,11056,4
pajaro parlanchin con jaula,mixto,SI,post,https://avesnativaschilenas.cl/jaulas/accesorios-para-jaulas/,Accesorios para Jaulas de Aves: Todo lo que Necesitas,15289,100
pajaros australianos azules,mixto,SI,post,https://avesnativaschilenas.cl/jaulas/para-periquitos/,Jaulas para Periquitos: Guia de Compra Completa 2026,15284,100
pajaros comunes en ciudades,mixto,SI/Parcial,post,https://avesnativaschilenas.cl/uncategorized/como-transforme-mi-jardin-en-un-refugio-para-aves-y-tu-tambien-puedes/,Cómo Atraer Pájaros a tu Jardín con Nidos Colgantes: La Guía Completa para Crear un Paraíso Aviar,11064,2
pajaros comunes en colombia,mixto,SI/Parcial,post,https://avesnativaschilenas.cl/uncategorized/como-transforme-mi-jardin-en-un-refugio-para-aves-y-tu-tambien-puedes/,Cómo Atraer Pájaros a tu Jardín con Nidos Colgantes: La Guía Completa para Crear un Paraíso Aviar,11064,2
pajaros con cantos hermosos,mixto,SI/Parcial,post,https://avesnativaschilenas.cl/uncategorized/como-transforme-mi-jardin-en-un-refugio-para-aves-y-tu-tambien-puedes/,Cómo Atraer Pájaros a tu Jardín con Nidos Colgantes: La Guía Completa para Crear un Paraíso Aviar,11064,2
pajaros con nidos colgantes,mixto,SI,post,https://avesnativaschilenas.cl/jaulas/nidos-para-aves/,"Nidos para Aves: Tipos, Materiales y Como Elegir el Mejor",15288,100
pajaros con pico de colores,mixto,SI,post,https://avesnativaschilenas.cl/jaulas/accesorios/transforma-la-jaula-de-tus-pajaros-con-yarnow-descubre-las-3-piezas-que-cambiaran-todo/,Transforma la jaula de tus pájaros con YARNOW: ¡Descubre las 3 piezas que cambiarán todo!,8717,3
pajaros de colores hermosos,mixto,SI/Parcial,post,https://avesnativaschilenas.cl/fardela/fardela-heraldica/,Fardela heráldica: el petrel de tres colores de Rapa Nui,14188,2
pajaros de colores pequeños,mixto,SI,post,https://avesnativaschilenas.cl/jaulas/portatiles/descubre-la-jaula-de-pajaros-perfecta-ideal-para-animales-pequenos-y-aventura-al-aire-libre/,¡Descubre la Jaula de Pájaros Perfecta! Ideal para Animales Pequeños y Aventura al Aire Libre,8108,3
pajaros de colores vistosos,mixto,SI/Parcial,post,https://avesnativaschilenas.cl/fardela/fardela-heraldica/,Fardela heráldica: el petrel de tres colores de Rapa Nui,14188,2
pajaros diferentes especies,informacional,NO,,,,,1
pajaros domesticos pequeños,mixto,SI,post,https://avesnativaschilenas.cl/blog/pajaros-domesticos-pequenos/,pájaros domésticos pequeños,10416,3
pajaros exoticos de colores,mixto,SI,post,https://avesnativaschilenas.cl/nidos/descubre-el-paraiso-para-tus-pajaros-exoticos-nido-de-bambu-kerbl-solo-por-tiempo-limitado/,"¡Descubre el paraíso para tus pájaros exóticos! Nido de bambú Kerbl, solo por tiempo limitado.",8302,3
pajaros pequeños de colores,mixto,SI,post,https://avesnativaschilenas.cl/jaulas/portatiles/descubre-la-jaula-de-pajaros-perfecta-ideal-para-animales-pequenos-y-aventura-al-aire-libre/,¡Descubre la Jaula de Pájaros Perfecta! Ideal para Animales Pequeños y Aventura al Aire Libre,8108,3
pajaros pequeños domesticos,mixto,SI,post,https://avesnativaschilenas.cl/blog/pajaros-domesticos-pequenos/,pájaros domésticos pequeños,10416,3
pajaros silvestres chilenos,mixto,SI/Parcial,post,https://avesnativaschilenas.cl/nidos/descubre-el-nido-de-aves-silvestres-de-madera-que-transformara-tu-jardin-en-un-paraiso-de-pajaros/,Descubre el nido de aves silvestres de madera que transformará tu jardín en un paraíso de pájaros,7693,2
palabra aguila en la biblia,mixto,SI,post,https://avesnativaschilenas.cl/aguilas/caracteristicas-de-las-aguilas-segun-la-biblia/,El Aguila en la Biblia: significado espiritual y versiculos clave,1857,4
para espantar a las palomas,mixto,SI,post,https://avesnativaschilenas.cl/tienda/descubre-el-secreto-para-mantener-felices-y-saludables-a-tus-pajaros-con-las-perchas-comius/,¡Descubre el secreto para mantener felices y saludables a tus pájaros con las perchas Comius!,7428,3
pasta de cria para canarios,mixto,SI,post,https://avesnativaschilenas.cl/jaulas/para-canarios/,Jaulas para Canarios: Guia de Compra para tu Pajaro Cantor,15280,100
perico australiano amarillo,mixto,SI,post,https://avesnativaschilenas.cl/jaulas/para-periquitos/,Jaulas para Periquitos: Guia de Compra Completa 2026,15284,100
periquito de rabadilla roja,mixto,SI,post,https://avesnativaschilenas.cl/jaulas/para-periquitos/,Jaulas para Periquitos: Guia de Compra Completa 2026,15284,100
picaflor colibri diferencia,mixto,SI,post,https://avesnativaschilenas.cl/picaflor/que-diferencia-hay-entre-un-colibri-y-un-picaflor/,Colibrí vs Picaflor: ¿Son lo mismo? 7 diferencias clave que los distinguen,9420,3
precio de codorniz ponedora,comercial,SI,post,https://avesnativaschilenas.cl/jaulas/para-gallinas-ponedoras/,Jaulas para Gallinas Ponedoras: Guia de Compra 2026,15281,100
precio de cotorra argentina,comercial,SI,post,https://avesnativaschilenas.cl/jaulas/para-loros/descubre-el-secreto-para-mantener-la-jaula-de-tu-loro-siempre-limpia-y-fresca/,¡Descubre el secreto para mantener la jaula de tu loro siempre limpia y fresca!,8533,100
precio de jaula para gallos,comercial,SI,post,https://avesnativaschilenas.cl/jaulas/accesorios-para-jaulas/,Accesorios para Jaulas de Aves: Todo lo que Necesitas,15289,100
precio de pajareras grandes,comercial,SI,post,https://avesnativaschilenas.cl/jaulas/pajareras/,Pajareras para Jardin: Guia de Compra y Decoracion,15278,100
precio de una cacatua ninfa,comercial,SI,post,https://avesnativaschilenas.cl/jaulas/para-loros/descubre-el-secreto-para-mantener-la-jaula-de-tu-loro-siempre-limpia-y-fresca/,¡Descubre el secreto para mantener la jaula de tu loro siempre limpia y fresca!,8533,100
precio de una codorniz viva,comercial,SI,post,https://avesnativaschilenas.cl/jaulas/para-gallinas-ponedoras/,Jaulas para Gallinas Ponedoras: Guia de Compra 2026,15281,100
pájaro de pecho rojo nombre,mixto,SI,post,https://avesnativaschilenas.cl/blog/pajaro-pecho-rojo-chile/,pajaro pecho rojo chile,6801,3
pájaro más bonito del mundo,mixto,SI,post,https://avesnativaschilenas.cl/blog/cual-es-el-ave-con-el-pico-mas-largo-del-mundo/,cual es el ave con el pico mas largo del mundo,9428,3
pájaros domésticos pequeños,mixto,SI,post,https://avesnativaschilenas.cl/blog/pajaros-domesticos-pequenos/,pájaros domésticos pequeños,10416,3
pájaros exóticos de colores,mixto,SI,post,https://avesnativaschilenas.cl/nidos/descubre-el-paraiso-para-tus-pajaros-exoticos-nido-de-bambu-kerbl-solo-por-tiempo-limitado/,"¡Descubre el paraíso para tus pájaros exóticos! Nido de bambú Kerbl, solo por tiempo limitado.",8302,3
pájaros exóticos domésticos,mixto,SI/Parcial,post,https://avesnativaschilenas.cl/blog/pajaros-domesticos-pequenos/,pájaros domésticos pequeños,10416,2
pájaros que hablan y cantan,mixto,SI,post,https://avesnativaschilenas.cl/nidos/descubre-el-corazon-animal-salvaje-la-casa-de-pajaros-que-tus-grandes-tetas-y-compania-adoran/,¡Descubre el corazón Animal Salvaje: la casa de pájaros que tus grandes tetas y compañía adoran!,8509,3
pájaros rojos y sus nombres,mixto,SI,post,https://avesnativaschilenas.cl/redes/protege-tu-jardin-como-nunca-antes-descubre-la-increible-red-anti-pajaros-de-4x15m-y-sus-fantasticas-herramientas-de-instalacion-no-dejes-que-los-pajaros-arruinen-tu-oasis-verde/,¡Protege tu jardín como nunca antes! Descubre la increíble Red Anti-pájaros de 4x15M y sus fantásticas herramientas de instalación. ¡No dejes que los pájaros arruinen tu oasis verde!,7100,3
pájaros tropicales pequeños,mixto,SI/Parcial,post,https://avesnativaschilenas.cl/blog/pajaros-domesticos-pequenos/,pájaros domésticos pequeños,10416,2
que come un zorzal en jaula,mixto,SI,post,https://avesnativaschilenas.cl/jaulas/accesorios-para-jaulas/,Accesorios para Jaulas de Aves: Todo lo que Necesitas,15289,100
que comen los codorniz bebe,mixto,SI,post,https://avesnativaschilenas.cl/jaulas/para-gallinas-ponedoras/,Jaulas para Gallinas Ponedoras: Guia de Compra 2026,15281,100
razas de pájaros silvestres,mixto,SI,post,https://avesnativaschilenas.cl/nidos/descubre-el-nido-de-aves-silvestres-de-madera-que-transformara-tu-jardin-en-un-paraiso-de-pajaros/,Descubre el nido de aves silvestres de madera que transformará tu jardín en un paraíso de pájaros,7693,3
ruidos de pajaros nocturnos,mixto,SI/Parcial,post,https://avesnativaschilenas.cl/rapaces/lechuza/pajaros-blancos-que-vuelan-de-noche/,5 Fascinantes Pájaros Blancos que Vuelan de Noche,11061,2
significado de buho en dije,informacional,SI,post,https://avesnativaschilenas.cl/rapaces/lechuza/significado-de-ver-un-buho-blanco-en-la-noche/,significado de ver un buho blanco en la noche,9442,4
significado de búho en casa,informacional,SI,post,https://avesnativaschilenas.cl/rapaces/lechuza/significado-de-ver-un-buho-blanco-en-la-noche/,significado de ver un buho blanco en la noche,9442,4
significado de dije de buho,informacional,SI,post,https://avesnativaschilenas.cl/rapaces/lechuza/significado-de-ver-un-buho-blanco-en-la-noche/,significado de ver un buho blanco en la noche,9442,3
significado de isaias 40 31,informacional,SI/Parcial,post,https://avesnativaschilenas.cl/picaflor/significado-espiritual-del-colibri-y-tatuajes-de-picaflor/,Significado espiritual del colibrí y tatuajes de picaflor: simbolismo y creencias,14221,2
sobre alas de águila biblia,mixto,SI,post,https://avesnativaschilenas.cl/aguilas/caracteristicas-de-las-aguilas-segun-la-biblia/,El Aguila en la Biblia: significado espiritual y versiculos clave,1857,3
sonido de pajaros nocturnos,mixto,SI,post,https://avesnativaschilenas.cl/jaulas/nidos-para-aves/,"Nidos para Aves: Tipos, Materiales y Como Elegir el Mejor",15288,100
sonido de pájaros nocturnos,mixto,SI,post,https://avesnativaschilenas.cl/jaulas/nidos-para-aves/,"Nidos para Aves: Tipos, Materiales y Como Elegir el Mejor",15288,100
tero significado espiritual,informacional,SI/Parcial,post,https://avesnativaschilenas.cl/picaflor/significado-espiritual-del-colibri-y-tatuajes-de-picaflor/,Significado espiritual del colibrí y tatuajes de picaflor: simbolismo y creencias,14221,2
tienda de jaulas para loros,comercial,SI,post,https://avesnativaschilenas.cl/jaulas/accesorios-para-jaulas/,Accesorios para Jaulas de Aves: Todo lo que Necesitas,15289,100
tiendas de aves cerca de mi,comercial,SI/Parcial,post,https://avesnativaschilenas.cl/jaulas/accesorios-para-jaulas/,Accesorios para Jaulas de Aves: Todo lo que Necesitas,15289,2
tipo de pajaros carpinteros,mixto,SI/Parcial,post,https://avesnativaschilenas.cl/cuidados/tipo-de-alimentacion-de-las-aves/,Descubre los Tipos de Alimentación de las Aves: Guía Completa para Entender sus Dietas,11359,2
tipos de aves y sus nombres,informacional,SI,post,https://avesnativaschilenas.cl/cuidados/tipo-de-alimentacion-de-las-aves/,Descubre los Tipos de Alimentación de las Aves: Guía Completa para Entender sus Dietas,11359,4
tipos de canarios timbrados,informacional,SI,post,https://avesnativaschilenas.cl/jaulas/para-canarios/,Jaulas para Canarios: Guia de Compra para tu Pajaro Cantor,15280,100
tipos de faisanes y precios,comercial,SI,post,https://avesnativaschilenas.cl/acuaticas/patos-chilenos/,"Patos de Chile: Tipos, Especies y Guia de Identificacion",15251,3
tipos de huevos de codorniz,informacional,SI,post,https://avesnativaschilenas.cl/jaulas/para-gallinas-ponedoras/,Jaulas para Gallinas Ponedoras: Guia de Compra 2026,15281,100
tipos de jaulas para gallos,informacional,SI,post,https://avesnativaschilenas.cl/jaulas/accesorios-para-jaulas/,Accesorios para Jaulas de Aves: Todo lo que Necesitas,15289,100
tipos de pajaros argentinos,informacional,SI/Parcial,post,https://avesnativaschilenas.cl/acuaticas/patos-chilenos/,"Patos de Chile: Tipos, Especies y Guia de Identificacion",15251,2
tipos de pajaros que hablan,informacional,SI,post,https://avesnativaschilenas.cl/rapaces/lechuza/pajaros-blancos-que-vuelan-de-noche/,5 Fascinantes Pájaros Blancos que Vuelan de Noche,11061,3
tipos de pájaros de colores,informacional,SI/Parcial,post,https://avesnativaschilenas.cl/acuaticas/patos-chilenos/,"Patos de Chile: Tipos, Especies y Guia de Identificacion",15251,2
tipos de pájaros silvestres,informacional,SI,post,https://avesnativaschilenas.cl/nidos/descubre-el-nido-de-aves-silvestres-de-madera-que-transformara-tu-jardin-en-un-paraiso-de-pajaros/,Descubre el nido de aves silvestres de madera que transformará tu jardín en un paraíso de pájaros,7693,3
todo sobre el condor andino,mixto,SI,post,https://avesnativaschilenas.cl/terrestres/faisan/,Descubre todo sobre el faisan chileno y los faisanes,2892,3
todo tipo de aves del mundo,mixto,SI,post,https://avesnativaschilenas.cl/rapaces/excremento-de-las-aves-de-rapina/,El Curioso Mundo del Excremento de las Aves de Rapiña: Más Allá de un Simple Desecho,1903,4
todos los pájaros del mundo,mixto,SI,post,https://avesnativaschilenas.cl/nidos/descubre-el-magico-mundo-de-los-pajaros-comederos-de-madera-que-transformaran-tu-jardin/,Descubre el mágico mundo de los pájaros: ¡Comederos de madera que transformarán tu jardín!,7436,3
trampa para agarrar palomas,mixto,SI/Parcial,post,https://avesnativaschilenas.cl/jaulas/portatiles/descubre-la-jaula-plegable-perfecta-para-tus-mascotas-ideal-para-viajar-con-palomas-y-conejos/,Descubre la jaula plegable perfecta para tus mascotas: ¡ideal para viajar con palomas y conejos!,8605,2
trampa para cazar jilgueros,mixto,NO,,,,,1
venta de aves en costa rica,comercial,SI,post,https://avesnativaschilenas.cl/blog/importancia-de-las-aves-en-chile/,Importancia de las aves en Chile: su rol en los ecosistemas y la conservacion nacional,15082,3
venta de codornices blancas,comercial,SI,post,https://avesnativaschilenas.cl/jaulas/para-gallinas-ponedoras/,Jaulas para Gallinas Ponedoras: Guia de Compra 2026,15281,100
venta de codornices hembras,comercial,SI,post,https://avesnativaschilenas.cl/jaulas/para-gallinas-ponedoras/,Jaulas para Gallinas Ponedoras: Guia de Compra 2026,15281,100
venta de jaula para pajaros,comercial,SI,post,https://avesnativaschilenas.cl/jaulas/accesorios-para-jaulas/,Accesorios para Jaulas de Aves: Todo lo que Necesitas,15289,100
venta de jaulas de canarios,comercial,SI,post,https://avesnativaschilenas.cl/jaulas/accesorios-para-jaulas/,Accesorios para Jaulas de Aves: Todo lo que Necesitas,15289,100
venta de jaulas para ninfas,comercial,SI,post,https://avesnativaschilenas.cl/jaulas/accesorios-para-jaulas/,Accesorios para Jaulas de Aves: Todo lo que Necesitas,15289,100
venta de pájaros silvestres,comercial,SI,post,https://avesnativaschilenas.cl/nidos/descubre-el-nido-de-aves-silvestres-de-madera-que-transformara-tu-jardin-en-un-paraiso-de-pajaros/,Descubre el nido de aves silvestres de madera que transformará tu jardín en un paraíso de pájaros,7693,3
venta de pájaros tropicales,comercial,SI/Parcial,post,https://avesnativaschilenas.cl/rapaces/lechuza/pajaros-blancos-que-vuelan-de-noche/,5 Fascinantes Pájaros Blancos que Vuelan de Noche,11061,2
venta de semillas para aves,comercial,SI,post,https://avesnativaschilenas.cl/jaulas/accesorios-para-jaulas/,Accesorios para Jaulas de Aves: Todo lo que Necesitas,15289,3
versiculo sobre las aguilas,mixto,SI/Parcial,post,https://avesnativaschilenas.cl/cuidados/de-que-se-alimentan-las-aves/,¿De qué se alimentan las aves? Guía completa sobre la dieta aviar,11353,2
voladero de perdices casero,mixto,SI,post,https://avesnativaschilenas.cl/jaulas/para-gallinas-ponedoras/,Jaulas para Gallinas Ponedoras: Guia de Compra 2026,15281,100
voladeros para gallos finos,mixto,SI,post,https://avesnativaschilenas.cl/jaulas/para-gallinas-ponedoras/,Jaulas para Gallinas Ponedoras: Guia de Compra 2026,15281,100
animal nacional de colombia,mixto,SI,post,https://avesnativaschilenas.cl/rapaces/porque-el-condor-es-el-ave-nacional-de-colombia/,porque el condor es el ave nacional de colombia,9444,3
aves chilenas y sus nombres,mixto,SI,post,https://avesnativaschilenas.cl/gaviotas/la-vida-secreta-de-las-aves-marinas/,La Vida Secreta de las Aves Marinas: Descubre sus Hábitos y Misterios,11042,3
aves de chile guia de campo,mixto,SI,post,https://avesnativaschilenas.cl/pato/donde-viven-los-patos-y-de-que-se-alimentan/,Donde viven los patos y de que se alimentan: guia completa de aves acuaticas en Chile,9370,4
cachudito de juan fernández,mixto,SI,post,https://avesnativaschilenas.cl/terrestres/el-cachudito-de-juan-fernandez/,El Cachudito de Juan Fernández: Una especie en peligro de extinción,2198,4
golondrina de mar de collar,mixto,SI,post,https://avesnativaschilenas.cl/blog/golondrina-de-mar/,golondrina de mar,6664,3
jaulas grandes para pájaros,mixto,SI,post,https://avesnativaschilenas.cl/jaulas/accesorios-para-jaulas/,Accesorios para Jaulas de Aves: Todo lo que Necesitas,15289,100
jaulas para pajaros diseños,mixto,SI,post,https://avesnativaschilenas.cl/jaulas/accesorios-para-jaulas/,Accesorios para Jaulas de Aves: Todo lo que Necesitas,15289,100
nombres de pájaros chilenos,mixto,SI/Parcial,post,https://avesnativaschilenas.cl/acuaticas/patos-chilenos/,"Patos de Chile: Tipos, Especies y Guia de Identificacion",15251,2
pajaro de 7 colores chileno,mixto,SI/Parcial,post,https://avesnativaschilenas.cl/jaulas/para-canarios/,Jaulas para Canarios: Guia de Compra para tu Pajaro Cantor,15280,2
pavos reales macho y hembra,mixto,SI,post,https://avesnativaschilenas.cl/cuidados/como-distinguir-un-pavo-real-macho-de-una-hembra/,Como distinguir un pavo real macho de una hembra: diferencias reales y fotos,9393,4
aguila de los estados unidos,mixto,SI,post,https://avesnativaschilenas.cl/jaulas/nidos-para-aves/,"Nidos para Aves: Tipos, Materiales y Como Elegir el Mejor",15288,100
aguila para espantar palomas,mixto,SI/Parcial,post,https://avesnativaschilenas.cl/jaulas/portatiles/descubre-la-jaula-plegable-perfecta-para-tus-mascotas-ideal-para-viajar-con-palomas-y-conejos/,Descubre la jaula plegable perfecta para tus mascotas: ¡ideal para viajar con palomas y conejos!,8605,2
albatros airlines itinerario,mixto,NO,,,,,1
alimentacion aves de postura,informacional,SI,post,https://avesnativaschilenas.cl/cuidados/tipo-de-alimentacion-de-las-aves/,Descubre los Tipos de Alimentación de las Aves: Guía Completa para Entender sus Dietas,11359,3
alimentacion de los canarios,informacional,SI,post,https://avesnativaschilenas.cl/jaulas/para-canarios/,Jaulas para Canarios: Guia de Compra para tu Pajaro Cantor,15280,100
alimentacion para codornices,informacional,SI,post,https://avesnativaschilenas.cl/jaulas/para-gallinas-ponedoras/,Jaulas para Gallinas Ponedoras: Guia de Compra 2026,15281,100
alimentación para periquitos,informacional,SI,post,https://avesnativaschilenas.cl/jaulas/para-periquitos/,Jaulas para Periquitos: Guia de Compra Completa 2026,15284,100
alimentar pajaros silvestres,mixto,SI/Parcial,post,https://avesnativaschilenas.cl/nidos/descubre-el-nido-de-aves-silvestres-de-madera-que-transformara-tu-jardin-en-un-paraiso-de-pajaros/,Descubre el nido de aves silvestres de madera que transformará tu jardín en un paraíso de pájaros,7693,2
alimento para pelecha gallos,mixto,SI,post,https://avesnativaschilenas.cl/jaulas/para-gallinas-ponedoras/,Jaulas para Gallinas Ponedoras: Guia de Compra 2026,15281,100
alimento pellets para gallos,mixto,SI,post,https://avesnativaschilenas.cl/jaulas/para-gallinas-ponedoras/,Jaulas para Gallinas Ponedoras: Guia de Compra 2026,15281,100
alimento que comen los patos,mixto,SI,post,https://avesnativaschilenas.cl/pato/pueden-los-patos-ser-animales-domesticos/,¿Pueden los patos ser animales domésticos? Todo lo que necesitas saber,9736,3
alimentos para pajaros bebes,mixto,SI/Parcial,post,https://avesnativaschilenas.cl/jaulas/voladeras/,Voladeras para Aves: Como Elegir la Mejor para tus Pajaros,15277,2
alimentos purina para gallos,mixto,SI,post,https://avesnativaschilenas.cl/jaulas/para-gallinas-ponedoras/,Jaulas para Gallinas Ponedoras: Guia de Compra 2026,15281,100
alimentos toxicos para loros,mixto,SI,post,https://avesnativaschilenas.cl/jaulas/para-loros/descubre-el-secreto-para-mantener-la-jaula-de-tu-loro-siempre-limpia-y-fresca/,¡Descubre el secreto para mantener la jaula de tu loro siempre limpia y fresca!,8533,100
amazonas aestiva frente azul,navegacional,NO,,,,,1
arboles originarios de chile,mixto,SI/Parcial,post,https://avesnativaschilenas.cl/acuaticas/patos-chilenos/,"Patos de Chile: Tipos, Especies y Guia de Identificacion",15251,2
ave gallinácea de larga cola,mixto,SI,post,https://avesnativaschilenas.cl/jaulas/para-gallinas-ponedoras/,Jaulas para Gallinas Ponedoras: Guia de Compra 2026,15281,100
aves autóctonas de argentina,mixto,SI,post,https://avesnativaschilenas.cl/blog/que-aves-se-pueden-tener-de-mascota-en-argentina/,que aves se pueden tener de mascota en argentina,10418,3
aves del mundo y sus nombres,mixto,SI,post,https://avesnativaschilenas.cl/gaviotas/la-vida-secreta-de-las-aves-marinas/,La Vida Secreta de las Aves Marinas: Descubre sus Hábitos y Misterios,11042,3
aves silvestres de argentina,mixto,SI,post,https://avesnativaschilenas.cl/blog/que-aves-se-pueden-tener-de-mascota-en-argentina/,que aves se pueden tener de mascota en argentina,10418,3
bailarin danza contemporanea,mixto,NO,,,,,1
bailarin de ballet argentino,mixto,SI/Parcial,post,https://avesnativaschilenas.cl/rapaces/bailarin/,"Pajaro Bailarín, la Elegante Ave de Rapiña de Chile",1694,2
bailarin mikhail baryshnikov,mixto,NO,,,,,1
bailarina de ballet española,mixto,NO,,,,,1
bailarina de ballet mexicana,mixto,NO,,,,,1
bailarina de ballet uruguaya,mixto,NO,,,,,1
bailarina profesional urbano,mixto,NO,,,,,0
bailarín de ballet argentino,mixto,SI/Parcial,post,https://avesnativaschilenas.cl/rapaces/bailarin/,"Pajaro Bailarín, la Elegante Ave de Rapiña de Chile",1694,2
bailarín ruso rudolf nureyev,mixto,NO,,,,,1
ballet argentino julio bocca,mixto,NO,,,,,0
bandurria instrumento precio,comercial,NO,,,,,1
bebederos para aves en jaula,mixto,SI,post,https://avesnativaschilenas.cl/jaulas/accesorios-para-jaulas/,Accesorios para Jaulas de Aves: Todo lo que Necesitas,15289,100
bebederos para loros grandes,mixto,SI,post,https://avesnativaschilenas.cl/tienda/comederos/,Los mejores comederos para jaulas de pájaros : guía de compra y recomendaciones,2194,100
bonitas jaulas para canarios,mixto,SI,post,https://avesnativaschilenas.cl/jaulas/accesorios-para-jaulas/,Accesorios para Jaulas de Aves: Todo lo que Necesitas,15289,100
búhos significado espiritual,informacional,SI/Parcial,post,https://avesnativaschilenas.cl/picaflor/significado-espiritual-del-colibri-y-tatuajes-de-picaflor/,Significado espiritual del colibrí y tatuajes de picaflor: simbolismo y creencias,14221,2
cantidad de aves en el mundo,mixto,SI,post,https://avesnativaschilenas.cl/blog/quebrada-de-cordova/,Quebrada de Córdova: El paraíso escondido para observar aves en El Tabo,11125,4
caracteristicas de la paloma,informacional,SI,post,https://avesnativaschilenas.cl/cuidados/como-saber-la-edad-de-un-pichon-de-paloma/,como saber la edad de un pichón de paloma,9411,3
caracteristicas de los patos,informacional,SI,post,https://avesnativaschilenas.cl/pato/donde-viven-los-patos-y-de-que-se-alimentan/,Donde viven los patos y de que se alimentan: guia completa de aves acuaticas en Chile,9370,3
chroicocephalus maculipennis,mixto,NO,,,,,0
chucho valdés lorena salcedo,mixto,NO,,,,,0
ciclo de vida de la codorniz,mixto,SI,post,https://avesnativaschilenas.cl/jaulas/para-gallinas-ponedoras/,Jaulas para Gallinas Ponedoras: Guia de Compra 2026,15281,100
clases de aves y sus nombres,mixto,SI,post,https://avesnativaschilenas.cl/gaviotas/la-vida-secreta-de-las-aves-marinas/,La Vida Secreta de las Aves Marinas: Descubre sus Hábitos y Misterios,11042,4
clases de pájaros silvestres,mixto,SI,post,https://avesnativaschilenas.cl/nidos/descubre-el-nido-de-aves-silvestres-de-madera-que-transformara-tu-jardin-en-un-paraiso-de-pajaros/,Descubre el nido de aves silvestres de madera que transformará tu jardín en un paraíso de pájaros,7693,3
colegio nido de aguila chile,mixto,SI,post,https://avesnativaschilenas.cl/jaulas/nidos-para-aves/,"Nidos para Aves: Tipos, Materiales y Como Elegir el Mejor",15288,100
colibri republica dominicana,mixto,NO,,,,,1
colores del pavo real hembra,mixto,SI,post,https://avesnativaschilenas.cl/terrestres/pavo-real-diferencias-entre-macho-y-hembra-fotos/,Pavo Real: Diferencias entre Macho y Hembra + Fotos,11823,3
colores del timbrado español,mixto,SI,post,https://avesnativaschilenas.cl/jaulas/para-canarios/,Jaulas para Canarios: Guia de Compra para tu Pajaro Cantor,15280,100
comedero casero para colibri,mixto,SI,post,https://avesnativaschilenas.cl/tienda/comederos/,Los mejores comederos para jaulas de pájaros : guía de compra y recomendaciones,2194,100
comedero casero para pajaros,mixto,SI,post,https://avesnativaschilenas.cl/tienda/comederos/,Los mejores comederos para jaulas de pájaros : guía de compra y recomendaciones,2194,100
comedero casero para pájaros,mixto,SI,post,https://avesnativaschilenas.cl/tienda/comederos/,Los mejores comederos para jaulas de pájaros : guía de compra y recomendaciones,2194,100
comedero para aves de madera,mixto,SI,post,https://avesnativaschilenas.cl/tienda/comederos/,Los mejores comederos para jaulas de pájaros : guía de compra y recomendaciones,2194,100
comedero para aves reciclado,mixto,SI,post,https://avesnativaschilenas.cl/tienda/comederos/,Los mejores comederos para jaulas de pájaros : guía de compra y recomendaciones,2194,100
comedero para colibri casero,mixto,SI,post,https://avesnativaschilenas.cl/tienda/comederos/,Los mejores comederos para jaulas de pájaros : guía de compra y recomendaciones,2194,100
comedero para pajaros jardin,mixto,SI,post,https://avesnativaschilenas.cl/tienda/comederos/,Los mejores comederos para jaulas de pájaros : guía de compra y recomendaciones,2194,100
comedero para palomas casero,mixto,SI,post,https://avesnativaschilenas.cl/tienda/comederos/,Los mejores comederos para jaulas de pájaros : guía de compra y recomendaciones,2194,100
comedero para pájaros madera,mixto,SI,post,https://avesnativaschilenas.cl/tienda/comederos/,Los mejores comederos para jaulas de pájaros : guía de compra y recomendaciones,2194,100
comedero tolva para canarios,mixto,SI,post,https://avesnativaschilenas.cl/tienda/comederos/,Los mejores comederos para jaulas de pájaros : guía de compra y recomendaciones,2194,100
comederos de aves silvestres,mixto,SI,post,https://avesnativaschilenas.cl/tienda/comederos/,Los mejores comederos para jaulas de pájaros : guía de compra y recomendaciones,2194,100
comederos de barro para aves,mixto,SI,post,https://avesnativaschilenas.cl/tienda/comederos/,Los mejores comederos para jaulas de pájaros : guía de compra y recomendaciones,2194,100
comederos de gallos de pelea,mixto,SI,post,https://avesnativaschilenas.cl/tienda/comederos/,Los mejores comederos para jaulas de pájaros : guía de compra y recomendaciones,2194,100
comederos jaula para pajaros,mixto,SI,post,https://avesnativaschilenas.cl/jaulas/accesorios-para-jaulas/,Accesorios para Jaulas de Aves: Todo lo que Necesitas,15289,100
comederos para aves en jaula,mixto,SI,post,https://avesnativaschilenas.cl/jaulas/accesorios-para-jaulas/,Accesorios para Jaulas de Aves: Todo lo que Necesitas,15289,100
comederos para aves pequeñas,mixto,SI,post,https://avesnativaschilenas.cl/tienda/comederos/,Los mejores comederos para jaulas de pájaros : guía de compra y recomendaciones,2194,100
comederos para loros grandes,mixto,SI,post,https://avesnativaschilenas.cl/tienda/comederos/,Los mejores comederos para jaulas de pájaros : guía de compra y recomendaciones,2194,100
comederos para pajaros jaula,mixto,SI,post,https://avesnativaschilenas.cl/jaulas/accesorios-para-jaulas/,Accesorios para Jaulas de Aves: Todo lo que Necesitas,15289,100
comederos tolva para pajaros,mixto,SI,post,https://avesnativaschilenas.cl/tienda/comederos/,Los mejores comederos para jaulas de pájaros : guía de compra y recomendaciones,2194,100
comida para pajaros pequeños,mixto,SI,post,https://avesnativaschilenas.cl/jaulas/portatiles/descubre-la-jaula-de-pajaros-perfecta-ideal-para-animales-pequenos-y-aventura-al-aire-libre/,¡Descubre la Jaula de Pájaros Perfecta! Ideal para Animales Pequeños y Aventura al Aire Libre,8108,3
comida para palomas pichones,mixto,SI/Parcial,post,https://avesnativaschilenas.cl/jaulas/portatiles/descubre-la-jaula-plegable-perfecta-para-tus-mascotas-ideal-para-viajar-con-palomas-y-conejos/,Descubre la jaula plegable perfecta para tus mascotas: ¡ideal para viajar con palomas y conejos!,8605,2
comida para pichon de paloma,mixto,SI,post,https://avesnativaschilenas.cl/cuidados/como-darle-de-comer-a-un-pichon-de-paloma/,Como alimentar a un pichon de paloma: guia segura paso a paso,9458,3
como cuidar pichon de paloma,informacional,SI,post,https://avesnativaschilenas.cl/cuidados/como-darle-de-comer-a-un-pichon-de-paloma/,Como alimentar a un pichon de paloma: guia segura paso a paso,9458,4
como hacer nidos de canarios,informacional,SI,post,https://avesnativaschilenas.cl/jaulas/para-canarios/,Jaulas para Canarios: Guia de Compra para tu Pajaro Cantor,15280,100
compra de huevos de codorniz,comercial,SI,post,https://avesnativaschilenas.cl/jaulas/para-gallinas-ponedoras/,Jaulas para Gallinas Ponedoras: Guia de Compra 2026,15281,100
compra y venta de codornices,comercial,SI,post,https://avesnativaschilenas.cl/jaulas/para-gallinas-ponedoras/,Jaulas para Gallinas Ponedoras: Guia de Compra 2026,15281,100
comprar codornices ponedoras,comercial,SI,post,https://avesnativaschilenas.cl/jaulas/para-gallinas-ponedoras/,Jaulas para Gallinas Ponedoras: Guia de Compra 2026,15281,100
condor bus terminal santiago,mixto,NO,,,,,1
cotorras que hablan y cantan,mixto,SI,post,https://avesnativaschilenas.cl/jaulas/para-loros/descubre-el-secreto-para-mantener-la-jaula-de-tu-loro-siempre-limpia-y-fresca/,¡Descubre el secreto para mantener la jaula de tu loro siempre limpia y fresca!,8533,100
criadero aves exoticas chile,mixto,SI/Parcial,post,https://avesnativaschilenas.cl/blog/importancia-de-las-aves-en-chile/,Importancia de las aves en Chile: su rol en los ecosistemas y la conservacion nacional,15082,2
criadero de aves en peñaflor,mixto,SI,post,https://avesnativaschilenas.cl/blog/importancia-de-las-aves-en-chile/,Importancia de las aves en Chile: su rol en los ecosistemas y la conservacion nacional,15082,3
criadero de aves en santiago,mixto,SI,post,https://avesnativaschilenas.cl/blog/importancia-de-las-aves-en-chile/,Importancia de las aves en Chile: su rol en los ecosistemas y la conservacion nacional,15082,3
criadero de pajaros exoticos,mixto,SI,post,https://avesnativaschilenas.cl/nidos/descubre-el-paraiso-para-tus-pajaros-exoticos-nido-de-bambu-kerbl-solo-por-tiempo-limitado/,"¡Descubre el paraíso para tus pájaros exóticos! Nido de bambú Kerbl, solo por tiempo limitado.",8302,3
cría de canarios en voladera,mixto,SI,post,https://avesnativaschilenas.cl/jaulas/para-canarios/,Jaulas para Canarios: Guia de Compra para tu Pajaro Cantor,15280,100
cuál es el pájaro más bonito,mixto,SI,post,https://avesnativaschilenas.cl/cuidados/cual-es-el-mejor-pajaro-para-tener-en-casa/,cuál es el mejor pájaro para tener en casa,9452,4
cuáles son las aves exóticas,mixto,SI,post,https://avesnativaschilenas.cl/rapaces/que-tan-monogamas-son-las-aves-rapaces-en-chile/,Qué tan monógamas son las aves rapaces en Chile,9759,3
cóndor con las alas abiertas,mixto,SI,post,https://avesnativaschilenas.cl/aguilas/cuanto-mide-un-aguila-real-con-las-alas-abiertas/,Cuanto mide un aguila real con las alas abiertas,9362,4
de que color es el pavo real,mixto,SI,post,https://avesnativaschilenas.cl/blog/el-pavo-real-esta-en-peligro-de-extincion/,El Pavo Real en Peligro de Extinción: Todo lo que Necesitas Saber para Protegerlo,9999,5
de que color son los pericos,mixto,SI,post,https://avesnativaschilenas.cl/jaulas/para-periquitos/,Jaulas para Periquitos: Guia de Compra Completa 2026,15284,100
de que se alimenta el perico,mixto,SI,post,https://avesnativaschilenas.cl/jaulas/para-periquitos/,Jaulas para Periquitos: Guia de Compra Completa 2026,15284,100
de que se alimenta los loros,mixto,SI,post,https://avesnativaschilenas.cl/jaulas/para-loros/descubre-el-secreto-para-mantener-la-jaula-de-tu-loro-siempre-limpia-y-fresca/,¡Descubre el secreto para mantener la jaula de tu loro siempre limpia y fresca!,8533,100
de qué color es el pavo real,mixto,SI,post,https://avesnativaschilenas.cl/blog/el-pavo-real-esta-en-peligro-de-extincion/,El Pavo Real en Peligro de Extinción: Todo lo que Necesitas Saber para Protegerlo,9999,5
de qué color es un pavo real,mixto,SI,post,https://avesnativaschilenas.cl/cuidados/de-que-color-son-los-huevos-de-pavo-real/,de que color son los huevos de pavo real,9364,5
diamante mandarin cara negra,mixto,SI/Parcial,post,https://avesnativaschilenas.cl/cuidados/guia-completa-para-el-cuidado-de-tu-diamante-mandarin-primeros-pasos-esenciales-para-asegurar-su-bienestar/,Guía Completa para el Cuidado de tu Diamante Mandarín: Primeros Pasos Esenciales para Asegurar su Bienestar,7383,2
diferentes clases de pajaros,mixto,SI/Parcial,post,https://avesnativaschilenas.cl/rapaces/lechuza/pajaros-blancos-que-vuelan-de-noche/,5 Fascinantes Pájaros Blancos que Vuelan de Noche,11061,2
diferentes clases de pájaros,mixto,SI/Parcial,post,https://avesnativaschilenas.cl/rapaces/lechuza/pajaros-blancos-que-vuelan-de-noche/,5 Fascinantes Pájaros Blancos que Vuelan de Noche,11061,2
diferentes tipos de cotorras,informacional,SI,post,https://avesnativaschilenas.cl/jaulas/para-loros/descubre-el-secreto-para-mantener-la-jaula-de-tu-loro-siempre-limpia-y-fresca/,¡Descubre el secreto para mantener la jaula de tu loro siempre limpia y fresca!,8533,100
diferentes tipos de faisanes,informacional,SI,post,https://avesnativaschilenas.cl/rapaces/buhos/,Descubre los diferentes tipos de búhos pequeños: guía completa,2254,3
el nido del condor manizales,mixto,SI,post,https://avesnativaschilenas.cl/jaulas/nidos-para-aves/,"Nidos para Aves: Tipos, Materiales y Como Elegir el Mejor",15288,100
especies de aves de colombia,informacional,SI,post,https://avesnativaschilenas.cl/marina/aves-de-isla-de-pascua-rapa-nui/,"Aves de Isla de Pascua (Rapa Nui): guía completa de especies, cultura y conservación",14225,3
especies de aves migratorias,informacional,SI,post,https://avesnativaschilenas.cl/marina/aves-de-isla-de-pascua-rapa-nui/,"Aves de Isla de Pascua (Rapa Nui): guía completa de especies, cultura y conservación",14225,3
especies de pajaros en chile,informacional,SI,page,https://avesnativaschilenas.cl/gaviotas/,"Gaviotas en Chile: Especies, Tipos y Guia de Identificacion",14226,4
especies de pajaros pequeños,informacional,SI,post,https://avesnativaschilenas.cl/jaulas/portatiles/descubre-la-jaula-de-pajaros-perfecta-ideal-para-animales-pequenos-y-aventura-al-aire-libre/,¡Descubre la Jaula de Pájaros Perfecta! Ideal para Animales Pequeños y Aventura al Aire Libre,8108,3
especies de pájaros pequeños,informacional,SI,post,https://avesnativaschilenas.cl/jaulas/portatiles/descubre-la-jaula-de-pajaros-perfecta-ideal-para-animales-pequenos-y-aventura-al-aire-libre/,¡Descubre la Jaula de Pájaros Perfecta! Ideal para Animales Pequeños y Aventura al Aire Libre,8108,3
existen los cuervos en chile,mixto,SI,post,https://avesnativaschilenas.cl/blog/importancia-de-las-aves-en-chile/,Importancia de las aves en Chile: su rol en los ecosistemas y la conservacion nacional,15082,3
fotos de jaulas para pájaros,mixto,SI,post,https://avesnativaschilenas.cl/jaulas/accesorios-para-jaulas/,Accesorios para Jaulas de Aves: Todo lo que Necesitas,15289,100
fundas para jaulas c2 amazon,navegacional,SI,post,https://avesnativaschilenas.cl/jaulas/accesorios-para-jaulas/,Accesorios para Jaulas de Aves: Todo lo que Necesitas,15289,100
gallos de pelea alimentacion,informacional,SI,post,https://avesnativaschilenas.cl/jaulas/para-gallinas-ponedoras/,Jaulas para Gallinas Ponedoras: Guia de Compra 2026,15281,100
golondrina negra significado,informacional,NO,,,,,1
gorriones bebes alimentacion,informacional,NO,,,,,1
guia de las aves de colombia,mixto,SI,post,https://avesnativaschilenas.cl/rapaces/falconidae-guia-completa-de-las-aves-rapaces-diurnas/,Falconidae: Guia Completa de las Aves Rapaces Diurnas,11822,4
hacer una jaula para pajaros,mixto,SI,post,https://avesnativaschilenas.cl/jaulas/accesorios-para-jaulas/,Accesorios para Jaulas de Aves: Todo lo que Necesitas,15289,100
huevos de codorniz organicos,mixto,SI,post,https://avesnativaschilenas.cl/jaulas/para-gallinas-ponedoras/,Jaulas para Gallinas Ponedoras: Guia de Compra 2026,15281,100
huevos de pavo real en venta,comercial,SI,post,https://avesnativaschilenas.cl/blog/el-pavo-real-esta-en-peligro-de-extincion/,El Pavo Real en Peligro de Extinción: Todo lo que Necesitas Saber para Protegerlo,9999,4
huevos de pavo real fertiles,mixto,SI,post,https://avesnativaschilenas.cl/cuidados/de-que-color-son-los-huevos-de-pavo-real/,de que color son los huevos de pavo real,9364,4
huevos de pavos para incubar,mixto,SI/Parcial,post,https://avesnativaschilenas.cl/jaulas/accesorios-para-jaulas/,Accesorios para Jaulas de Aves: Todo lo que Necesitas,15289,2
huevos de queltehue se comen,mixto,SI,post,https://avesnativaschilenas.cl/cuidados/porque-las-aves-se-comen-las-heces-de-sus-pichones/,porque las aves se comen las heces de sus pichones,9457,3
identificador de aves gratis,mixto,SI/Parcial,post,https://avesnativaschilenas.cl/jaulas/accesorios-para-jaulas/,Accesorios para Jaulas de Aves: Todo lo que Necesitas,15289,2
imagen de pajaros de colores,mixto,SI/Parcial,post,https://avesnativaschilenas.cl/fardela/fardela-heraldica/,Fardela heráldica: el petrel de tres colores de Rapa Nui,14188,2
imagenes de pajaros exoticos,mixto,SI,post,https://avesnativaschilenas.cl/nidos/descubre-el-paraiso-para-tus-pajaros-exoticos-nido-de-bambu-kerbl-solo-por-tiempo-limitado/,"¡Descubre el paraíso para tus pájaros exóticos! Nido de bambú Kerbl, solo por tiempo limitado.",8302,3
imagenes de pajaros hermosos,mixto,SI/Parcial,post,https://avesnativaschilenas.cl/rapaces/lechuza/pajaros-blancos-que-vuelan-de-noche/,5 Fascinantes Pájaros Blancos que Vuelan de Noche,11061,2
imágenes de aves con nombres,mixto,SI,post,https://avesnativaschilenas.cl/blog/que-piensas-que-sucede-con-las-aves-originarias-de-un-lugar-cuando-llegan-las-palomas/,Que Pasa con las Aves Nativas Cuando Llegan las Palomas? Impacto Real,9804,3
imágenes de pájaros canarios,mixto,SI,post,https://avesnativaschilenas.cl/jaulas/para-canarios/,Jaulas para Canarios: Guia de Compra para tu Pajaro Cantor,15280,100
imágenes de pájaros pequeños,mixto,SI,post,https://avesnativaschilenas.cl/jaulas/portatiles/descubre-la-jaula-de-pajaros-perfecta-ideal-para-animales-pequenos-y-aventura-al-aire-libre/,¡Descubre la Jaula de Pájaros Perfecta! Ideal para Animales Pequeños y Aventura al Aire Libre,8108,3
informacion de condor andino,informacional,SI/Parcial,post,https://avesnativaschilenas.cl/rapaces/condor-andino-caracteristicas-habitat-y-donde-verlo-en-chile/,"Condor Andino: Caracteristicas, Habitat y Donde Verlo en Chile",11832,2
información sobre periquitos,informacional,SI,post,https://avesnativaschilenas.cl/jaulas/para-periquitos/,Jaulas para Periquitos: Guia de Compra Completa 2026,15284,100
jaula casera para codornices,mixto,SI,post,https://avesnativaschilenas.cl/jaulas/accesorios-para-jaulas/,Accesorios para Jaulas de Aves: Todo lo que Necesitas,15289,100
jaula casera para periquitos,mixto,SI,post,https://avesnativaschilenas.cl/jaulas/accesorios-para-jaulas/,Accesorios para Jaulas de Aves: Todo lo que Necesitas,15289,100
jaula de canarios para criar,mixto,SI,post,https://avesnativaschilenas.cl/jaulas/accesorios-para-jaulas/,Accesorios para Jaulas de Aves: Todo lo que Necesitas,15289,100
jaula de conejillo de indias,mixto,SI,post,https://avesnativaschilenas.cl/jaulas/accesorios-para-jaulas/,Accesorios para Jaulas de Aves: Todo lo que Necesitas,15289,100
jaula de madera para cobayas,mixto,SI,post,https://avesnativaschilenas.cl/jaulas/accesorios-para-jaulas/,Accesorios para Jaulas de Aves: Todo lo que Necesitas,15289,100
jaula de trampa para pájaros,mixto,SI,post,https://avesnativaschilenas.cl/jaulas/accesorios-para-jaulas/,Accesorios para Jaulas de Aves: Todo lo que Necesitas,15289,100
jaula para codornices casera,mixto,SI,post,https://avesnativaschilenas.cl/jaulas/accesorios-para-jaulas/,Accesorios para Jaulas de Aves: Todo lo que Necesitas,15289,100
jaula para cotorra argentina,mixto,SI,post,https://avesnativaschilenas.cl/jaulas/accesorios-para-jaulas/,Accesorios para Jaulas de Aves: Todo lo que Necesitas,15289,100
jaula para diamante de gould,mixto,SI,post,https://avesnativaschilenas.cl/jaulas/accesorios-para-jaulas/,Accesorios para Jaulas de Aves: Todo lo que Necesitas,15289,100
jaula para diamante mandarin,mixto,SI,post,https://avesnativaschilenas.cl/jaulas/accesorios-para-jaulas/,Accesorios para Jaulas de Aves: Todo lo que Necesitas,15289,100
jaula para diamante mandarín,mixto,SI,post,https://avesnativaschilenas.cl/jaulas/accesorios-para-jaulas/,Accesorios para Jaulas de Aves: Todo lo que Necesitas,15289,100
jaula para loro segunda mano,comercial,SI,post,https://avesnativaschilenas.cl/jaulas/accesorios-para-jaulas/,Accesorios para Jaulas de Aves: Todo lo que Necesitas,15289,100
jaula para mascotas pequeñas,mixto,SI,post,https://avesnativaschilenas.cl/jaulas/accesorios-para-jaulas/,Accesorios para Jaulas de Aves: Todo lo que Necesitas,15289,100
jaula para pericos de madera,mixto,SI,post,https://avesnativaschilenas.cl/jaulas/accesorios-para-jaulas/,Accesorios para Jaulas de Aves: Todo lo que Necesitas,15289,100
jaula para periquitos casera,mixto,SI,post,https://avesnativaschilenas.cl/jaulas/accesorios-para-jaulas/,Accesorios para Jaulas de Aves: Todo lo que Necesitas,15289,100
jaula para periquitos grande,mixto,SI,post,https://avesnativaschilenas.cl/jaulas/accesorios-para-jaulas/,Accesorios para Jaulas de Aves: Todo lo que Necesitas,15289,100
jaula ponedora para codorniz,mixto,SI,post,https://avesnativaschilenas.cl/jaulas/accesorios-para-jaulas/,Accesorios para Jaulas de Aves: Todo lo que Necesitas,15289,100
jaula voladera para canarios,mixto,SI,post,https://avesnativaschilenas.cl/jaulas/accesorios-para-jaulas/,Accesorios para Jaulas de Aves: Todo lo que Necesitas,15289,100
jaula voladora para canarios,mixto,SI,post,https://avesnativaschilenas.cl/jaulas/accesorios-para-jaulas/,Accesorios para Jaulas de Aves: Todo lo que Necesitas,15289,100
jaulas abiertas para pajaros,mixto,SI,post,https://avesnativaschilenas.cl/jaulas/accesorios-para-jaulas/,Accesorios para Jaulas de Aves: Todo lo que Necesitas,15289,100
jaulas artesanales de perdiz,mixto,SI,post,https://avesnativaschilenas.cl/jaulas/accesorios-para-jaulas/,Accesorios para Jaulas de Aves: Todo lo que Necesitas,15289,100
jaulas barrotes horizontales,mixto,SI,post,https://avesnativaschilenas.cl/jaulas/accesorios-para-jaulas/,Accesorios para Jaulas de Aves: Todo lo que Necesitas,15289,100
jaulas bonitas para canarios,mixto,SI,post,https://avesnativaschilenas.cl/jaulas/accesorios-para-jaulas/,Accesorios para Jaulas de Aves: Todo lo que Necesitas,15289,100
jaulas caseras para gallinas,mixto,SI,post,https://avesnativaschilenas.cl/jaulas/accesorios-para-jaulas/,Accesorios para Jaulas de Aves: Todo lo que Necesitas,15289,100
jaulas criadoras de pollitos,mixto,SI,post,https://avesnativaschilenas.cl/jaulas/accesorios-para-jaulas/,Accesorios para Jaulas de Aves: Todo lo que Necesitas,15289,100
jaulas de bambu para pajaros,mixto,SI,post,https://avesnativaschilenas.cl/jaulas/accesorios-para-jaulas/,Accesorios para Jaulas de Aves: Todo lo que Necesitas,15289,100
jaulas de canarios de madera,mixto,SI,post,https://avesnativaschilenas.cl/jaulas/accesorios-para-jaulas/,Accesorios para Jaulas de Aves: Todo lo que Necesitas,15289,100
jaulas de canarios en amazon,navegacional,SI,post,https://avesnativaschilenas.cl/jaulas/accesorios-para-jaulas/,Accesorios para Jaulas de Aves: Todo lo que Necesitas,15289,100
jaulas de lujo para canarios,mixto,SI,post,https://avesnativaschilenas.cl/jaulas/accesorios-para-jaulas/,Accesorios para Jaulas de Aves: Todo lo que Necesitas,15289,100
jaulas de madera artesanales,mixto,SI,post,https://avesnativaschilenas.cl/jaulas/accesorios-para-jaulas/,Accesorios para Jaulas de Aves: Todo lo que Necesitas,15289,100
jaulas de madera para ninfas,mixto,SI,post,https://avesnativaschilenas.cl/jaulas/accesorios-para-jaulas/,Accesorios para Jaulas de Aves: Todo lo que Necesitas,15289,100
jaulas de metal para pajaros,mixto,SI,post,https://avesnativaschilenas.cl/jaulas/accesorios-para-jaulas/,Accesorios para Jaulas de Aves: Todo lo que Necesitas,15289,100
jaulas de mimbre decorativas,mixto,SI,post,https://avesnativaschilenas.cl/jaulas/accesorios-para-jaulas/,Accesorios para Jaulas de Aves: Todo lo que Necesitas,15289,100
jaulas de viaje para pajaros,mixto,SI,post,https://avesnativaschilenas.cl/jaulas/accesorios-para-jaulas/,Accesorios para Jaulas de Aves: Todo lo que Necesitas,15289,100
jaulas en venta segunda mano,comercial,SI,post,https://avesnativaschilenas.cl/jaulas/accesorios-para-jaulas/,Accesorios para Jaulas de Aves: Todo lo que Necesitas,15289,100
jaulas grandes para cacatuas,mixto,SI,post,https://avesnativaschilenas.cl/jaulas/accesorios-para-jaulas/,Accesorios para Jaulas de Aves: Todo lo que Necesitas,15289,100
jaulas grandes para gallinas,mixto,SI,post,https://avesnativaschilenas.cl/jaulas/accesorios-para-jaulas/,Accesorios para Jaulas de Aves: Todo lo que Necesitas,15289,100
jaulas loros grandes baratas,comercial,SI,post,https://avesnativaschilenas.cl/jaulas/accesorios-para-jaulas/,Accesorios para Jaulas de Aves: Todo lo que Necesitas,15289,100
jaulas medianas para pajaros,mixto,SI,post,https://avesnativaschilenas.cl/jaulas/accesorios-para-jaulas/,Accesorios para Jaulas de Aves: Todo lo que Necesitas,15289,100
jaulas modernas para pajaros,mixto,SI,post,https://avesnativaschilenas.cl/jaulas/accesorios-para-jaulas/,Accesorios para Jaulas de Aves: Todo lo que Necesitas,15289,100
jaulas para canarios baratas,comercial,SI,post,https://avesnativaschilenas.cl/jaulas/accesorios-para-jaulas/,Accesorios para Jaulas de Aves: Todo lo que Necesitas,15289,100
jaulas para conejos criadero,mixto,SI,post,https://avesnativaschilenas.cl/jaulas/accesorios-para-jaulas/,Accesorios para Jaulas de Aves: Todo lo que Necesitas,15289,100
jaulas para cotorras baratas,comercial,SI,post,https://avesnativaschilenas.cl/jaulas/accesorios-para-jaulas/,Accesorios para Jaulas de Aves: Todo lo que Necesitas,15289,100
jaulas para cotorros grandes,mixto,SI,post,https://avesnativaschilenas.cl/jaulas/accesorios-para-jaulas/,Accesorios para Jaulas de Aves: Todo lo que Necesitas,15289,100
jaulas para erizos de madera,mixto,SI,post,https://avesnativaschilenas.cl/jaulas/accesorios-para-jaulas/,Accesorios para Jaulas de Aves: Todo lo que Necesitas,15289,100
jaulas para gallinas baratas,comercial,SI,post,https://avesnativaschilenas.cl/jaulas/accesorios-para-jaulas/,Accesorios para Jaulas de Aves: Todo lo que Necesitas,15289,100
jaulas para gallinas cluecas,mixto,SI,post,https://avesnativaschilenas.cl/jaulas/accesorios-para-jaulas/,Accesorios para Jaulas de Aves: Todo lo que Necesitas,15289,100
jaulas para gallinas en casa,mixto,SI,post,https://avesnativaschilenas.cl/jaulas/accesorios-para-jaulas/,Accesorios para Jaulas de Aves: Todo lo que Necesitas,15289,100
jaulas para gallinas grandes,mixto,SI,post,https://avesnativaschilenas.cl/jaulas/accesorios-para-jaulas/,Accesorios para Jaulas de Aves: Todo lo que Necesitas,15289,100
jaulas para gallos de fierro,mixto,SI,post,https://avesnativaschilenas.cl/jaulas/accesorios-para-jaulas/,Accesorios para Jaulas de Aves: Todo lo que Necesitas,15289,100
jaulas para gallos kikirikis,mixto,SI,post,https://avesnativaschilenas.cl/jaulas/accesorios-para-jaulas/,Accesorios para Jaulas de Aves: Todo lo que Necesitas,15289,100
jaulas para pajaros canarios,mixto,SI,post,https://avesnativaschilenas.cl/jaulas/accesorios-para-jaulas/,Accesorios para Jaulas de Aves: Todo lo que Necesitas,15289,100
jaulas para pajaros con base,mixto,SI,post,https://avesnativaschilenas.cl/jaulas/accesorios-para-jaulas/,Accesorios para Jaulas de Aves: Todo lo que Necesitas,15289,100
jaulas para pajaros medianas,mixto,SI,post,https://avesnativaschilenas.cl/jaulas/accesorios-para-jaulas/,Accesorios para Jaulas de Aves: Todo lo que Necesitas,15289,100
jaulas para pajaros modernas,mixto,SI,post,https://avesnativaschilenas.cl/jaulas/accesorios-para-jaulas/,Accesorios para Jaulas de Aves: Todo lo que Necesitas,15289,100
jaulas para pajaros pequeñas,mixto,SI,post,https://avesnativaschilenas.cl/jaulas/accesorios-para-jaulas/,Accesorios para Jaulas de Aves: Todo lo que Necesitas,15289,100
jaulas para perdices caseras,mixto,SI,post,https://avesnativaschilenas.cl/jaulas/accesorios-para-jaulas/,Accesorios para Jaulas de Aves: Todo lo que Necesitas,15289,100
jaulas para ratones pequeños,mixto,SI,post,https://avesnativaschilenas.cl/jaulas/accesorios-para-jaulas/,Accesorios para Jaulas de Aves: Todo lo que Necesitas,15289,100
jaulas rusticas para pajaros,mixto,SI,post,https://avesnativaschilenas.cl/jaulas/accesorios-para-jaulas/,Accesorios para Jaulas de Aves: Todo lo que Necesitas,15289,100
jaulas voladeros para gallos,mixto,SI,post,https://avesnativaschilenas.cl/jaulas/accesorios-para-jaulas/,Accesorios para Jaulas de Aves: Todo lo que Necesitas,15289,100
jaulones de cria de canarios,mixto,SI,post,https://avesnativaschilenas.cl/jaulas/para-canarios/,Jaulas para Canarios: Guia de Compra para tu Pajaro Cantor,15280,100
jaulones para pajaros usados,comercial,SI/Parcial,post,https://avesnativaschilenas.cl/jaulas/voladeras/,Voladeras para Aves: Como Elegir la Mejor para tus Pajaros,15277,2
las aves más raras del mundo,mixto,SI,post,https://avesnativaschilenas.cl/rapaces/excremento-de-las-aves-de-rapina/,El Curioso Mundo del Excremento de las Aves de Rapiña: Más Allá de un Simple Desecho,1903,5
lechuza blanca que significa,informacional,SI,post,https://avesnativaschilenas.cl/rapaces/lechuza/que-significa-ver-una-lechuza-blanca-en-la-noche/,que significa ver una lechuza blanca en la noche,9375,4
loro amazonas aestiva precio,navegacional,SI,post,https://avesnativaschilenas.cl/jaulas/para-loros/descubre-el-secreto-para-mantener-la-jaula-de-tu-loro-siempre-limpia-y-fresca/,¡Descubre el secreto para mantener la jaula de tu loro siempre limpia y fresca!,8533,100
loro amazonas de frente azul,navegacional,SI,post,https://avesnativaschilenas.cl/jaulas/para-loros/descubre-el-secreto-para-mantener-la-jaula-de-tu-loro-siempre-limpia-y-fresca/,¡Descubre el secreto para mantener la jaula de tu loro siempre limpia y fresca!,8533,100
loro en peligro de extincion,informacional,SI,post,https://avesnativaschilenas.cl/jaulas/para-loros/descubre-el-secreto-para-mantener-la-jaula-de-tu-loro-siempre-limpia-y-fresca/,¡Descubre el secreto para mantener la jaula de tu loro siempre limpia y fresca!,8533,100
mejor alimento para canarios,comercial,SI,post,https://avesnativaschilenas.cl/jaulas/para-canarios/,Jaulas para Canarios: Guia de Compra para tu Pajaro Cantor,15280,100
nido de aguilas lo barnechea,mixto,SI,post,https://avesnativaschilenas.cl/jaulas/nidos-para-aves/,"Nidos para Aves: Tipos, Materiales y Como Elegir el Mejor",15288,100
nido de palomas en mi balcón,mixto,SI,post,https://avesnativaschilenas.cl/jaulas/nidos-para-aves/,"Nidos para Aves: Tipos, Materiales y Como Elegir el Mejor",15288,100
nidos de pájaros para jaulas,mixto,SI,post,https://avesnativaschilenas.cl/jaulas/accesorios-para-jaulas/,Accesorios para Jaulas de Aves: Todo lo que Necesitas,15289,100
nidos para codornices chinas,mixto,SI,post,https://avesnativaschilenas.cl/jaulas/para-gallinas-ponedoras/,Jaulas para Gallinas Ponedoras: Guia de Compra 2026,15281,100
nombre de pájaros de colores,mixto,SI/Parcial,post,https://avesnativaschilenas.cl/fardela/fardela-heraldica/,Fardela heráldica: el petrel de tres colores de Rapa Nui,14188,2
nombres de pájaros mexicanos,mixto,SI/Parcial,post,https://avesnativaschilenas.cl/rapaces/lechuza/pajaros-blancos-que-vuelan-de-noche/,5 Fascinantes Pájaros Blancos que Vuelan de Noche,11061,2
nombres para canarios machos,mixto,SI,post,https://avesnativaschilenas.cl/jaulas/para-canarios/,Jaulas para Canarios: Guia de Compra para tu Pajaro Cantor,15280,100
norma fontenla y josé neglia,mixto,NO,,,,,1
pajareras de madera exterior,mixto,SI,post,https://avesnativaschilenas.cl/jaulas/pajareras/,Pajareras para Jardin: Guia de Compra y Decoracion,15278,100
pajaritos para tener en casa,mixto,SI,post,https://avesnativaschilenas.cl/cuidados/cual-es-el-mejor-pajaro-para-tener-en-casa/,cuál es el mejor pájaro para tener en casa,9452,4
pajaro de pico largo y curvo,mixto,SI,post,https://avesnativaschilenas.cl/terrestres/mirlo/pajaro-negro-de-pico-largo/,¿Quién es el pájaro negro de pico largo? Descúbrelo aquí,11056,4
pajaros australianos colores,mixto,SI,post,https://avesnativaschilenas.cl/jaulas/para-periquitos/,Jaulas para Periquitos: Guia de Compra Completa 2026,15284,100
pajaros comunes en argentina,mixto,SI/Parcial,post,https://avesnativaschilenas.cl/uncategorized/como-transforme-mi-jardin-en-un-refugio-para-aves-y-tu-tambien-puedes/,Cómo Atraer Pájaros a tu Jardín con Nidos Colgantes: La Guía Completa para Crear un Paraíso Aviar,11064,2
pajaros en santiago de chile,mixto,SI,post,https://avesnativaschilenas.cl/blog/palomas-urbanas-problema-salud-publica-chile/,Palomas urbanas en Chile: un problema de salud publica y como controlarlas,15094,3
pajaros en venta cerca de mi,comercial,SI,post,https://avesnativaschilenas.cl/uncategorized/como-transforme-mi-jardin-en-un-refugio-para-aves-y-tu-tambien-puedes/,Cómo Atraer Pájaros a tu Jardín con Nidos Colgantes: La Guía Completa para Crear un Paraíso Aviar,11064,3
pajaros exoticos de colombia,mixto,SI,post,https://avesnativaschilenas.cl/nidos/descubre-el-paraiso-para-tus-pajaros-exoticos-nido-de-bambu-kerbl-solo-por-tiempo-limitado/,"¡Descubre el paraíso para tus pájaros exóticos! Nido de bambú Kerbl, solo por tiempo limitado.",8302,3
pajaros mas bellos del mundo,mixto,SI,post,https://avesnativaschilenas.cl/blog/cual-es-el-ave-con-el-pico-mas-largo-del-mundo/,cual es el ave con el pico mas largo del mundo,9428,3
pajaros mas lindos del mundo,mixto,SI,post,https://avesnativaschilenas.cl/blog/cual-es-el-ave-con-el-pico-mas-largo-del-mundo/,cual es el ave con el pico mas largo del mundo,9428,3
pajaros nocturnos que cantan,mixto,SI/Parcial,post,https://avesnativaschilenas.cl/rapaces/lechuza/pajaros-blancos-que-vuelan-de-noche/,5 Fascinantes Pájaros Blancos que Vuelan de Noche,11061,2
pajaros region metropolitana,mixto,SI/Parcial,post,https://avesnativaschilenas.cl/ubicacion/aves-de-la-region-metropolitana/,Aves en la Región Metropolitana: ¡un paraíso alado por explorar!,1855,2
papilla para loros psittacus,mixto,SI,post,https://avesnativaschilenas.cl/jaulas/para-loros/descubre-el-secreto-para-mantener-la-jaula-de-tu-loro-siempre-limpia-y-fresca/,¡Descubre el secreto para mantener la jaula de tu loro siempre limpia y fresca!,8533,100
pasta de cria para agapornis,mixto,SI,post,https://avesnativaschilenas.cl/jaulas/para-loros/descubre-el-secreto-para-mantener-la-jaula-de-tu-loro-siempre-limpia-y-fresca/,¡Descubre el secreto para mantener la jaula de tu loro siempre limpia y fresca!,8533,100
pato criollo características,informacional,SI/Parcial,post,https://avesnativaschilenas.cl/pato/ave-acuatica-que-sabe-bucear/,Descubre la Fascinante Ave Acuática que Sabe Bucear: Características y Hábitos,11039,2
pato en peligro de extinción,informacional,SI,post,https://avesnativaschilenas.cl/fardela/fardela-de-phoenix/,Fardela de Phoenix: el petrel blanquinegro en peligro de extinción,14189,4
pericos australianos colores,mixto,SI,post,https://avesnativaschilenas.cl/jaulas/para-periquitos/,Jaulas para Periquitos: Guia de Compra Completa 2026,15284,100
pericos australianos rosados,mixto,SI,post,https://avesnativaschilenas.cl/jaulas/para-periquitos/,Jaulas para Periquitos: Guia de Compra Completa 2026,15284,100
periquito australiano tamaño,mixto,SI,post,https://avesnativaschilenas.cl/jaulas/para-periquitos/,Jaulas para Periquitos: Guia de Compra Completa 2026,15284,100
periquitos australianos azul,mixto,SI,post,https://avesnativaschilenas.cl/jaulas/para-periquitos/,Jaulas para Periquitos: Guia de Compra Completa 2026,15284,100
precio de huevo de pavo real,comercial,SI,post,https://avesnativaschilenas.cl/blog/el-pavo-real-esta-en-peligro-de-extincion/,El Pavo Real en Peligro de Extinción: Todo lo que Necesitas Saber para Protegerlo,9999,3
precio de jaula para pajaros,comercial,SI,post,https://avesnativaschilenas.cl/jaulas/accesorios-para-jaulas/,Accesorios para Jaulas de Aves: Todo lo que Necesitas,15289,100
precio de pavo real en chile,comercial,SI,post,https://avesnativaschilenas.cl/blog/el-pavo-real-esta-en-peligro-de-extincion/,El Pavo Real en Peligro de Extinción: Todo lo que Necesitas Saber para Protegerlo,9999,4
pájaro de pico largo y curvo,mixto,SI,post,https://avesnativaschilenas.cl/terrestres/mirlo/pajaro-negro-de-pico-largo/,¿Quién es el pájaro negro de pico largo? Descúbrelo aquí,11056,4
pájaros de pico largo y fino,mixto,SI,post,https://avesnativaschilenas.cl/terrestres/corbatita/familia-de-aves-de-plumaje-negro-y-pico-largo/,familia de aves de plumaje negro y pico largo,9401,4
que come un pichón de paloma,mixto,SI,post,https://avesnativaschilenas.cl/cuidados/que-se-le-puede-dar-de-comer-a-un-pichon-de-paloma/,que se le puede dar de comer a un pichon de paloma,9410,5
rejillas de metal para jaula,mixto,SI,post,https://avesnativaschilenas.cl/jaulas/accesorios-para-jaulas/,Accesorios para Jaulas de Aves: Todo lo que Necesitas,15289,100
se puede tener loros en casa,mixto,SI,post,https://avesnativaschilenas.cl/jaulas/para-loros/descubre-el-secreto-para-mantener-la-jaula-de-tu-loro-siempre-limpia-y-fresca/,¡Descubre el secreto para mantener la jaula de tu loro siempre limpia y fresca!,8533,100
significado del buho en dije,informacional,SI,post,https://avesnativaschilenas.cl/rapaces/lechuza/significado-de-ver-un-buho-blanco-en-la-noche/,significado de ver un buho blanco en la noche,9442,3
significado del dije de buho,informacional,SI,post,https://avesnativaschilenas.cl/picaflor/significado-espiritual-del-colibri-y-tatuajes-de-picaflor/,Significado espiritual del colibrí y tatuajes de picaflor: simbolismo y creencias,14221,3
sonidos de buhos en la noche,mixto,SI,post,https://avesnativaschilenas.cl/jaulas/nidos-para-aves/,"Nidos para Aves: Tipos, Materiales y Como Elegir el Mejor",15288,100
tipos de alimentos para aves,informacional,SI,post,https://avesnativaschilenas.cl/cuidados/tipo-de-alimentacion-de-las-aves/,Descubre los Tipos de Alimentación de las Aves: Guía Completa para Entender sus Dietas,11359,4
tipos de comederos para aves,informacional,SI,post,https://avesnativaschilenas.cl/tienda/comederos/,Los mejores comederos para jaulas de pájaros : guía de compra y recomendaciones,2194,100
tipos de cotorras argentinas,informacional,SI,post,https://avesnativaschilenas.cl/jaulas/para-loros/descubre-el-secreto-para-mantener-la-jaula-de-tu-loro-siempre-limpia-y-fresca/,¡Descubre el secreto para mantener la jaula de tu loro siempre limpia y fresca!,8533,100
tipos de cotorras que hablan,informacional,SI,post,https://avesnativaschilenas.cl/jaulas/para-loros/descubre-el-secreto-para-mantener-la-jaula-de-tu-loro-siempre-limpia-y-fresca/,¡Descubre el secreto para mantener la jaula de tu loro siempre limpia y fresca!,8533,100
tipos de jaulas para pájaros,informacional,SI,post,https://avesnativaschilenas.cl/jaulas/accesorios-para-jaulas/,Accesorios para Jaulas de Aves: Todo lo que Necesitas,15289,100
tipos de loros y sus nombres,informacional,SI,post,https://avesnativaschilenas.cl/jaulas/para-loros/descubre-el-secreto-para-mantener-la-jaula-de-tu-loro-siempre-limpia-y-fresca/,¡Descubre el secreto para mantener la jaula de tu loro siempre limpia y fresca!,8533,100
tipos de pajaros con nombres,informacional,SI,post,https://avesnativaschilenas.cl/jaulas/accesorios/transforma-la-jaula-de-tus-pajaros-con-yarnow-descubre-las-3-piezas-que-cambiaran-todo/,Transforma la jaula de tus pájaros con YARNOW: ¡Descubre las 3 piezas que cambiarán todo!,8717,3
tipos de pajaros de la calle,informacional,SI,post,https://avesnativaschilenas.cl/migratorias/golondrina/que-significa-cuando-hay-una-bandada-de-pajaros/,Qué Significa Cuando Hay Una Bandada de Pájaros: Descubre el Misterioso Mensaje de la Naturaleza,10003,3
tipos de pajaros en colombia,informacional,SI,post,https://avesnativaschilenas.cl/blog/que-significa-la-presencia-de-pajaros-en-tu-casa/,qué significa la presencia de pájaros en tu casa,9405,3
tipos de pajaros en santiago,informacional,SI,post,https://avesnativaschilenas.cl/blog/que-significa-la-presencia-de-pajaros-en-tu-casa/,qué significa la presencia de pájaros en tu casa,9405,3
tipos de pajaros mas comunes,informacional,SI,post,https://avesnativaschilenas.cl/nidos/descubre-los-nidos-de-pajaros-mas-encantadores-para-tu-jardin-colibries-felices-te-esperan/,¡Descubre los nidos de pájaros más encantadores para tu jardín! ¡Colibríes felices te esperan!,7962,3
trampas para agarrar palomas,mixto,SI/Parcial,post,https://avesnativaschilenas.cl/jaulas/portatiles/descubre-la-jaula-plegable-perfecta-para-tus-mascotas-ideal-para-viajar-con-palomas-y-conejos/,Descubre la jaula plegable perfecta para tus mascotas: ¡ideal para viajar con palomas y conejos!,8605,2
trampas para atrapar palomas,mixto,SI,post,https://avesnativaschilenas.cl/jaulas/descubre-la-jaula-plegable-ideal-para-atrapar-palomas-eficaz-y-practica-en-cada-uso/,Descubre la jaula plegable ideal para atrapar palomas: ¡eficaz y práctica en cada uso!,7355,3
trampas para cazar gorriones,mixto,SI/Parcial,post,https://avesnativaschilenas.cl/nidos/crea-un-paraiso-para-tus-aves-descubre-el-nido-colgante-relaxdays-que-encantara-a-herrerillos-y-gorriones/,¡Crea un paraíso para tus aves! Descubre el nido colgante Relaxdays que encantará a herrerillos y gorriones.,8172,2
transportin para loros yacos,mixto,SI,post,https://avesnativaschilenas.cl/jaulas/para-loros/descubre-el-secreto-para-mantener-la-jaula-de-tu-loro-siempre-limpia-y-fresca/,¡Descubre el secreto para mantener la jaula de tu loro siempre limpia y fresca!,8533,100
venta de aves exoticas chile,comercial,SI,post,https://avesnativaschilenas.cl/blog/importancia-de-las-aves-en-chile/,Importancia de las aves en Chile: su rol en los ecosistemas y la conservacion nacional,15082,3
venta de aves santiago chile,comercial,SI,post,https://avesnativaschilenas.cl/blog/importancia-de-las-aves-en-chile/,Importancia de las aves en Chile: su rol en los ecosistemas y la conservacion nacional,15082,3
venta de avestruces en chile,comercial,SI,post,https://avesnativaschilenas.cl/blog/palomas-urbanas-problema-salud-publica-chile/,Palomas urbanas en Chile: un problema de salud publica y como controlarlas,15094,3
venta de codornices de carne,comercial,SI,post,https://avesnativaschilenas.cl/jaulas/para-gallinas-ponedoras/,Jaulas para Gallinas Ponedoras: Guia de Compra 2026,15281,100
venta de jaula para canarios,comercial,SI,post,https://avesnativaschilenas.cl/jaulas/accesorios-para-jaulas/,Accesorios para Jaulas de Aves: Todo lo que Necesitas,15289,100
venta de jaulas para pericos,comercial,SI,post,https://avesnativaschilenas.cl/jaulas/accesorios-para-jaulas/,Accesorios para Jaulas de Aves: Todo lo que Necesitas,15289,100
venta de pajaros cerca de mi,comercial,SI/Parcial,post,https://avesnativaschilenas.cl/uncategorized/como-transforme-mi-jardin-en-un-refugio-para-aves-y-tu-tambien-puedes/,Cómo Atraer Pájaros a tu Jardín con Nidos Colgantes: La Guía Completa para Crear un Paraíso Aviar,11064,2
venta de pajaros en santiago,comercial,SI,post,https://avesnativaschilenas.cl/blog/que-significa-la-presencia-de-pajaros-en-tu-casa/,qué significa la presencia de pájaros en tu casa,9405,3
ver un colibri en la ventana,comercial,SI,post,https://avesnativaschilenas.cl/rapaces/lechuza/que-significa-ver-un-buho-en-la-noche-mito-realidad-y-simbolismo/,"Que Significa Ver un Buho en la Noche? Mito, Realidad y Simbolismo",11821,4
versiculo biblico del aguila,mixto,SI/Parcial,post,https://avesnativaschilenas.cl/aguilas/el-vuelo-del-aguila-y-su-simbolismo-en-otras-culturas/,El vuelo del aguila y su simbolismo en otras culturas,9512,2
vientos del mar las gaviotas,mixto,SI,post,https://avesnativaschilenas.cl/gaviotas/historia-cultural-de-las-gaviotas-simbolos-de-libertad-y-mar/,Historia Cultural de las Gaviotas: Símbolos de Libertad y Mar,9747,3
voladeros de gallos de pelea,mixto,SI,post,https://avesnativaschilenas.cl/jaulas/para-gallinas-ponedoras/,Jaulas para Gallinas Ponedoras: Guia de Compra 2026,15281,100
voladeros para gallos usados,comercial,SI,post,https://avesnativaschilenas.cl/jaulas/para-gallinas-ponedoras/,Jaulas para Gallinas Ponedoras: Guia de Compra 2026,15281,100
yaheetech jaula para pájaros,mixto,SI,post,https://avesnativaschilenas.cl/jaulas/accesorios-para-jaulas/,Accesorios para Jaulas de Aves: Todo lo que Necesitas,15289,100
águila arpía características,informacional,SI/Parcial,post,https://avesnativaschilenas.cl/aguilas/caracteristicas-de-las-aguilas-segun-la-biblia/,El Aguila en la Biblia: significado espiritual y versiculos clave,1857,2
ave gallinacea de larga cola,mixto,SI,post,https://avesnativaschilenas.cl/jaulas/para-gallinas-ponedoras/,Jaulas para Gallinas Ponedoras: Guia de Compra 2026,15281,100
aves de la patagonia chilena,mixto,SI,post,https://avesnativaschilenas.cl/terrestres/aves-de-la-patagonia-chilena/,Aves de la Patagonia Chilena: ¡Descubre sus increíbles especies!,2063,5
condor bus santiago telefono,mixto,NO,,,,,1
de que se alimenta el condor,mixto,SI,post,https://avesnativaschilenas.cl/rapaces/de-que-se-alimenta-el-condor-de-los-andes/,de qué se alimenta el cóndor de los andes,9382,6
jaula de madera para pajaros,mixto,SI,post,https://avesnativaschilenas.cl/jaulas/accesorios-para-jaulas/,Accesorios para Jaulas de Aves: Todo lo que Necesitas,15289,100
nombre aves del sur de chile,mixto,SI,post,https://avesnativaschilenas.cl/blog/el-impacto-del-cambio-climatico-en-las-aves-de-chile/,¿Cómo Está Afectando el Cambio Climático a las Aves en Chile?,1950,4
terminal condor bus santiago,mixto,NO,,,,,1
10 características del águila,informacional,SI/Parcial,post,https://avesnativaschilenas.cl/terrestres/chincol/,"Chincol: Caracteristicas, Habitat y Canto del Zonotrichia capensis [Chile]",15248,2
20 nombres de aves en español,mixto,SI,post,https://avesnativaschilenas.cl/blog/importancia-de-las-aves-en-chile/,Importancia de las aves en Chile: su rol en los ecosistemas y la conservacion nacional,15082,3
5 características del gorrión,informacional,SI/Parcial,post,https://avesnativaschilenas.cl/blog/gorrion/,"Gorrion: Caracteristicas, Habitat y Curiosidades [Chile]",15249,2
aguila significado espiritual,informacional,SI,post,https://avesnativaschilenas.cl/aguilas/caracteristicas-de-las-aguilas-segun-la-biblia/,El Aguila en la Biblia: significado espiritual y versiculos clave,1857,3
alimentacion canarios en muda,informacional,SI,post,https://avesnativaschilenas.cl/jaulas/para-canarios/,Jaulas para Canarios: Guia de Compra para tu Pajaro Cantor,15280,100
alimentacion de los agapornis,informacional,SI,post,https://avesnativaschilenas.cl/jaulas/para-loros/descubre-el-secreto-para-mantener-la-jaula-de-tu-loro-siempre-limpia-y-fresca/,¡Descubre el secreto para mantener la jaula de tu loro siempre limpia y fresca!,8533,100
alimentacion de los gorriones,informacional,SI,post,https://avesnativaschilenas.cl/cuidados/tipo-de-alimentacion-de-las-aves/,Descubre los Tipos de Alimentación de las Aves: Guía Completa para Entender sus Dietas,11359,3
alimentación de los colibríes,informacional,SI,post,https://avesnativaschilenas.cl/cuidados/tipo-de-alimentacion-de-las-aves/,Descubre los Tipos de Alimentación de las Aves: Guía Completa para Entender sus Dietas,11359,3
alimentador de pajaros casero,mixto,SI,post,https://avesnativaschilenas.cl/nidos/descubre-el-encantador-alimentador-de-pajaros-zxm-la-decoracion-perfecta-para-tu-jardin/,Descubre el encantador alimentador de pájaros ZXM: ¡la decoración perfecta para tu jardín!,7579,3
alimento balanceado para aves,mixto,SI/Parcial,post,https://avesnativaschilenas.cl/jaulas/accesorios-para-jaulas/,Accesorios para Jaulas de Aves: Todo lo que Necesitas,15289,2
alimento para aves de combate,mixto,SI,post,https://avesnativaschilenas.cl/jaulas/accesorios-para-jaulas/,Accesorios para Jaulas de Aves: Todo lo que Necesitas,15289,3
alimento para aves de engorda,mixto,SI,post,https://avesnativaschilenas.cl/jaulas/accesorios-para-jaulas/,Accesorios para Jaulas de Aves: Todo lo que Necesitas,15289,3
alimento para codorniz purina,mixto,SI,post,https://avesnativaschilenas.cl/jaulas/para-gallinas-ponedoras/,Jaulas para Gallinas Ponedoras: Guia de Compra 2026,15281,100
alimento para cuida de gallos,mixto,SI,post,https://avesnativaschilenas.cl/jaulas/para-gallinas-ponedoras/,Jaulas para Gallinas Ponedoras: Guia de Compra 2026,15281,100
alimento para gallos de pelea,mixto,SI,post,https://avesnativaschilenas.cl/jaulas/para-gallinas-ponedoras/,Jaulas para Gallinas Ponedoras: Guia de Compra 2026,15281,100
alimentos para aves de corral,mixto,SI,post,https://avesnativaschilenas.cl/jaulas/accesorios-para-jaulas/,Accesorios para Jaulas de Aves: Todo lo que Necesitas,15289,3
alimentos proteicos para aves,mixto,SI/Parcial,post,https://avesnativaschilenas.cl/jaulas/accesorios-para-jaulas/,Accesorios para Jaulas de Aves: Todo lo que Necesitas,15289,2
aves de colombia para dibujar,mixto,SI,post,https://avesnativaschilenas.cl/jaulas/accesorios-para-jaulas/,Accesorios para Jaulas de Aves: Todo lo que Necesitas,15289,3
aves de colores y sus nombres,mixto,SI,post,https://avesnativaschilenas.cl/gaviotas/la-vida-secreta-de-las-aves-marinas/,La Vida Secreta de las Aves Marinas: Descubre sus Hábitos y Misterios,11042,4
aves marinas del mediterraneo,mixto,SI/Parcial,post,https://avesnativaschilenas.cl/gaviotas/la-vida-secreta-de-las-aves-marinas/,La Vida Secreta de las Aves Marinas: Descubre sus Hábitos y Misterios,11042,2
aves marinas del sur de chile,mixto,SI,post,https://avesnativaschilenas.cl/blog/grupo-de-aves-marinas-al-que-pertenecen-las-gaviotas/,Grupo de aves marinas al que pertenecen las gaviotas: guia de la familia Laridae en Chile,9156,4
aves mas grandes de argentina,mixto,SI,post,https://avesnativaschilenas.cl/jaulas/marcas/,"Marcas de Jaulas para Aves: Pedros, 2gr, Vision, Hagen, IMAC y Mas",15283,3
aves nativas del sur de chile,mixto,SI,post,https://avesnativaschilenas.cl/blog/el-impacto-del-cambio-climatico-en-las-aves-de-chile/,¿Cómo Está Afectando el Cambio Climático a las Aves en Chile?,1950,4
aves que puedes tener en casa,mixto,SI,post,https://avesnativaschilenas.cl/blog/que-aves-se-pueden-tener-de-mascota-en-argentina/,que aves se pueden tener de mascota en argentina,10418,4
aves rapaces del sur de chile,mixto,SI,post,https://avesnativaschilenas.cl/rapaces/rapaces-santiago/,Aves Rapaces de Santiago: Guardianes del Cielo y la Biodiversidad,10896,4
bailarin despedida de soltera,mixto,SI/Parcial,post,https://avesnativaschilenas.cl/rapaces/bailarin/,"Pajaro Bailarín, la Elegante Ave de Rapiña de Chile",1694,2
bailarina danza contemporanea,mixto,NO,,,,,0
bailarina de tango mora godoy,mixto,NO,,,,,1
bandurria instrumento musical,mixto,NO,,,,,1
baryshnikov sol de medianoche,mixto,SI/Parcial,post,https://avesnativaschilenas.cl/jaulas/marcas/descubre-la-increible-jaula-de-pajaros-yardwe-protege-a-tu-loro-del-sol-con-estilo-europeo/,Descubre la increíble Jaula de Pájaros Yardwe: ¡Protege a tu loro del sol con estilo europeo!,7729,2
bebedero y comedero para aves,mixto,SI,post,https://avesnativaschilenas.cl/tienda/comederos/,Los mejores comederos para jaulas de pájaros : guía de compra y recomendaciones,2194,100
bebederos para pajaros amazon,navegacional,SI,post,https://avesnativaschilenas.cl/tienda/comederos/,Los mejores comederos para jaulas de pájaros : guía de compra y recomendaciones,2194,100
búho de la suerte significado,informacional,SI,post,https://avesnativaschilenas.cl/rapaces/lechuza/significado-de-ver-un-buho-blanco-en-la-noche/,significado de ver un buho blanco en la noche,9442,4
búho significado como amuleto,informacional,SI/Parcial,post,https://avesnativaschilenas.cl/rapaces/lechuza/significado-de-ver-un-buho-blanco-en-la-noche/,significado de ver un buho blanco en la noche,9442,2
camping las gaviotas licanray,mixto,SI/Parcial,post,https://avesnativaschilenas.cl/gaviotas/la-vida-secreta-de-las-aves-marinas/,La Vida Secreta de las Aves Marinas: Descubre sus Hábitos y Misterios,11042,2
caracteristicas de la lechuza,informacional,SI,post,https://avesnativaschilenas.cl/rapaces/lechuza/significado-de-ver-una-lechuza-blanca-en-la-noche/,significado de ver una lechuza blanca en la noche,9451,3
características de los cisnes,informacional,SI,post,https://avesnativaschilenas.cl/cuidados/guia-completa-sobre-las-caracteristicas-habitos-y-cuidados-de-los-jilgueros-todo-lo-que-debes-saber/,"Guía Completa sobre las Características, Hábitos y Cuidados de los Jilgueros: Todo lo que Debes Saber",8655,3
características de un gorrión,informacional,SI,post,https://avesnativaschilenas.cl/aguilas/peuco/,"Peuco chileno: caracteristicas, habitat y comportamiento de un ave protegida",178,3
casita de madera para cobayas,mixto,SI,post,https://avesnativaschilenas.cl/nidos/descubre-el-nido-perfecto-para-ninfas-casita-de-madera-ideal-para-tus-aves-amadas/,¡Descubre el Nido Perfecto para Ninfas! Casita de Madera Ideal para tus Aves Amadas,7235,4
chucho instrumento colombiano,mixto,NO,,,,,0
codornices por metro cuadrado,mixto,SI,post,https://avesnativaschilenas.cl/jaulas/para-gallinas-ponedoras/,Jaulas para Gallinas Ponedoras: Guia de Compra 2026,15281,100
colegio nido de aguilas chile,mixto,SI,post,https://avesnativaschilenas.cl/jaulas/nidos-para-aves/,"Nidos para Aves: Tipos, Materiales y Como Elegir el Mejor",15288,100
colores de canarios timbrados,mixto,SI,post,https://avesnativaschilenas.cl/jaulas/para-canarios/,Jaulas para Canarios: Guia de Compra para tu Pajaro Cantor,15280,100
colores de loros australianos,mixto,SI,post,https://avesnativaschilenas.cl/jaulas/para-loros/descubre-el-secreto-para-mantener-la-jaula-de-tu-loro-siempre-limpia-y-fresca/,¡Descubre el secreto para mantener la jaula de tu loro siempre limpia y fresca!,8533,100
comedero automatico para aves,mixto,SI,post,https://avesnativaschilenas.cl/tienda/comederos/,Los mejores comederos para jaulas de pájaros : guía de compra y recomendaciones,2194,100
comedero de aves con botellas,mixto,SI,post,https://avesnativaschilenas.cl/tienda/comederos/,Los mejores comederos para jaulas de pájaros : guía de compra y recomendaciones,2194,100
comedero de pajaros de madera,mixto,SI,post,https://avesnativaschilenas.cl/tienda/comederos/,Los mejores comederos para jaulas de pájaros : guía de compra y recomendaciones,2194,100
comedero de pájaros reciclado,mixto,SI,post,https://avesnativaschilenas.cl/tienda/comederos/,Los mejores comederos para jaulas de pájaros : guía de compra y recomendaciones,2194,100
comedero giratorio para loros,mixto,SI,post,https://avesnativaschilenas.cl/tienda/comederos/,Los mejores comederos para jaulas de pájaros : guía de compra y recomendaciones,2194,100
comedero para aves silvestres,mixto,SI,post,https://avesnativaschilenas.cl/tienda/comederos/,Los mejores comederos para jaulas de pájaros : guía de compra y recomendaciones,2194,100
comedero para gallos de pelea,mixto,SI,post,https://avesnativaschilenas.cl/tienda/comederos/,Los mejores comederos para jaulas de pájaros : guía de compra y recomendaciones,2194,100
comedero para picaflor casero,mixto,SI,post,https://avesnativaschilenas.cl/tienda/comederos/,Los mejores comederos para jaulas de pájaros : guía de compra y recomendaciones,2194,100
comedero tipo tolva para aves,mixto,SI,post,https://avesnativaschilenas.cl/tienda/comederos/,Los mejores comederos para jaulas de pájaros : guía de compra y recomendaciones,2194,100
comederos de aves para jardin,mixto,SI,post,https://avesnativaschilenas.cl/tienda/comederos/,Los mejores comederos para jaulas de pájaros : guía de compra y recomendaciones,2194,100
comederos para aves colgantes,mixto,SI,post,https://avesnativaschilenas.cl/tienda/comederos/,Los mejores comederos para jaulas de pájaros : guía de compra y recomendaciones,2194,100
comederos para aves de corral,mixto,SI,post,https://avesnativaschilenas.cl/tienda/comederos/,Los mejores comederos para jaulas de pájaros : guía de compra y recomendaciones,2194,100
comederos para aves de madera,mixto,SI,post,https://avesnativaschilenas.cl/tienda/comederos/,Los mejores comederos para jaulas de pájaros : guía de compra y recomendaciones,2194,100
comederos para gallos caseros,mixto,SI,post,https://avesnativaschilenas.cl/tienda/comederos/,Los mejores comederos para jaulas de pájaros : guía de compra y recomendaciones,2194,100
comederos para ninfas caseros,mixto,SI,post,https://avesnativaschilenas.cl/tienda/comederos/,Los mejores comederos para jaulas de pájaros : guía de compra y recomendaciones,2194,100
comederos para pollitos bebes,mixto,SI,post,https://avesnativaschilenas.cl/tienda/comederos/,Los mejores comederos para jaulas de pájaros : guía de compra y recomendaciones,2194,100
comida de cotorras argentinas,mixto,SI,post,https://avesnativaschilenas.cl/jaulas/para-loros/descubre-el-secreto-para-mantener-la-jaula-de-tu-loro-siempre-limpia-y-fresca/,¡Descubre el secreto para mantener la jaula de tu loro siempre limpia y fresca!,8533,100
comida para cotorra argentina,mixto,SI,post,https://avesnativaschilenas.cl/jaulas/para-loros/descubre-el-secreto-para-mantener-la-jaula-de-tu-loro-siempre-limpia-y-fresca/,¡Descubre el secreto para mantener la jaula de tu loro siempre limpia y fresca!,8533,100
como cuidar una paloma pichon,informacional,SI,post,https://avesnativaschilenas.cl/cuidados/como-darle-de-comer-a-un-pichon-de-paloma/,Como alimentar a un pichon de paloma: guia segura paso a paso,9458,3
como tener codornices en casa,informacional,SI,post,https://avesnativaschilenas.cl/jaulas/para-gallinas-ponedoras/,Jaulas para Gallinas Ponedoras: Guia de Compra 2026,15281,100
comportamiento de las palomas,mixto,SI,post,https://avesnativaschilenas.cl/cuidados/enfermedades-de-las-palomas-y-limpieza-de-heces/,"Las palomas transmiten enfermedades? Mitos, riesgos reales y limpieza segura",15090,3
cotorra argentina azul precio,comercial,SI,post,https://avesnativaschilenas.cl/jaulas/para-loros/descubre-el-secreto-para-mantener-la-jaula-de-tu-loro-siempre-limpia-y-fresca/,¡Descubre el secreto para mantener la jaula de tu loro siempre limpia y fresca!,8533,100
cotorra de kramer azul precio,comercial,SI,post,https://avesnativaschilenas.cl/jaulas/para-loros/descubre-el-secreto-para-mantener-la-jaula-de-tu-loro-siempre-limpia-y-fresca/,¡Descubre el secreto para mantener la jaula de tu loro siempre limpia y fresca!,8533,100
cotorras argentinas que comen,mixto,SI,post,https://avesnativaschilenas.cl/jaulas/para-loros/descubre-el-secreto-para-mantener-la-jaula-de-tu-loro-siempre-limpia-y-fresca/,¡Descubre el secreto para mantener la jaula de tu loro siempre limpia y fresca!,8533,100
cotorras australianas colores,mixto,SI,post,https://avesnativaschilenas.cl/jaulas/para-loros/descubre-el-secreto-para-mantener-la-jaula-de-tu-loro-siempre-limpia-y-fresca/,¡Descubre el secreto para mantener la jaula de tu loro siempre limpia y fresca!,8533,100
criadero de aves en argentina,mixto,SI,post,https://avesnativaschilenas.cl/blog/que-aves-se-pueden-tener-de-mascota-en-argentina/,que aves se pueden tener de mascota en argentina,10418,4
criadero de aves ornamentales,mixto,SI,post,https://avesnativaschilenas.cl/nidos/transforma-tu-criadero-con-besportble-30-nidos-de-cria-para-aves-que-aceleraran-la-eclosion/,¡Transforma tu criadero con BESPORTBLE! 30 Nidos de cría para aves que acelerarán la eclosión.,7707,3
criadero de canarios en chile,mixto,SI,post,https://avesnativaschilenas.cl/jaulas/para-canarios/,Jaulas para Canarios: Guia de Compra para tu Pajaro Cantor,15280,100
criadero de cuervos argentina,mixto,SI/Parcial,post,https://avesnativaschilenas.cl/jaulas/para-cotorras/,Jaulas para Cotorras: Guia de Compra para Cotorra Argentina y Australianas,15274,2
criadero de faisanes en chile,mixto,SI,post,https://avesnativaschilenas.cl/blog/palomas-urbanas-problema-salud-publica-chile/,Palomas urbanas en Chile: un problema de salud publica y como controlarlas,15094,3
cuando migran las golondrinas,informacional,SI/Parcial,post,https://avesnativaschilenas.cl/blog/que-piensas-que-sucede-con-las-aves-originarias-de-un-lugar-cuando-llegan-las-palomas/,Que Pasa con las Aves Nativas Cuando Llegan las Palomas? Impacto Real,9804,2
cuanto tiempo vive una paloma,mixto,SI/Parcial,post,https://avesnativaschilenas.cl/cuidados/como-curar-a-una-paloma-herida-por-un-gato/,como curar a una paloma herida por un gato,9404,2
curso de avistamiento de aves,mixto,SI,post,https://avesnativaschilenas.cl/ubicacion/arica/,Avistamiento de aves en Arica - Chile,2710,3
cuáles son las aves de rapiña,mixto,SI,post,https://avesnativaschilenas.cl/rapaces/excremento-de-las-aves-de-rapina/,El Curioso Mundo del Excremento de las Aves de Rapiña: Más Allá de un Simple Desecho,1903,4
de donde vienen los agapornis,informacional,SI,post,https://avesnativaschilenas.cl/jaulas/para-loros/descubre-el-secreto-para-mantener-la-jaula-de-tu-loro-siempre-limpia-y-fresca/,¡Descubre el secreto para mantener la jaula de tu loro siempre limpia y fresca!,8533,100
de que se alimenta el canario,mixto,SI,post,https://avesnativaschilenas.cl/jaulas/para-canarios/,Jaulas para Canarios: Guia de Compra para tu Pajaro Cantor,15280,100
de que se alimenta la cotorra,mixto,SI,post,https://avesnativaschilenas.cl/jaulas/para-loros/descubre-el-secreto-para-mantener-la-jaula-de-tu-loro-siempre-limpia-y-fresca/,¡Descubre el secreto para mantener la jaula de tu loro siempre limpia y fresca!,8533,100
de que se alimenta un colibri,mixto,SI,post,https://avesnativaschilenas.cl/cuidados/que-se-le-puede-dar-de-comer-a-un-pichon-de-paloma/,que se le puede dar de comer a un pichon de paloma,9410,4
de que se alimentan los patos,mixto,SI,post,https://avesnativaschilenas.cl/pato/donde-viven-los-patos-y-de-que-se-alimentan/,Donde viven los patos y de que se alimentan: guia completa de aves acuaticas en Chile,9370,6
de qué color son las cacatúas,mixto,SI,post,https://avesnativaschilenas.cl/jaulas/para-loros/descubre-el-secreto-para-mantener-la-jaula-de-tu-loro-siempre-limpia-y-fresca/,¡Descubre el secreto para mantener la jaula de tu loro siempre limpia y fresca!,8533,100
diferencia colibri y picaflor,mixto,SI,post,https://avesnativaschilenas.cl/picaflor/que-diferencia-hay-entre-un-colibri-y-un-picaflor/,Colibrí vs Picaflor: ¿Son lo mismo? 7 diferencias clave que los distinguen,9420,4
diferentes aves y sus nombres,mixto,SI,post,https://avesnativaschilenas.cl/gaviotas/la-vida-secreta-de-las-aves-marinas/,La Vida Secreta de las Aves Marinas: Descubre sus Hábitos y Misterios,11042,3
diferentes tipos de pajaritos,informacional,SI,post,https://avesnativaschilenas.cl/rapaces/buhos/,Descubre los diferentes tipos de búhos pequeños: guía completa,2254,3
diseño de jaulas para pajaros,mixto,SI,post,https://avesnativaschilenas.cl/jaulas/accesorios-para-jaulas/,Accesorios para Jaulas de Aves: Todo lo que Necesitas,15289,100
diseños de jaulas para gallos,mixto,SI,post,https://avesnativaschilenas.cl/jaulas/accesorios-para-jaulas/,Accesorios para Jaulas de Aves: Todo lo que Necesitas,15289,100
eduardo beristain los panchos,mixto,NO,,,,,1
el aguila significado biblico,informacional,SI,post,https://avesnativaschilenas.cl/aguilas/caracteristicas-de-las-aguilas-segun-la-biblia/,El Aguila en la Biblia: significado espiritual y versiculos clave,1857,3
el colibri de que se alimenta,mixto,SI,post,https://avesnativaschilenas.cl/rapaces/de-que-se-alimenta-el-condor-de-los-andes/,de qué se alimenta el cóndor de los andes,9382,5
el gavilan valle del lunarejo,mixto,SI/Parcial,post,https://avesnativaschilenas.cl/churrin/churrin-del-norte/,Churrín del Norte: el canto escondido del bosque chileno,11126,2
el pájaro más bello del mundo,mixto,SI,post,https://avesnativaschilenas.cl/blog/cual-es-el-ave-con-el-pico-mas-largo-del-mundo/,cual es el ave con el pico mas largo del mundo,9428,4
el pájaro más lindo del mundo,mixto,SI,post,https://avesnativaschilenas.cl/blog/cual-es-el-ave-con-el-pico-mas-largo-del-mundo/,cual es el ave con el pico mas largo del mundo,9428,4
especies de aves en argentina,informacional,SI,post,https://avesnativaschilenas.cl/blog/que-aves-se-pueden-tener-de-mascota-en-argentina/,que aves se pueden tener de mascota en argentina,10418,4
especies de loros en colombia,informacional,SI,post,https://avesnativaschilenas.cl/jaulas/para-loros/descubre-el-secreto-para-mantener-la-jaula-de-tu-loro-siempre-limpia-y-fresca/,¡Descubre el secreto para mantener la jaula de tu loro siempre limpia y fresca!,8533,100
especies de pajaros en mexico,informacional,SI,post,https://avesnativaschilenas.cl/blog/que-significa-la-presencia-de-pajaros-en-tu-casa/,qué significa la presencia de pájaros en tu casa,9405,3
fotos de pajaritos de colores,mixto,SI/Parcial,post,https://avesnativaschilenas.cl/fardela/fardela-heraldica/,Fardela heráldica: el petrel de tres colores de Rapa Nui,14188,2
fotos de pericos australianos,mixto,SI,post,https://avesnativaschilenas.cl/jaulas/para-periquitos/,Jaulas para Periquitos: Guia de Compra Completa 2026,15284,100
fuerzas como el aguila biblia,informacional,SI,post,https://avesnativaschilenas.cl/aguilas/como-ensena-el-aguila-a-volar-a-sus-polluelos/,Como el aguila ensena a volar a sus polluelos,9369,3
galleras para gallos de pelea,mixto,SI,post,https://avesnativaschilenas.cl/jaulas/para-gallinas-ponedoras/,Jaulas para Gallinas Ponedoras: Guia de Compra 2026,15281,100
garza rosada pico de espatula,mixto,SI/Parcial,post,https://avesnativaschilenas.cl/terrestres/mirlo/pajaro-negro-de-pico-largo/,¿Quién es el pájaro negro de pico largo? Descúbrelo aquí,11056,2
gaviota de las islas malvinas,mixto,SI,post,https://avesnativaschilenas.cl/piqueros/piquero-blanco/,Piquero blanco (Sula dactylatra): el kena de Rapa Nui y las islas oceanicas de Chile,14138,3
golondrinas como ahuyentarlas,informacional,NO,,,,,1
golondrinas especie protegida,mixto,NO,,,,,1
halcon significado espiritual,informacional,SI/Parcial,post,https://avesnativaschilenas.cl/picaflor/significado-espiritual-del-colibri-y-tatuajes-de-picaflor/,Significado espiritual del colibrí y tatuajes de picaflor: simbolismo y creencias,14221,2
huevos de avestruz fecundados,mixto,SI/Parcial,post,https://avesnativaschilenas.cl/cuidados/de-que-color-son-los-huevos-de-pavo-real/,de que color son los huevos de pavo real,9364,2
huevos de codorniz fecundados,mixto,SI,post,https://avesnativaschilenas.cl/jaulas/para-gallinas-ponedoras/,Jaulas para Gallinas Ponedoras: Guia de Compra 2026,15281,100
huevos de paloma en el balcón,mixto,SI,post,https://avesnativaschilenas.cl/nidos/transforma-tu-balcon-en-un-paraiso-natural-descubre-el-nido-de-pajaros-perfecto/,Transforma tu balcón en un paraíso natural: ¡Descubre el nido de pájaros perfecto!,8492,4
imagenes bonitas de pajaritos,mixto,NO,,,,,1
imagenes de pajaritos bonitos,mixto,NO,,,,,1
imágenes de pájaros amarillos,mixto,SI/Parcial,post,https://avesnativaschilenas.cl/rapaces/lechuza/pajaros-blancos-que-vuelan-de-noche/,5 Fascinantes Pájaros Blancos que Vuelan de Noche,11061,2
imágenes de pájaros coloridos,mixto,SI,post,https://avesnativaschilenas.cl/nidos/descubre-las-encantadoras-casas-de-pajaros-para-tu-jardin-y-atrae-coloridos-visitantes/,¡Descubre las encantadoras casas de pájaros para tu jardín y atrae coloridos visitantes!,7478,3
imágenes de todos los pájaros,mixto,SI,post,https://avesnativaschilenas.cl/redes/descubre-como-esta-red-verde-de-4x10m-protege-tus-plantas-y-frutas-de-los-pajaros-imperdible/,Descubre cómo esta red verde de 4x10m protege tus plantas y frutas de los pájaros ¡Imperdible!,8502,3
imágenes de un guacamayo azul,mixto,SI,post,https://avesnativaschilenas.cl/jaulas/para-loros/descubre-el-secreto-para-mantener-la-jaula-de-tu-loro-siempre-limpia-y-fresca/,¡Descubre el secreto para mantener la jaula de tu loro siempre limpia y fresca!,8533,100
informacion pajaro carpintero,informacional,NO,,,,,1
información del cóndor andino,informacional,SI/Parcial,post,https://avesnativaschilenas.cl/rapaces/condor-andino-caracteristicas-habitat-y-donde-verlo-en-chile/,"Condor Andino: Caracteristicas, Habitat y Donde Verlo en Chile",11832,2
información sobre los pájaros,informacional,SI/Parcial,post,https://avesnativaschilenas.cl/zanate/mitos-y-creencias-sobre-los-zanates-de-verdad-traen-mala-suerte/,Mitos y Creencias sobre los Zanates: De Verdad Traen Mala Suerte?,9776,2
jaula artesanal para canarios,mixto,SI,post,https://avesnativaschilenas.cl/jaulas/accesorios-para-jaulas/,Accesorios para Jaulas de Aves: Todo lo que Necesitas,15289,100
jaula codornices segunda mano,comercial,SI,post,https://avesnativaschilenas.cl/jaulas/accesorios-para-jaulas/,Accesorios para Jaulas de Aves: Todo lo que Necesitas,15289,100
jaula de cria para periquitos,mixto,SI,post,https://avesnativaschilenas.cl/jaulas/accesorios-para-jaulas/,Accesorios para Jaulas de Aves: Todo lo que Necesitas,15289,100
jaula de loro de segunda mano,comercial,SI,post,https://avesnativaschilenas.cl/jaulas/accesorios-para-jaulas/,Accesorios para Jaulas de Aves: Todo lo que Necesitas,15289,100
jaula de madera para canarios,mixto,SI,post,https://avesnativaschilenas.cl/jaulas/accesorios-para-jaulas/,Accesorios para Jaulas de Aves: Todo lo que Necesitas,15289,100
jaula de madera para gallinas,mixto,SI,post,https://avesnativaschilenas.cl/jaulas/accesorios-para-jaulas/,Accesorios para Jaulas de Aves: Todo lo que Necesitas,15289,100
jaula de pericos australianos,mixto,SI,post,https://avesnativaschilenas.cl/jaulas/accesorios-para-jaulas/,Accesorios para Jaulas de Aves: Todo lo que Necesitas,15289,100
jaula para aves mercado libre,mixto,SI,post,https://avesnativaschilenas.cl/jaulas/accesorios-para-jaulas/,Accesorios para Jaulas de Aves: Todo lo que Necesitas,15289,100
jaula para aves santo domingo,mixto,SI,post,https://avesnativaschilenas.cl/jaulas/accesorios-para-jaulas/,Accesorios para Jaulas de Aves: Todo lo que Necesitas,15289,100
jaula para chinchillas casera,mixto,SI,post,https://avesnativaschilenas.cl/jaulas/accesorios-para-jaulas/,Accesorios para Jaulas de Aves: Todo lo que Necesitas,15289,100
jaula para huron segunda mano,comercial,SI,post,https://avesnativaschilenas.cl/jaulas/accesorios-para-jaulas/,Accesorios para Jaulas de Aves: Todo lo que Necesitas,15289,100
jaula para loro mercado libre,mixto,SI,post,https://avesnativaschilenas.cl/jaulas/accesorios-para-jaulas/,Accesorios para Jaulas de Aves: Todo lo que Necesitas,15289,100
jaula para loros australianos,mixto,SI,post,https://avesnativaschilenas.cl/jaulas/accesorios-para-jaulas/,Accesorios para Jaulas de Aves: Todo lo que Necesitas,15289,100
jaula para ninfa segunda mano,comercial,SI,post,https://avesnativaschilenas.cl/jaulas/accesorios-para-jaulas/,Accesorios para Jaulas de Aves: Todo lo que Necesitas,15289,100
jaula para pajaros con ruedas,mixto,SI,post,https://avesnativaschilenas.cl/jaulas/accesorios-para-jaulas/,Accesorios para Jaulas de Aves: Todo lo que Necesitas,15289,100
jaula para palomas mensajeras,mixto,SI,post,https://avesnativaschilenas.cl/jaulas/accesorios-para-jaulas/,Accesorios para Jaulas de Aves: Todo lo que Necesitas,15289,100
jaula para pareja de canarios,mixto,SI,post,https://avesnativaschilenas.cl/jaulas/accesorios-para-jaulas/,Accesorios para Jaulas de Aves: Todo lo que Necesitas,15289,100
jaula para perico australiano,mixto,SI,post,https://avesnativaschilenas.cl/jaulas/accesorios-para-jaulas/,Accesorios para Jaulas de Aves: Todo lo que Necesitas,15289,100
jaula periquitos australianos,mixto,SI,post,https://avesnativaschilenas.cl/jaulas/accesorios-para-jaulas/,Accesorios para Jaulas de Aves: Todo lo que Necesitas,15289,100
jaula piramidal para gallinas,mixto,SI,post,https://avesnativaschilenas.cl/jaulas/accesorios-para-jaulas/,Accesorios para Jaulas de Aves: Todo lo que Necesitas,15289,100
jaulas atrapadoras de pajaros,mixto,SI,post,https://avesnativaschilenas.cl/jaulas/accesorios-para-jaulas/,Accesorios para Jaulas de Aves: Todo lo que Necesitas,15289,100
jaulas centro de mesa vintage,mixto,SI,post,https://avesnativaschilenas.cl/jaulas/accesorios-para-jaulas/,Accesorios para Jaulas de Aves: Todo lo que Necesitas,15289,100
jaulas de 1 metro para gallos,mixto,SI,post,https://avesnativaschilenas.cl/jaulas/accesorios-para-jaulas/,Accesorios para Jaulas de Aves: Todo lo que Necesitas,15289,100
jaulas de 3 pisos para gallos,mixto,SI,post,https://avesnativaschilenas.cl/jaulas/accesorios-para-jaulas/,Accesorios para Jaulas de Aves: Todo lo que Necesitas,15289,100
jaulas de 80 cm para canarios,mixto,SI,post,https://avesnativaschilenas.cl/jaulas/accesorios-para-jaulas/,Accesorios para Jaulas de Aves: Todo lo que Necesitas,15289,100
jaulas de alambre galvanizado,mixto,SI,post,https://avesnativaschilenas.cl/jaulas/accesorios-para-jaulas/,Accesorios para Jaulas de Aves: Todo lo que Necesitas,15289,100
jaulas de canto para canarios,mixto,SI,post,https://avesnativaschilenas.cl/jaulas/accesorios-para-jaulas/,Accesorios para Jaulas de Aves: Todo lo que Necesitas,15289,100
jaulas de carton para pajaros,mixto,SI,post,https://avesnativaschilenas.cl/jaulas/accesorios-para-jaulas/,Accesorios para Jaulas de Aves: Todo lo que Necesitas,15289,100
jaulas de exposicion canarios,mixto,SI,post,https://avesnativaschilenas.cl/jaulas/accesorios-para-jaulas/,Accesorios para Jaulas de Aves: Todo lo que Necesitas,15289,100
jaulas de herreria para loros,mixto,SI,post,https://avesnativaschilenas.cl/jaulas/accesorios-para-jaulas/,Accesorios para Jaulas de Aves: Todo lo que Necesitas,15289,100
jaulas de hierro para pajaros,mixto,SI,post,https://avesnativaschilenas.cl/jaulas/accesorios-para-jaulas/,Accesorios para Jaulas de Aves: Todo lo que Necesitas,15289,100
jaulas de jardin para pajaros,mixto,SI,post,https://avesnativaschilenas.cl/jaulas/accesorios-para-jaulas/,Accesorios para Jaulas de Aves: Todo lo que Necesitas,15289,100
jaulas de madera para palomas,mixto,SI,post,https://avesnativaschilenas.cl/jaulas/accesorios-para-jaulas/,Accesorios para Jaulas de Aves: Todo lo que Necesitas,15289,100
jaulas de pajaros artesanales,mixto,SI,post,https://avesnativaschilenas.cl/jaulas/accesorios-para-jaulas/,Accesorios para Jaulas de Aves: Todo lo que Necesitas,15289,100
jaulas de vidrio para hamster,mixto,SI,post,https://avesnativaschilenas.cl/jaulas/accesorios-para-jaulas/,Accesorios para Jaulas de Aves: Todo lo que Necesitas,15289,100
jaulas elegantes para pajaros,mixto,SI,post,https://avesnativaschilenas.cl/jaulas/accesorios-para-jaulas/,Accesorios para Jaulas de Aves: Todo lo que Necesitas,15289,100
jaulas en madera para pajaros,mixto,SI,post,https://avesnativaschilenas.cl/jaulas/accesorios-para-jaulas/,Accesorios para Jaulas de Aves: Todo lo que Necesitas,15289,100
jaulas en madera para pájaros,mixto,SI,post,https://avesnativaschilenas.cl/jaulas/accesorios-para-jaulas/,Accesorios para Jaulas de Aves: Todo lo que Necesitas,15289,100
jaulas para agapornis con pie,mixto,SI,post,https://avesnativaschilenas.cl/jaulas/accesorios-para-jaulas/,Accesorios para Jaulas de Aves: Todo lo que Necesitas,15289,100
jaulas para aves segunda mano,comercial,SI,post,https://avesnativaschilenas.cl/jaulas/accesorios-para-jaulas/,Accesorios para Jaulas de Aves: Todo lo que Necesitas,15289,100
jaulas para canarios colombia,mixto,SI,post,https://avesnativaschilenas.cl/jaulas/accesorios-para-jaulas/,Accesorios para Jaulas de Aves: Todo lo que Necesitas,15289,100
jaulas para canarios criollos,mixto,SI,post,https://avesnativaschilenas.cl/jaulas/accesorios-para-jaulas/,Accesorios para Jaulas de Aves: Todo lo que Necesitas,15289,100
jaulas para capturar jabalies,mixto,SI,post,https://avesnativaschilenas.cl/jaulas/accesorios-para-jaulas/,Accesorios para Jaulas de Aves: Todo lo que Necesitas,15289,100
jaulas para catitas de madera,mixto,SI,post,https://avesnativaschilenas.cl/jaulas/accesorios-para-jaulas/,Accesorios para Jaulas de Aves: Todo lo que Necesitas,15289,100
jaulas para codornices chinas,mixto,SI,post,https://avesnativaschilenas.cl/jaulas/accesorios-para-jaulas/,Accesorios para Jaulas de Aves: Todo lo que Necesitas,15289,100
jaulas para codornices usadas,comercial,SI,post,https://avesnativaschilenas.cl/jaulas/accesorios-para-jaulas/,Accesorios para Jaulas de Aves: Todo lo que Necesitas,15289,100
jaulas para gallos con tambos,mixto,SI,post,https://avesnativaschilenas.cl/jaulas/accesorios-para-jaulas/,Accesorios para Jaulas de Aves: Todo lo que Necesitas,15289,100
jaulas para gallos de 1 metro,mixto,SI,post,https://avesnativaschilenas.cl/jaulas/accesorios-para-jaulas/,Accesorios para Jaulas de Aves: Todo lo que Necesitas,15289,100
jaulas para gatos en ventanas,comercial,SI,post,https://avesnativaschilenas.cl/jaulas/accesorios-para-jaulas/,Accesorios para Jaulas de Aves: Todo lo que Necesitas,15289,100
jaulas para pajaros de hierro,mixto,SI,post,https://avesnativaschilenas.cl/jaulas/accesorios-para-jaulas/,Accesorios para Jaulas de Aves: Todo lo que Necesitas,15289,100
jaulas para pajaros en madera,mixto,SI,post,https://avesnativaschilenas.cl/jaulas/accesorios-para-jaulas/,Accesorios para Jaulas de Aves: Todo lo que Necesitas,15289,100
jaulas para palomas de madera,mixto,SI,post,https://avesnativaschilenas.cl/jaulas/accesorios-para-jaulas/,Accesorios para Jaulas de Aves: Todo lo que Necesitas,15289,100
jaulas para pollitos pequeños,mixto,SI,post,https://avesnativaschilenas.cl/jaulas/accesorios-para-jaulas/,Accesorios para Jaulas de Aves: Todo lo que Necesitas,15289,100
jaulas pequeñas para canarios,mixto,SI,post,https://avesnativaschilenas.cl/jaulas/accesorios-para-jaulas/,Accesorios para Jaulas de Aves: Todo lo que Necesitas,15289,100
jaulas pequeñas para gallinas,mixto,SI,post,https://avesnativaschilenas.cl/jaulas/accesorios-para-jaulas/,Accesorios para Jaulas de Aves: Todo lo que Necesitas,15289,100
jaulas voladeras para pajaros,mixto,SI,post,https://avesnativaschilenas.cl/jaulas/accesorios-para-jaulas/,Accesorios para Jaulas de Aves: Todo lo que Necesitas,15289,100
jaulones grandes para pájaros,mixto,SI/Parcial,post,https://avesnativaschilenas.cl/jaulas/voladeras/,Voladeras para Aves: Como Elegir la Mejor para tus Pajaros,15277,2
juguetes para jaulas de loros,mixto,SI,post,https://avesnativaschilenas.cl/jaulas/accesorios-para-jaulas/,Accesorios para Jaulas de Aves: Todo lo que Necesitas,15289,100
las aves mas bellas del mundo,mixto,SI,post,https://avesnativaschilenas.cl/rapaces/excremento-de-las-aves-de-rapina/,El Curioso Mundo del Excremento de las Aves de Rapiña: Más Allá de un Simple Desecho,1903,5
las aves más lindas del mundo,mixto,SI,post,https://avesnativaschilenas.cl/rapaces/excremento-de-las-aves-de-rapina/,El Curioso Mundo del Excremento de las Aves de Rapiña: Más Allá de un Simple Desecho,1903,5
lechuza significado simbólico,informacional,SI/Parcial,post,https://avesnativaschilenas.cl/rapaces/lechuza/significado-de-ver-una-lechuza-blanca-en-la-noche/,significado de ver una lechuza blanca en la noche,9451,2
loro amazonas cabeza amarilla,navegacional,SI,post,https://avesnativaschilenas.cl/jaulas/para-loros/descubre-el-secreto-para-mantener-la-jaula-de-tu-loro-siempre-limpia-y-fresca/,¡Descubre el secreto para mantener la jaula de tu loro siempre limpia y fresca!,8533,100
loro amazonas frente amarilla,navegacional,SI,post,https://avesnativaschilenas.cl/jaulas/para-loros/descubre-el-secreto-para-mantener-la-jaula-de-tu-loro-siempre-limpia-y-fresca/,¡Descubre el secreto para mantener la jaula de tu loro siempre limpia y fresca!,8533,100
loros yacos baratos 150 euros,comercial,SI,post,https://avesnativaschilenas.cl/jaulas/para-loros/descubre-el-secreto-para-mantener-la-jaula-de-tu-loro-siempre-limpia-y-fresca/,¡Descubre el secreto para mantener la jaula de tu loro siempre limpia y fresca!,8533,100
los huevos de paloma se comen,mixto,SI,post,https://avesnativaschilenas.cl/migratorias/paloma/palomas-bebes/,"Cómo son los nidos de paloma, que comen y como cuidar pichones",2519,4
los panchos de chucho navarro,mixto,SI/Parcial,post,https://avesnativaschilenas.cl/blog/importancia-de-las-aves-en-chile/,Importancia de las aves en Chile: su rol en los ecosistemas y la conservacion nacional,15082,2
martin pescador aves de chile,mixto,SI,post,https://avesnativaschilenas.cl/blog/importancia-de-las-aves-en-chile/,Importancia de las aves en Chile: su rol en los ecosistemas y la conservacion nacional,15082,3
martin pescador grande hembra,mixto,SI/Parcial,page,https://avesnativaschilenas.cl/martin-pescador/,"Martín pescador Chileno: hábitat, alimentación y curiosidades de un tesoro acuatico",9858,2
mejor jaula para inseparables,comercial,SI,post,https://avesnativaschilenas.cl/jaulas/accesorios-para-jaulas/,Accesorios para Jaulas de Aves: Todo lo que Necesitas,15289,100
mejor loro para tener en casa,comercial,SI,post,https://avesnativaschilenas.cl/jaulas/para-loros/descubre-el-secreto-para-mantener-la-jaula-de-tu-loro-siempre-limpia-y-fresca/,¡Descubre el secreto para mantener la jaula de tu loro siempre limpia y fresca!,8533,100
neophema splendida mutaciones,mixto,NO,,,,,0
nido de aguilas colegio chile,mixto,SI,post,https://avesnativaschilenas.cl/jaulas/nidos-para-aves/,"Nidos para Aves: Tipos, Materiales y Como Elegir el Mejor",15288,100
nidos para jaulas de canarios,mixto,SI,post,https://avesnativaschilenas.cl/jaulas/accesorios-para-jaulas/,Accesorios para Jaulas de Aves: Todo lo que Necesitas,15289,100
nidos para palomas mensajeras,mixto,SI,post,https://avesnativaschilenas.cl/jaulas/nidos-para-aves/,"Nidos para Aves: Tipos, Materiales y Como Elegir el Mejor",15288,100
ninfa cuidados y alimentacion,informacional,SI,post,https://avesnativaschilenas.cl/jaulas/para-ninfas/,Jaulas para Ninfas (Cockatiel): Guia de Compra y Medidas Ideales,15285,100
nombres de pájaros argentinos,mixto,SI/Parcial,post,https://avesnativaschilenas.cl/rapaces/lechuza/pajaros-blancos-que-vuelan-de-noche/,5 Fascinantes Pájaros Blancos que Vuelan de Noche,11061,2
nombres de pájaros en español,mixto,SI,post,https://avesnativaschilenas.cl/blog/que-significa-la-presencia-de-pajaros-en-tu-casa/,qué significa la presencia de pájaros en tu casa,9405,3
nombres de pájaros tropicales,mixto,SI/Parcial,post,https://avesnativaschilenas.cl/rapaces/lechuza/pajaros-blancos-que-vuelan-de-noche/,5 Fascinantes Pájaros Blancos que Vuelan de Noche,11061,2
pajareras de madera decoradas,mixto,SI,post,https://avesnativaschilenas.cl/jaulas/pajareras/,Pajareras para Jardin: Guia de Compra y Decoracion,15278,100
pajareras grandes para jardín,mixto,SI,post,https://avesnativaschilenas.cl/jaulas/pajareras/,Pajareras para Jardin: Guia de Compra y Decoracion,15278,100
pajaritos australianos precio,comercial,SI,post,https://avesnativaschilenas.cl/jaulas/para-periquitos/,Jaulas para Periquitos: Guia de Compra Completa 2026,15284,100
pajaritos de colores imagenes,mixto,SI/Parcial,post,https://avesnativaschilenas.cl/fardela/fardela-heraldica/,Fardela heráldica: el petrel de tres colores de Rapa Nui,14188,2
pajaritos pequeños de colores,mixto,SI/Parcial,post,https://avesnativaschilenas.cl/fardela/fardela-heraldica/,Fardela heráldica: el petrel de tres colores de Rapa Nui,14188,2
pajaro martin pescador grande,mixto,SI/Parcial,page,https://avesnativaschilenas.cl/martin-pescador/,"Martín pescador Chileno: hábitat, alimentación y curiosidades de un tesoro acuatico",9858,2
pajaros con plumas de colores,mixto,SI,post,https://avesnativaschilenas.cl/terrestres/colilarga/,Colilarga: el pájaro que ayuda a recordar lecciones y encanta con su cola de plumas mágicas,11131,3
pajaros de argentina imagenes,mixto,SI/Parcial,post,https://avesnativaschilenas.cl/jaulas/para-cotorras/,Jaulas para Cotorras: Guia de Compra para Cotorra Argentina y Australianas,15274,2
pajaros domesticos que cantan,mixto,SI/Parcial,post,https://avesnativaschilenas.cl/rapaces/lechuza/pajaros-blancos-que-vuelan-de-noche/,5 Fascinantes Pájaros Blancos que Vuelan de Noche,11061,2
pajaros para tener de mascota,mixto,SI,post,https://avesnativaschilenas.cl/jaulas/accesorios/descubre-por-que-la-bandeja-yarnow-para-pajaros-transformara-el-cuidado-de-tu-mascota/,Descubre por qué la bandeja YARNOW para pájaros transformará el cuidado de tu mascota,8623,4
pajaros parecidos a los loros,mixto,SI,post,https://avesnativaschilenas.cl/jaulas/para-loros/descubre-el-secreto-para-mantener-la-jaula-de-tu-loro-siempre-limpia-y-fresca/,¡Descubre el secreto para mantener la jaula de tu loro siempre limpia y fresca!,8533,100
pajaros pequeños de argentina,mixto,SI,post,https://avesnativaschilenas.cl/jaulas/portatiles/descubre-la-jaula-de-pajaros-perfecta-ideal-para-animales-pequenos-y-aventura-al-aire-libre/,¡Descubre la Jaula de Pájaros Perfecta! Ideal para Animales Pequeños y Aventura al Aire Libre,8108,3
pajaros que hablan cuales son,mixto,SI,post,https://avesnativaschilenas.cl/jaulas/accesorios/descubre-por-que-estas-200-piezas-para-jaulas-de-pajaros-son-imprescindibles-para-tu-mascota/,¡Descubre por qué estas 200 piezas para jaulas de pájaros son imprescindibles para tu mascota!,8569,3
pajaros tropicales domesticos,mixto,SI/Parcial,post,https://avesnativaschilenas.cl/blog/pajaros-domesticos-pequenos/,pájaros domésticos pequeños,10416,2
paloma de collar turca precio,comercial,SI/Parcial,post,https://avesnativaschilenas.cl/cuidados/piojos-de-paloma/,Piojos de Paloma: Como Identificarlos y Eliminarlos,15250,2
paloma significado espiritual,informacional,SI/Parcial,post,https://avesnativaschilenas.cl/picaflor/significado-espiritual-del-colibri-y-tatuajes-de-picaflor/,Significado espiritual del colibrí y tatuajes de picaflor: simbolismo y creencias,14221,2
paloma torcaza macho y hembra,mixto,SI,post,https://avesnativaschilenas.cl/terrestres/pavo-real-diferencias-entre-macho-y-hembra-fotos/,Pavo Real: Diferencias entre Macho y Hembra + Fotos,11823,3
pavo real pavo real pavo real,mixto,SI/Parcial,post,https://avesnativaschilenas.cl/terrestres/pavo-real-diferencias-entre-macho-y-hembra-fotos/,Pavo Real: Diferencias entre Macho y Hembra + Fotos,11823,2
perdiz significado espiritual,informacional,SI,post,https://avesnativaschilenas.cl/jaulas/para-gallinas-ponedoras/,Jaulas para Gallinas Ponedoras: Guia de Compra 2026,15281,100
perico monje argentino precio,comercial,SI,post,https://avesnativaschilenas.cl/jaulas/para-periquitos/,Jaulas para Periquitos: Guia de Compra Completa 2026,15284,100
periquito australiano especie,mixto,SI,post,https://avesnativaschilenas.cl/jaulas/para-periquitos/,Jaulas para Periquitos: Guia de Compra Completa 2026,15284,100
periquitos australianos rojos,mixto,SI,post,https://avesnativaschilenas.cl/jaulas/para-periquitos/,Jaulas para Periquitos: Guia de Compra Completa 2026,15284,100
periquitos australianos rosas,mixto,SI,post,https://avesnativaschilenas.cl/jaulas/para-periquitos/,Jaulas para Periquitos: Guia de Compra Completa 2026,15284,100
periquitos australianos tipos,informacional,SI,post,https://avesnativaschilenas.cl/jaulas/para-periquitos/,Jaulas para Periquitos: Guia de Compra Completa 2026,15284,100
picaflor y colibri diferencia,mixto,SI,post,https://avesnativaschilenas.cl/picaflor/que-diferencia-hay-entre-un-colibri-y-un-picaflor/,Colibrí vs Picaflor: ¿Son lo mismo? 7 diferencias clave que los distinguen,9420,4
pichon de paloma alimentacion,informacional,SI,post,https://avesnativaschilenas.cl/cuidados/como-darle-de-comer-a-un-pichon-de-paloma/,Como alimentar a un pichon de paloma: guia segura paso a paso,9458,3
pichon de zorzal alimentacion,informacional,SI/Parcial,post,https://avesnativaschilenas.cl/cuidados/tipo-de-alimentacion-de-las-aves/,Descubre los Tipos de Alimentación de las Aves: Guía Completa para Entender sus Dietas,11359,2
precio de jaula para canarios,comercial,SI,post,https://avesnativaschilenas.cl/jaulas/accesorios-para-jaulas/,Accesorios para Jaulas de Aves: Todo lo que Necesitas,15289,100
precio de jaulas para pericos,comercial,SI,post,https://avesnativaschilenas.cl/jaulas/accesorios-para-jaulas/,Accesorios para Jaulas de Aves: Todo lo que Necesitas,15289,100
pájaro con pico largo y curvo,mixto,SI,post,https://avesnativaschilenas.cl/terrestres/colilarga/,Colilarga: el pájaro que ayuda a recordar lecciones y encanta con su cola de plumas mágicas,11131,3
pájaros con pico largo y fino,mixto,SI,post,https://avesnativaschilenas.cl/uncategorized/como-transforme-mi-jardin-en-un-refugio-para-aves-y-tu-tambien-puedes/,Cómo Atraer Pájaros a tu Jardín con Nidos Colgantes: La Guía Completa para Crear un Paraíso Aviar,11064,3
pájaros de colores domésticos,mixto,SI/Parcial,post,https://avesnativaschilenas.cl/fardela/fardela-heraldica/,Fardela heráldica: el petrel de tres colores de Rapa Nui,14188,2
pájaros de diferentes colores,mixto,SI/Parcial,post,https://avesnativaschilenas.cl/fardela/fardela-heraldica/,Fardela heráldica: el petrel de tres colores de Rapa Nui,14188,2
pájaros de la selva amazónica,navegacional,SI,post,https://avesnativaschilenas.cl/migratorias/golondrina/que-significa-cuando-hay-una-bandada-de-pajaros/,Qué Significa Cuando Hay Una Bandada de Pájaros: Descubre el Misterioso Mensaje de la Naturaleza,10003,3
pájaros domésticos que hablan,mixto,SI/Parcial,post,https://avesnativaschilenas.cl/rapaces/lechuza/pajaros-blancos-que-vuelan-de-noche/,5 Fascinantes Pájaros Blancos que Vuelan de Noche,11061,2
pájaros más bonitos del mundo,mixto,SI,post,https://avesnativaschilenas.cl/blog/cual-es-el-ave-con-el-pico-mas-largo-del-mundo/,cual es el ave con el pico mas largo del mundo,9428,3
pájaros tropicales de colores,mixto,SI/Parcial,post,https://avesnativaschilenas.cl/fardela/fardela-heraldica/,Fardela heráldica: el petrel de tres colores de Rapa Nui,14188,2
rejillas para jaulas de metro,mixto,SI,post,https://avesnativaschilenas.cl/jaulas/accesorios-para-jaulas/,Accesorios para Jaulas de Aves: Todo lo que Necesitas,15289,100
semillas para aves silvestres,mixto,SI,post,https://avesnativaschilenas.cl/nidos/descubre-el-encanto-de-nester-artesano-tahera-viviendas-unicas-para-aves-silvestres/,Descubre el encanto de Nester Artesano Tahera: ¡viviendas únicas para aves silvestres!,7369,3
significado de lechuza blanca,informacional,SI,post,https://avesnativaschilenas.cl/rapaces/lechuza/significado-de-ver-una-lechuza-blanca-en-la-noche/,significado de ver una lechuza blanca en la noche,9451,4
soporte para jaula de pajaros,mixto,SI,post,https://avesnativaschilenas.cl/jaulas/accesorios-para-jaulas/,Accesorios para Jaulas de Aves: Todo lo que Necesitas,15289,100
suplementos alimenticios para,mixto,NO,,,,,1
tener un loro en casa es malo,mixto,SI,post,https://avesnativaschilenas.cl/jaulas/para-loros/descubre-el-secreto-para-mantener-la-jaula-de-tu-loro-siempre-limpia-y-fresca/,¡Descubre el secreto para mantener la jaula de tu loro siempre limpia y fresca!,8533,100
tienda de jaulas para pájaros,comercial,SI,post,https://avesnativaschilenas.cl/jaulas/accesorios-para-jaulas/,Accesorios para Jaulas de Aves: Todo lo que Necesitas,15289,100
tienda de pajaros cerca de mi,comercial,SI,post,https://avesnativaschilenas.cl/tienda/descubre-las-4-impresionantes-perchas-de-madera-que-tus-pajaros-adoraran/,¡Descubre las 4 impresionantes perchas de madera que tus pájaros adorarán!,8394,3
tienda de pájaros cerca de mi,comercial,SI,post,https://avesnativaschilenas.cl/tienda/descubre-las-4-impresionantes-perchas-de-madera-que-tus-pajaros-adoraran/,¡Descubre las 4 impresionantes perchas de madera que tus pájaros adorarán!,8394,3
tipos de jaulas para canarios,informacional,SI,post,https://avesnativaschilenas.cl/jaulas/accesorios-para-jaulas/,Accesorios para Jaulas de Aves: Todo lo que Necesitas,15289,100
tipos de jaulas para gallinas,informacional,SI,post,https://avesnativaschilenas.cl/jaulas/accesorios-para-jaulas/,Accesorios para Jaulas de Aves: Todo lo que Necesitas,15289,100
tipos de pajaros australianos,informacional,SI,post,https://avesnativaschilenas.cl/jaulas/para-periquitos/,Jaulas para Periquitos: Guia de Compra Completa 2026,15284,100
tipos de pericos australianos,informacional,SI,post,https://avesnativaschilenas.cl/jaulas/para-periquitos/,Jaulas para Periquitos: Guia de Compra Completa 2026,15284,100
tiuque significado espiritual,informacional,SI/Parcial,post,https://avesnativaschilenas.cl/picaflor/significado-espiritual-del-colibri-y-tatuajes-de-picaflor/,Significado espiritual del colibrí y tatuajes de picaflor: simbolismo y creencias,14221,2
todas las especies de pájaros,informacional,SI,post,https://avesnativaschilenas.cl/marina/ave-marina-que-escoge-pareja-para-toda-la-vida/,La fidelidad en las aves marinas: ¿por qué muchas especies eligen una sola pareja de por vida?,8852,3
trampa para pajaros con jaula,mixto,SI,post,https://avesnativaschilenas.cl/jaulas/accesorios-para-jaulas/,Accesorios para Jaulas de Aves: Todo lo que Necesitas,15289,100
trampa para palomas con cajas,mixto,SI,post,https://avesnativaschilenas.cl/jaulas/portatiles/descubre-la-jaula-plegable-perfecta-para-tus-mascotas-ideal-para-viajar-con-palomas-y-conejos/,Descubre la jaula plegable perfecta para tus mascotas: ¡ideal para viajar con palomas y conejos!,8605,3
trampas para capturar palomas,mixto,SI/Parcial,post,https://avesnativaschilenas.cl/jaulas/portatiles/descubre-la-jaula-plegable-perfecta-para-tus-mascotas-ideal-para-viajar-con-palomas-y-conejos/,Descubre la jaula plegable perfecta para tus mascotas: ¡ideal para viajar con palomas y conejos!,8605,2
trampas para palomas de campo,mixto,SI,post,https://avesnativaschilenas.cl/jaulas/portatiles/descubre-la-jaula-de-transporte-perfecta-para-palomas-y-mascotas-ideal-y-plegable/,¡Descubre la Jaula de Transporte Perfecta para Palomas y Mascotas! Ideal y Plegable,8278,3
trampas para picudo del chile,mixto,SI/Parcial,post,https://avesnativaschilenas.cl/terrestres/chincol/,"Chincol: Caracteristicas, Habitat y Canto del Zonotrichia capensis [Chile]",15248,2
urraca significado espiritual,informacional,SI/Parcial,post,https://avesnativaschilenas.cl/picaflor/significado-espiritual-del-colibri-y-tatuajes-de-picaflor/,Significado espiritual del colibrí y tatuajes de picaflor: simbolismo y creencias,14221,2
venta de codornices japonesas,comercial,SI,post,https://avesnativaschilenas.cl/jaulas/para-gallinas-ponedoras/,Jaulas para Gallinas Ponedoras: Guia de Compra 2026,15281,100
venta de codornices ponedoras,comercial,SI,post,https://avesnativaschilenas.cl/jaulas/para-gallinas-ponedoras/,Jaulas para Gallinas Ponedoras: Guia de Compra 2026,15281,100
venta de faisanes en santiago,comercial,SI/Parcial,post,https://avesnativaschilenas.cl/blog/palomas-urbanas-problema-salud-publica-chile/,Palomas urbanas en Chile: un problema de salud publica y como controlarlas,15094,2
venta de jaulas de codornices,comercial,SI,post,https://avesnativaschilenas.cl/jaulas/accesorios-para-jaulas/,Accesorios para Jaulas de Aves: Todo lo que Necesitas,15289,100
vitaminas para aves de corral,mixto,SI,post,https://avesnativaschilenas.cl/jaulas/accesorios-para-jaulas/,Accesorios para Jaulas de Aves: Todo lo que Necesitas,15289,3
voladeras para aves de madera,mixto,SI,post,https://avesnativaschilenas.cl/jaulas/voladeras/,Voladeras para Aves: Como Elegir la Mejor para tus Pajaros,15277,100
voladeros para gallos caseros,mixto,SI,post,https://avesnativaschilenas.cl/jaulas/para-gallinas-ponedoras/,Jaulas para Gallinas Ponedoras: Guia de Compra 2026,15281,100
voladeros para gallos precios,comercial,SI,post,https://avesnativaschilenas.cl/jaulas/para-gallinas-ponedoras/,Jaulas para Gallinas Ponedoras: Guia de Compra 2026,15281,100
volar como las águilas biblia,informacional,SI,post,https://avesnativaschilenas.cl/rapaces/como-las-aguilas-ensenan-a-volar-a-sus-crias/,como las águilas enseñan a volar a sus crías,9353,4
vuela como las aguilas biblia,informacional,SI,post,https://avesnativaschilenas.cl/rapaces/como-las-aguilas-ensenan-a-volar-a-sus-crias/,como las águilas enseñan a volar a sus crías,9353,3
zorzal significado espiritual,informacional,SI/Parcial,post,https://avesnativaschilenas.cl/picaflor/significado-espiritual-del-colibri-y-tatuajes-de-picaflor/,Significado espiritual del colibrí y tatuajes de picaflor: simbolismo y creencias,14221,2
colibri y picaflor diferencia,mixto,SI,post,https://avesnativaschilenas.cl/picaflor/que-diferencia-hay-entre-un-colibri-y-un-picaflor/,Colibrí vs Picaflor: ¿Son lo mismo? 7 diferencias clave que los distinguen,9420,4
guia de campo hongos de chile,mixto,SI,post,https://avesnativaschilenas.cl/acuaticas/patos-chilenos/,"Patos de Chile: Tipos, Especies y Guia de Identificacion",15251,3
jaulas para gallinas ponedora,mixto,SI,post,https://avesnativaschilenas.cl/jaulas/accesorios-para-jaulas/,Accesorios para Jaulas de Aves: Todo lo que Necesitas,15289,100
pájaros chilenos zona central,mixto,NO,,,,,1
accesorios para jaula de loros,mixto,SI,post,https://avesnativaschilenas.cl/jaulas/accesorios-para-jaulas/,Accesorios para Jaulas de Aves: Todo lo que Necesitas,15289,100
accesorios para jaulas de aves,mixto,SI,post,https://avesnativaschilenas.cl/jaulas/accesorios-para-jaulas/,Accesorios para Jaulas de Aves: Todo lo que Necesitas,15289,100
aguila en la biblia versiculos,mixto,SI,post,https://avesnativaschilenas.cl/aguilas/caracteristicas-de-las-aguilas-segun-la-biblia/,El Aguila en la Biblia: significado espiritual y versiculos clave,1857,5
aguila en peligro de extincion,informacional,SI,post,https://avesnativaschilenas.cl/fardela/fardela-de-phoenix/,Fardela de Phoenix: el petrel blanquinegro en peligro de extinción,14189,4
aguila imperial iberica tamaño,mixto,SI/Parcial,post,https://avesnativaschilenas.cl/aguilas/aguila-arpia/,"Aguila arpia en los bosques: tamano imponente, habitat y papel ecologico",1849,2
alambre para jaulas de pájaros,mixto,SI,post,https://avesnativaschilenas.cl/jaulas/accesorios-para-jaulas/,Accesorios para Jaulas de Aves: Todo lo que Necesitas,15289,100
albatros suites by bedsfriends,mixto,NO,,,,,1
alimentacion de las codornices,informacional,SI,post,https://avesnativaschilenas.cl/jaulas/para-gallinas-ponedoras/,Jaulas para Gallinas Ponedoras: Guia de Compra 2026,15281,100
alimentacion del condor andino,informacional,SI,post,https://avesnativaschilenas.cl/rapaces/condor/,"Condor andino en Chile: caracteristicas, habitat, alimentacion y conservacion",1870,3
alimentacion diamante mandarin,informacional,SI/Parcial,post,https://avesnativaschilenas.cl/cuidados/guia-completa-para-el-cuidado-de-tu-diamante-mandarin-primeros-pasos-esenciales-para-asegurar-su-bienestar/,Guía Completa para el Cuidado de tu Diamante Mandarín: Primeros Pasos Esenciales para Asegurar su Bienestar,7383,2
alimentacion pajaro carpintero,informacional,NO,,,,,1
alimentación cotorra argentina,informacional,SI,post,https://avesnativaschilenas.cl/jaulas/para-loros/descubre-el-secreto-para-mantener-la-jaula-de-tu-loro-siempre-limpia-y-fresca/,¡Descubre el secreto para mantener la jaula de tu loro siempre limpia y fresca!,8533,100
alimentación de los periquitos,informacional,SI,post,https://avesnativaschilenas.cl/jaulas/para-periquitos/,Jaulas para Periquitos: Guia de Compra Completa 2026,15284,100
alimento balanceado para patos,mixto,NO,,,,,1
alimento concentrado para aves,mixto,SI/Parcial,post,https://avesnativaschilenas.cl/jaulas/accesorios-para-jaulas/,Accesorios para Jaulas de Aves: Todo lo que Necesitas,15289,2
alimento para aves de cetrería,mixto,SI,post,https://avesnativaschilenas.cl/jaulas/accesorios-para-jaulas/,Accesorios para Jaulas de Aves: Todo lo que Necesitas,15289,3
alimento para gallo de combate,mixto,SI,post,https://avesnativaschilenas.cl/jaulas/para-gallinas-ponedoras/,Jaulas para Gallinas Ponedoras: Guia de Compra 2026,15281,100
alimento para patos domesticos,mixto,SI/Parcial,post,https://avesnativaschilenas.cl/pato/pueden-los-patos-ser-animales-domesticos/,¿Pueden los patos ser animales domésticos? Todo lo que necesitas saber,9736,2
alimento para pollas ponedoras,mixto,SI,post,https://avesnativaschilenas.cl/jaulas/para-gallinas-ponedoras/,Jaulas para Gallinas Ponedoras: Guia de Compra 2026,15281,100
alimentos para aves silvestres,mixto,SI,post,https://avesnativaschilenas.cl/nidos/descubre-el-encanto-de-nester-artesano-tahera-viviendas-unicas-para-aves-silvestres/,Descubre el encanto de Nester Artesano Tahera: ¡viviendas únicas para aves silvestres!,7369,3
alimentos prohibidos para aves,mixto,SI/Parcial,post,https://avesnativaschilenas.cl/jaulas/accesorios-para-jaulas/,Accesorios para Jaulas de Aves: Todo lo que Necesitas,15289,2
aves africanas fotos y nombres,mixto,SI/Parcial,post,https://avesnativaschilenas.cl/jaulas/nidos-para-aves/,"Nidos para Aves: Tipos, Materiales y Como Elegir el Mejor",15288,2
aves de colombia y sus nombres,mixto,SI,post,https://avesnativaschilenas.cl/gaviotas/la-vida-secreta-de-las-aves-marinas/,La Vida Secreta de las Aves Marinas: Descubre sus Hábitos y Misterios,11042,4
aves pequeñas del sur de chile,mixto,SI,post,https://avesnativaschilenas.cl/blog/el-impacto-del-cambio-climatico-en-las-aves-de-chile/,¿Cómo Está Afectando el Cambio Climático a las Aves en Chile?,1950,4
aviario exterior para canarios,mixto,SI,post,https://avesnativaschilenas.cl/jaulas/para-canarios/,Jaulas para Canarios: Guia de Compra para tu Pajaro Cantor,15280,100
bailarin de folklore argentino,mixto,SI/Parcial,post,https://avesnativaschilenas.cl/rapaces/bailarin/,"Pajaro Bailarín, la Elegante Ave de Rapiña de Chile",1694,2
bailarina de flamenco española,mixto,NO,,,,,1
búho con ojo turco significado,informacional,SI/Parcial,post,https://avesnativaschilenas.cl/rapaces/lechuza/significado-de-ver-un-buho-blanco-en-la-noche/,significado de ver un buho blanco en la noche,9442,2
cabeza de chorlito significado,informacional,SI/Parcial,post,https://avesnativaschilenas.cl/picaflor/significado-espiritual-del-colibri-y-tatuajes-de-picaflor/,Significado espiritual del colibrí y tatuajes de picaflor: simbolismo y creencias,14221,2
cacatúa ninfa promedio de vida,mixto,SI,post,https://avesnativaschilenas.cl/jaulas/para-loros/descubre-el-secreto-para-mantener-la-jaula-de-tu-loro-siempre-limpia-y-fresca/,¡Descubre el secreto para mantener la jaula de tu loro siempre limpia y fresca!,8533,100
caracteristicas de las aguilas,informacional,SI,post,https://avesnativaschilenas.cl/aguilas/caracteristicas-de-las-aguilas-segun-la-biblia/,El Aguila en la Biblia: significado espiritual y versiculos clave,1857,4
características de las águilas,informacional,SI,post,https://avesnativaschilenas.cl/aguilas/caracteristicas-de-las-aguilas-segun-la-biblia/,El Aguila en la Biblia: significado espiritual y versiculos clave,1857,4
características de una gaviota,informacional,SI/Parcial,post,https://avesnativaschilenas.cl/gaviotas/gaviota-reidora-americana/,Gaviota Reidora Americana: Caracteristicas e Identificacion,15220,2
casa para pericos australianos,mixto,SI,post,https://avesnativaschilenas.cl/jaulas/para-periquitos/,Jaulas para Periquitos: Guia de Compra Completa 2026,15284,100
casas de cobayas hechas a mano,mixto,SI,post,https://avesnativaschilenas.cl/nidos/transforma-tu-jardin-con-estas-casas-de-pajaros-tejidas-a-mano-que-encantaran-a-tus-aves/,¡Transforma tu jardín con estas casas de pájaros tejidas a mano que encantarán a tus aves!,7402,4
chercán significado espiritual,informacional,SI,post,https://avesnativaschilenas.cl/churrin/chercan-significado-espiritual-y-caracteristicas-de-esta-ave-chilena/,Chercan: Significado Espiritual y Caracteristicas de esta Ave Chilena,11824,3
chincol significado espiritual,informacional,SI/Parcial,post,https://avesnativaschilenas.cl/picaflor/significado-espiritual-del-colibri-y-tatuajes-de-picaflor/,Significado espiritual del colibrí y tatuajes de picaflor: simbolismo y creencias,14221,2
clases de pericos australianos,mixto,SI,post,https://avesnativaschilenas.cl/jaulas/para-periquitos/,Jaulas para Periquitos: Guia de Compra Completa 2026,15284,100
codorniz jumbo características,informacional,SI,post,https://avesnativaschilenas.cl/jaulas/para-gallinas-ponedoras/,Jaulas para Gallinas Ponedoras: Guia de Compra 2026,15281,100
colores de plumas de pavo real,mixto,SI,post,https://avesnativaschilenas.cl/blog/el-pavo-real-esta-en-peligro-de-extincion/,El Pavo Real en Peligro de Extinción: Todo lo que Necesitas Saber para Protegerlo,9999,3
comedero aves botella plastico,mixto,SI,post,https://avesnativaschilenas.cl/tienda/comederos/,Los mejores comederos para jaulas de pájaros : guía de compra y recomendaciones,2194,100
comedero colgante para pajaros,mixto,SI,post,https://avesnativaschilenas.cl/tienda/comederos/,Los mejores comederos para jaulas de pájaros : guía de compra y recomendaciones,2194,100
comedero de pajaros con camara,mixto,SI,post,https://avesnativaschilenas.cl/tienda/comederos/,Los mejores comederos para jaulas de pájaros : guía de compra y recomendaciones,2194,100
comedero de pajaros reciclable,mixto,SI,post,https://avesnativaschilenas.cl/tienda/comederos/,Los mejores comederos para jaulas de pájaros : guía de compra y recomendaciones,2194,100
comedero para aves de plastico,mixto,SI,post,https://avesnativaschilenas.cl/tienda/comederos/,Los mejores comederos para jaulas de pájaros : guía de compra y recomendaciones,2194,100
comedero para gorriones casero,mixto,SI,post,https://avesnativaschilenas.cl/tienda/comederos/,Los mejores comederos para jaulas de pájaros : guía de compra y recomendaciones,2194,100
comederos con tapa para gallos,mixto,SI,post,https://avesnativaschilenas.cl/tienda/comederos/,Los mejores comederos para jaulas de pájaros : guía de compra y recomendaciones,2194,100
comederos de pajaros colgantes,mixto,SI,post,https://avesnativaschilenas.cl/tienda/comederos/,Los mejores comederos para jaulas de pájaros : guía de compra y recomendaciones,2194,100
comederos largos para canarios,mixto,SI,post,https://avesnativaschilenas.cl/tienda/comederos/,Los mejores comederos para jaulas de pájaros : guía de compra y recomendaciones,2194,100
comederos para aves de postura,mixto,SI,post,https://avesnativaschilenas.cl/tienda/comederos/,Los mejores comederos para jaulas de pájaros : guía de compra y recomendaciones,2194,100
comederos para canarios jaulas,mixto,SI,post,https://avesnativaschilenas.cl/jaulas/accesorios-para-jaulas/,Accesorios para Jaulas de Aves: Todo lo que Necesitas,15289,100
comederos para gallos con tapa,mixto,SI,post,https://avesnativaschilenas.cl/tienda/comederos/,Los mejores comederos para jaulas de pájaros : guía de compra y recomendaciones,2194,100
comederos reciclados para aves,mixto,SI,post,https://avesnativaschilenas.cl/tienda/comederos/,Los mejores comederos para jaulas de pájaros : guía de compra y recomendaciones,2194,100
como hacer pasta para canarios,informacional,SI,post,https://avesnativaschilenas.cl/jaulas/para-canarios/,Jaulas para Canarios: Guia de Compra para tu Pajaro Cantor,15280,100
como hacer una jaula para aves,informacional,SI,post,https://avesnativaschilenas.cl/jaulas/accesorios-para-jaulas/,Accesorios para Jaulas de Aves: Todo lo que Necesitas,15289,100
como hacer una pajarera casera,informacional,SI,post,https://avesnativaschilenas.cl/jaulas/pajareras/,Pajareras para Jardin: Guia de Compra y Decoracion,15278,100
como hacer una pajarera grande,informacional,SI,post,https://avesnativaschilenas.cl/jaulas/pajareras/,Pajareras para Jardin: Guia de Compra y Decoracion,15278,100
comportamiento de las cotorras,mixto,SI,post,https://avesnativaschilenas.cl/jaulas/para-loros/descubre-el-secreto-para-mantener-la-jaula-de-tu-loro-siempre-limpia-y-fresca/,¡Descubre el secreto para mantener la jaula de tu loro siempre limpia y fresca!,8533,100
condor bus santiago valparaiso,mixto,NO,,,,,1
condor bus valparaiso santiago,mixto,NO,,,,,1
condor bus valparaíso santiago,mixto,NO,,,,,1
condor en peligro de extincion,informacional,SI,post,https://avesnativaschilenas.cl/fardela/fardela-de-phoenix/,Fardela de Phoenix: el petrel blanquinegro en peligro de extinción,14189,4
cotorra argentina como mascota,informacional,SI,post,https://avesnativaschilenas.cl/jaulas/para-loros/descubre-el-secreto-para-mantener-la-jaula-de-tu-loro-siempre-limpia-y-fresca/,¡Descubre el secreto para mantener la jaula de tu loro siempre limpia y fresca!,8533,100
cotorras argentinas papilleras,mixto,SI,post,https://avesnativaschilenas.cl/jaulas/para-loros/descubre-el-secreto-para-mantener-la-jaula-de-tu-loro-siempre-limpia-y-fresca/,¡Descubre el secreto para mantener la jaula de tu loro siempre limpia y fresca!,8533,100
criadero de aves en concepción,mixto,SI,post,https://avesnativaschilenas.cl/blog/importancia-de-las-aves-en-chile/,Importancia de las aves en Chile: su rol en los ecosistemas y la conservacion nacional,15082,3
cubierta para jaula de pajaros,mixto,SI,post,https://avesnativaschilenas.cl/jaulas/accesorios-para-jaulas/,Accesorios para Jaulas de Aves: Todo lo que Necesitas,15289,100
cuál es el hábitat de las aves,informacional,SI,post,https://avesnativaschilenas.cl/cuidados/por-que-el-excremento-de-las-aves-es-de-consistencia-liquida/,por qué el excremento de las aves es de consistencia líquida,9368,5
cuáles son las aves domésticas,mixto,SI,post,https://avesnativaschilenas.cl/rapaces/que-tan-monogamas-son-las-aves-rapaces-en-chile/,Qué tan monógamas son las aves rapaces en Chile,9759,3
cuáles son las aves que migran,mixto,SI,post,https://avesnativaschilenas.cl/rapaces/que-tan-monogamas-son-las-aves-rapaces-en-chile/,Qué tan monógamas son las aves rapaces en Chile,9759,4
cuáles son las aves silvestres,mixto,SI,post,https://avesnativaschilenas.cl/rapaces/que-tan-monogamas-son-las-aves-rapaces-en-chile/,Qué tan monógamas son las aves rapaces en Chile,9759,3
de qué color son los pajaritos,mixto,SI,post,https://avesnativaschilenas.cl/cuidados/de-que-color-son-los-huevos-de-pavo-real/,de que color son los huevos de pavo real,9364,5
de qué colores son los tucanes,mixto,SI,post,https://avesnativaschilenas.cl/cuidados/de-que-color-son-los-huevos-de-pavo-real/,de que color son los huevos de pavo real,9364,4
de qué se alimentan los cóndor,mixto,SI,post,https://avesnativaschilenas.cl/rapaces/de-que-se-alimenta-el-condor-de-los-andes/,de qué se alimenta el cóndor de los andes,9382,5
desinfectante para jaulas aves,mixto,SI,post,https://avesnativaschilenas.cl/jaulas/accesorios-para-jaulas/,Accesorios para Jaulas de Aves: Todo lo que Necesitas,15289,100
despedida julio bocca obelisco,mixto,NO,,,,,0
diamante de gould alimentacion,informacional,SI/Parcial,post,https://avesnativaschilenas.cl/cuidados/tipo-de-alimentacion-de-las-aves/,Descubre los Tipos de Alimentación de las Aves: Guía Completa para Entender sus Dietas,11359,2
diamante mandarin blanco macho,mixto,SI/Parcial,post,https://avesnativaschilenas.cl/cuidados/guia-completa-para-el-cuidado-de-tu-diamante-mandarin-primeros-pasos-esenciales-para-asegurar-su-bienestar/,Guía Completa para el Cuidado de tu Diamante Mandarín: Primeros Pasos Esenciales para Asegurar su Bienestar,7383,2
diamante mandarín reproducción,mixto,SI/Parcial,post,https://avesnativaschilenas.cl/cuidados/guia-completa-para-el-cuidado-de-tu-diamante-mandarin-primeros-pasos-esenciales-para-asegurar-su-bienestar/,Guía Completa para el Cuidado de tu Diamante Mandarín: Primeros Pasos Esenciales para Asegurar su Bienestar,7383,2
dibujos de jaulas para pajaros,mixto,SI,post,https://avesnativaschilenas.cl/jaulas/accesorios-para-jaulas/,Accesorios para Jaulas de Aves: Todo lo que Necesitas,15289,100
diferentes especies de pájaros,informacional,SI/Parcial,post,https://avesnativaschilenas.cl/acuaticas/patos-chilenos/,"Patos de Chile: Tipos, Especies y Guia de Identificacion",15251,2
diferentes tipos de periquitos,informacional,SI,post,https://avesnativaschilenas.cl/jaulas/para-periquitos/,Jaulas para Periquitos: Guia de Compra Completa 2026,15284,100
el pajaro mas bonito del mundo,mixto,SI,post,https://avesnativaschilenas.cl/blog/cual-es-el-ave-con-el-pico-mas-largo-del-mundo/,cual es el ave con el pico mas largo del mundo,9428,4
el pájaro más bonito del mundo,mixto,SI,post,https://avesnativaschilenas.cl/blog/cual-es-el-ave-con-el-pico-mas-largo-del-mundo/,cual es el ave con el pico mas largo del mundo,9428,4
es bueno tener un loro en casa,mixto,SI,post,https://avesnativaschilenas.cl/jaulas/para-loros/descubre-el-secreto-para-mantener-la-jaula-de-tu-loro-siempre-limpia-y-fresca/,¡Descubre el secreto para mantener la jaula de tu loro siempre limpia y fresca!,8533,100
especies de pajaros argentinos,informacional,SI/Parcial,post,https://avesnativaschilenas.cl/acuaticas/patos-chilenos/,"Patos de Chile: Tipos, Especies y Guia de Identificacion",15251,2
especies de pajaros domesticos,informacional,SI/Parcial,post,https://avesnativaschilenas.cl/acuaticas/patos-chilenos/,"Patos de Chile: Tipos, Especies y Guia de Identificacion",15251,2
fotos de aves del sur de chile,mixto,SI,post,https://avesnativaschilenas.cl/blog/el-impacto-del-cambio-climatico-en-las-aves-de-chile/,¿Cómo Está Afectando el Cambio Climático a las Aves en Chile?,1950,4
fotos de aves rapaces chilenas,mixto,SI,page,https://avesnativaschilenas.cl/rapaces/,Aves de Rapina Chilenas: guia completa de identificacion y observacion,1661,4
gallinero jaulas para gallinas,mixto,SI,post,https://avesnativaschilenas.cl/jaulas/accesorios-para-jaulas/,Accesorios para Jaulas de Aves: Todo lo que Necesitas,15289,100
gaviotas de las islas malvinas,mixto,SI,post,https://avesnativaschilenas.cl/piqueros/piquero-blanco/,Piquero blanco (Sula dactylatra): el kena de Rapa Nui y las islas oceanicas de Chile,14138,3
gorrion significado espiritual,informacional,SI/Parcial,post,https://avesnativaschilenas.cl/picaflor/significado-espiritual-del-colibri-y-tatuajes-de-picaflor/,Significado espiritual del colibrí y tatuajes de picaflor: simbolismo y creencias,14221,2
guia de campo de aves de chile,mixto,SI,post,https://avesnativaschilenas.cl/pato/donde-viven-los-patos-y-de-que-se-alimentan/,Donde viven los patos y de que se alimentan: guia completa de aves acuaticas en Chile,9370,4
guia de identificacion de aves,mixto,SI,page,https://avesnativaschilenas.cl/rapaces/,Aves de Rapina Chilenas: guia completa de identificacion y observacion,1661,4
halcones para espantar palomas,mixto,SI/Parcial,post,https://avesnativaschilenas.cl/jaulas/portatiles/descubre-la-jaula-plegable-perfecta-para-tus-mascotas-ideal-para-viajar-con-palomas-y-conejos/,Descubre la jaula plegable perfecta para tus mascotas: ¡ideal para viajar con palomas y conejos!,8605,2
hay aves que cruzan el pantano,mixto,SI,post,https://avesnativaschilenas.cl/blog/hay-aves-que-cruzan-el-pantano-y-no-se-manchan/,hay aves que cruzan el pantano y no se manchan,9388,6
hornero significado espiritual,informacional,SI/Parcial,post,https://avesnativaschilenas.cl/picaflor/significado-espiritual-del-colibri-y-tatuajes-de-picaflor/,Significado espiritual del colibrí y tatuajes de picaflor: simbolismo y creencias,14221,2
imagen de pajaritos de colores,mixto,SI/Parcial,post,https://avesnativaschilenas.cl/fardela/fardela-heraldica/,Fardela heráldica: el petrel de tres colores de Rapa Nui,14188,2
imagen de pericos australianos,mixto,SI,post,https://avesnativaschilenas.cl/jaulas/para-periquitos/,Jaulas para Periquitos: Guia de Compra Completa 2026,15284,100
imágenes de pájaros de colores,mixto,SI/Parcial,post,https://avesnativaschilenas.cl/fardela/fardela-heraldica/,Fardela heráldica: el petrel de tres colores de Rapa Nui,14188,2
información sobre el pavo real,informacional,SI,post,https://avesnativaschilenas.cl/blog/el-pavo-real-esta-en-peligro-de-extincion/,El Pavo Real en Peligro de Extinción: Todo lo que Necesitas Saber para Protegerlo,9999,3
información sobre las cotorras,informacional,SI,post,https://avesnativaschilenas.cl/jaulas/para-loros/descubre-el-secreto-para-mantener-la-jaula-de-tu-loro-siempre-limpia-y-fresca/,¡Descubre el secreto para mantener la jaula de tu loro siempre limpia y fresca!,8533,100
isaias 40 31 reina valera 1960,mixto,NO,,,,,0
isaías 40 31 reflexión biblica,mixto,NO,,,,,0
jaula de acrilico para hamster,mixto,SI,post,https://avesnativaschilenas.cl/jaulas/accesorios-para-jaulas/,Accesorios para Jaulas de Aves: Todo lo que Necesitas,15289,100
jaula de canto 2gr con rejilla,mixto,SI,post,https://avesnativaschilenas.cl/jaulas/accesorios-para-jaulas/,Accesorios para Jaulas de Aves: Todo lo que Necesitas,15289,100
jaula de loros de segunda mano,comercial,SI,post,https://avesnativaschilenas.cl/jaulas/accesorios-para-jaulas/,Accesorios para Jaulas de Aves: Todo lo que Necesitas,15289,100
jaula para conejillo de indias,mixto,SI,post,https://avesnativaschilenas.cl/jaulas/accesorios-para-jaulas/,Accesorios para Jaulas de Aves: Todo lo que Necesitas,15289,100
jaula para pajaros de herreria,mixto,SI,post,https://avesnativaschilenas.cl/jaulas/accesorios-para-jaulas/,Accesorios para Jaulas de Aves: Todo lo que Necesitas,15289,100
jaula transportadora para aves,mixto,SI,post,https://avesnativaschilenas.cl/jaulas/accesorios-para-jaulas/,Accesorios para Jaulas de Aves: Todo lo que Necesitas,15289,100
jaulas codornices segunda mano,comercial,SI,post,https://avesnativaschilenas.cl/jaulas/accesorios-para-jaulas/,Accesorios para Jaulas de Aves: Todo lo que Necesitas,15289,100
jaulas con ruedas para pájaros,mixto,SI,post,https://avesnativaschilenas.cl/jaulas/accesorios-para-jaulas/,Accesorios para Jaulas de Aves: Todo lo que Necesitas,15289,100
jaulas criadoras para canarios,mixto,SI,post,https://avesnativaschilenas.cl/jaulas/accesorios-para-jaulas/,Accesorios para Jaulas de Aves: Todo lo que Necesitas,15289,100
jaulas de alambre para pajaros,mixto,SI,post,https://avesnativaschilenas.cl/jaulas/accesorios-para-jaulas/,Accesorios para Jaulas de Aves: Todo lo que Necesitas,15289,100
jaulas de cristal para hamster,mixto,SI,post,https://avesnativaschilenas.cl/jaulas/accesorios-para-jaulas/,Accesorios para Jaulas de Aves: Todo lo que Necesitas,15289,100
jaulas de cristal para pajaros,mixto,SI,post,https://avesnativaschilenas.cl/jaulas/accesorios-para-jaulas/,Accesorios para Jaulas de Aves: Todo lo que Necesitas,15289,100
jaulas de descanso para gallos,mixto,SI,post,https://avesnativaschilenas.cl/jaulas/accesorios-para-jaulas/,Accesorios para Jaulas de Aves: Todo lo que Necesitas,15289,100
jaulas de madera para pollitos,mixto,SI,post,https://avesnativaschilenas.cl/jaulas/accesorios-para-jaulas/,Accesorios para Jaulas de Aves: Todo lo que Necesitas,15289,100
jaulas de perdiz hechas a mano,mixto,SI,post,https://avesnativaschilenas.cl/jaulas/accesorios-para-jaulas/,Accesorios para Jaulas de Aves: Todo lo que Necesitas,15289,100
jaulas de trampas para pajaros,mixto,SI,post,https://avesnativaschilenas.cl/jaulas/accesorios-para-jaulas/,Accesorios para Jaulas de Aves: Todo lo que Necesitas,15289,100
jaulas economicas para pajaros,mixto,SI,post,https://avesnativaschilenas.cl/jaulas/accesorios-para-jaulas/,Accesorios para Jaulas de Aves: Todo lo que Necesitas,15289,100
jaulas grandes para guacamayas,mixto,SI,post,https://avesnativaschilenas.cl/jaulas/accesorios-para-jaulas/,Accesorios para Jaulas de Aves: Todo lo que Necesitas,15289,100
jaulas grandes para periquitos,mixto,SI,post,https://avesnativaschilenas.cl/jaulas/accesorios-para-jaulas/,Accesorios para Jaulas de Aves: Todo lo que Necesitas,15289,100
jaulas italianas para canarios,mixto,SI,post,https://avesnativaschilenas.cl/jaulas/accesorios-para-jaulas/,Accesorios para Jaulas de Aves: Todo lo que Necesitas,15289,100
jaulas metalicas para gallinas,mixto,SI,post,https://avesnativaschilenas.cl/jaulas/accesorios-para-jaulas/,Accesorios para Jaulas de Aves: Todo lo que Necesitas,15289,100
jaulas modulares para canarios,mixto,SI,post,https://avesnativaschilenas.cl/jaulas/accesorios-para-jaulas/,Accesorios para Jaulas de Aves: Todo lo que Necesitas,15289,100
jaulas para codornices baratas,comercial,SI,post,https://avesnativaschilenas.cl/jaulas/accesorios-para-jaulas/,Accesorios para Jaulas de Aves: Todo lo que Necesitas,15289,100
jaulas para codornices medidas,mixto,SI,post,https://avesnativaschilenas.cl/jaulas/accesorios-para-jaulas/,Accesorios para Jaulas de Aves: Todo lo que Necesitas,15289,100
jaulas para decoracion vintage,mixto,SI,post,https://avesnativaschilenas.cl/jaulas/accesorios-para-jaulas/,Accesorios para Jaulas de Aves: Todo lo que Necesitas,15289,100
jaulas para diamantes de gould,mixto,SI,post,https://avesnativaschilenas.cl/jaulas/accesorios-para-jaulas/,Accesorios para Jaulas de Aves: Todo lo que Necesitas,15289,100
jaulas para guacamayos grandes,mixto,SI,post,https://avesnativaschilenas.cl/jaulas/accesorios-para-jaulas/,Accesorios para Jaulas de Aves: Todo lo que Necesitas,15289,100
jaulas para la cria de conejos,mixto,SI,post,https://avesnativaschilenas.cl/jaulas/accesorios-para-jaulas/,Accesorios para Jaulas de Aves: Todo lo que Necesitas,15289,100
jaulas para pajaros con ruedas,mixto,SI,post,https://avesnativaschilenas.cl/jaulas/accesorios-para-jaulas/,Accesorios para Jaulas de Aves: Todo lo que Necesitas,15289,100
jaulas para pajaros en arboles,mixto,SI,post,https://avesnativaschilenas.cl/jaulas/accesorios-para-jaulas/,Accesorios para Jaulas de Aves: Todo lo que Necesitas,15289,100
jaulas para periquitos baratas,comercial,SI,post,https://avesnativaschilenas.cl/jaulas/accesorios-para-jaulas/,Accesorios para Jaulas de Aves: Todo lo que Necesitas,15289,100
jaulas para periquitos de amor,mixto,SI,post,https://avesnativaschilenas.cl/jaulas/accesorios-para-jaulas/,Accesorios para Jaulas de Aves: Todo lo que Necesitas,15289,100
jaulas para pájaros aliexpress,mixto,SI,post,https://avesnativaschilenas.cl/jaulas/accesorios-para-jaulas/,Accesorios para Jaulas de Aves: Todo lo que Necesitas,15289,100
jaulas para pájaros economicas,mixto,SI,post,https://avesnativaschilenas.cl/jaulas/accesorios-para-jaulas/,Accesorios para Jaulas de Aves: Todo lo que Necesitas,15289,100
jaulas para pájaros económicas,mixto,SI,post,https://avesnativaschilenas.cl/jaulas/accesorios-para-jaulas/,Accesorios para Jaulas de Aves: Todo lo que Necesitas,15289,100
jaulas para transportar pollos,mixto,SI,post,https://avesnativaschilenas.cl/jaulas/accesorios-para-jaulas/,Accesorios para Jaulas de Aves: Todo lo que Necesitas,15289,100
jaulas plasticas para gallinas,mixto,SI,post,https://avesnativaschilenas.cl/jaulas/accesorios-para-jaulas/,Accesorios para Jaulas de Aves: Todo lo que Necesitas,15289,100
jaulas voladeros para canarios,mixto,SI,post,https://avesnativaschilenas.cl/jaulas/accesorios-para-jaulas/,Accesorios para Jaulas de Aves: Todo lo que Necesitas,15289,100
julio bocca despedida obelisco,mixto,NO,,,,,0
las aves más bonitas del mundo,mixto,SI,post,https://avesnativaschilenas.cl/rapaces/excremento-de-las-aves-de-rapina/,El Curioso Mundo del Excremento de las Aves de Rapiña: Más Allá de un Simple Desecho,1903,5
las cotorras argentinas hablan,mixto,SI,post,https://avesnativaschilenas.cl/jaulas/para-loros/descubre-el-secreto-para-mantener-la-jaula-de-tu-loro-siempre-limpia-y-fresca/,¡Descubre el secreto para mantener la jaula de tu loro siempre limpia y fresca!,8533,100
lechuza significado espiritual,informacional,SI/Parcial,post,https://avesnativaschilenas.cl/picaflor/significado-espiritual-del-colibri-y-tatuajes-de-picaflor/,Significado espiritual del colibrí y tatuajes de picaflor: simbolismo y creencias,14221,2
martin pescador chileno dibujo,mixto,SI,page,https://avesnativaschilenas.cl/martin-pescador/,"Martín pescador Chileno: hábitat, alimentación y curiosidades de un tesoro acuatico",9858,3
martín pescador hembra y macho,mixto,SI,post,https://avesnativaschilenas.cl/terrestres/pavo-real-diferencias-entre-macho-y-hembra-fotos/,Pavo Real: Diferencias entre Macho y Hembra + Fotos,11823,3
martín pescador macho y hembra,mixto,SI,post,https://avesnativaschilenas.cl/terrestres/pavo-real-diferencias-entre-macho-y-hembra-fotos/,Pavo Real: Diferencias entre Macho y Hembra + Fotos,11823,3
medidas de jaula para codorniz,mixto,SI,post,https://avesnativaschilenas.cl/jaulas/accesorios-para-jaulas/,Accesorios para Jaulas de Aves: Todo lo que Necesitas,15289,100
medidas de jaulas para pájaros,mixto,SI,post,https://avesnativaschilenas.cl/jaulas/accesorios-para-jaulas/,Accesorios para Jaulas de Aves: Todo lo que Necesitas,15289,100
medidas para jaula de codorniz,mixto,SI,post,https://avesnativaschilenas.cl/jaulas/accesorios-para-jaulas/,Accesorios para Jaulas de Aves: Todo lo que Necesitas,15289,100
mejores jaulas para periquitos,comercial,SI,post,https://avesnativaschilenas.cl/jaulas/accesorios-para-jaulas/,Accesorios para Jaulas de Aves: Todo lo que Necesitas,15289,100
modelos de jaulas para pajaros,mixto,SI,post,https://avesnativaschilenas.cl/jaulas/accesorios-para-jaulas/,Accesorios para Jaulas de Aves: Todo lo que Necesitas,15289,100
modelos de jaulas para pericos,mixto,SI,post,https://avesnativaschilenas.cl/jaulas/accesorios-para-jaulas/,Accesorios para Jaulas de Aves: Todo lo que Necesitas,15289,100
modelos de jaulas para pájaros,mixto,SI,post,https://avesnativaschilenas.cl/jaulas/accesorios-para-jaulas/,Accesorios para Jaulas de Aves: Todo lo que Necesitas,15289,100
motel las gaviotas santa marta,mixto,SI/Parcial,post,https://avesnativaschilenas.cl/gaviotas/la-vida-secreta-de-las-aves-marinas/,La Vida Secreta de las Aves Marinas: Descubre sus Hábitos y Misterios,11042,2
nombres de especies de pájaros,informacional,SI/Parcial,post,https://avesnativaschilenas.cl/acuaticas/patos-chilenos/,"Patos de Chile: Tipos, Especies y Guia de Identificacion",15251,2
pajarera de madera para jardín,mixto,SI,post,https://avesnativaschilenas.cl/jaulas/pajareras/,Pajareras para Jardin: Guia de Compra y Decoracion,15278,100
pajaritos de madera decoracion,mixto,SI,post,https://avesnativaschilenas.cl/nidos/transforma-tu-hogar-con-el-encantador-nido-de-pajaros-de-madera-decoracion-unica-y-acogedora/,Transforma tu hogar con el encantador nido de pájaros de madera: ¡decoración única y acogedora!,8110,3
pajaro carpintero alimentacion,informacional,NO,,,,,1
pajaros pequeños de pico largo,mixto,SI,post,https://avesnativaschilenas.cl/terrestres/mirlo/pajaro-negro-de-pico-largo/,¿Quién es el pájaro negro de pico largo? Descúbrelo aquí,11056,3
pericos australianos amarillos,mixto,SI,post,https://avesnativaschilenas.cl/jaulas/para-periquitos/,Jaulas para Periquitos: Guia de Compra Completa 2026,15284,100
periquito australiano amarillo,mixto,SI,post,https://avesnativaschilenas.cl/jaulas/para-periquitos/,Jaulas para Periquitos: Guia de Compra Completa 2026,15284,100
periquito australiano longitud,mixto,SI,post,https://avesnativaschilenas.cl/jaulas/para-periquitos/,Jaulas para Periquitos: Guia de Compra Completa 2026,15284,100
periquito australiano original,mixto,SI,post,https://avesnativaschilenas.cl/jaulas/para-periquitos/,Jaulas para Periquitos: Guia de Compra Completa 2026,15284,100
periquitos australianos jaulas,mixto,SI,post,https://avesnativaschilenas.cl/jaulas/accesorios-para-jaulas/,Accesorios para Jaulas de Aves: Todo lo que Necesitas,15289,100
pichon de gorrion alimentacion,informacional,SI/Parcial,post,https://avesnativaschilenas.cl/cuidados/tipo-de-alimentacion-de-las-aves/,Descubre los Tipos de Alimentación de las Aves: Guía Completa para Entender sus Dietas,11359,2
pichon de torcaza alimentacion,informacional,SI/Parcial,post,https://avesnativaschilenas.cl/cuidados/tipo-de-alimentacion-de-las-aves/,Descubre los Tipos de Alimentación de las Aves: Guía Completa para Entender sus Dietas,11359,2
plantas para jaulas de pájaros,mixto,SI,post,https://avesnativaschilenas.cl/jaulas/accesorios-para-jaulas/,Accesorios para Jaulas de Aves: Todo lo que Necesitas,15289,100
precio de un huevo de codorniz,comercial,SI,post,https://avesnativaschilenas.cl/jaulas/para-gallinas-ponedoras/,Jaulas para Gallinas Ponedoras: Guia de Compra 2026,15281,100
precios de jaulas para hamster,comercial,SI,post,https://avesnativaschilenas.cl/jaulas/accesorios-para-jaulas/,Accesorios para Jaulas de Aves: Todo lo que Necesitas,15289,100
puedo tener un loro en mi casa,mixto,SI,post,https://avesnativaschilenas.cl/jaulas/para-loros/descubre-el-secreto-para-mantener-la-jaula-de-tu-loro-siempre-limpia-y-fresca/,¡Descubre el secreto para mantener la jaula de tu loro siempre limpia y fresca!,8533,100
pájaros color verde y amarillo,mixto,SI,post,https://avesnativaschilenas.cl/redes/descubre-como-esta-red-verde-de-4x10m-protege-tus-plantas-y-frutas-de-los-pajaros-imperdible/,Descubre cómo esta red verde de 4x10m protege tus plantas y frutas de los pájaros ¡Imperdible!,8502,3
pájaros de la ciudad de méxico,mixto,SI,post,https://avesnativaschilenas.cl/migratorias/golondrina/que-significa-cuando-hay-una-bandada-de-pajaros/,Qué Significa Cuando Hay Una Bandada de Pájaros: Descubre el Misterioso Mensaje de la Naturaleza,10003,3
pájaros más hermosos del mundo,mixto,SI,post,https://avesnativaschilenas.cl/blog/cual-es-el-ave-con-el-pico-mas-largo-del-mundo/,cual es el ave con el pico mas largo del mundo,9428,3
pájaros significado espiritual,informacional,SI/Parcial,post,https://avesnativaschilenas.cl/picaflor/significado-espiritual-del-colibri-y-tatuajes-de-picaflor/,Significado espiritual del colibrí y tatuajes de picaflor: simbolismo y creencias,14221,2
que comen las codornices bebes,mixto,SI,post,https://avesnativaschilenas.cl/jaulas/para-gallinas-ponedoras/,Jaulas para Gallinas Ponedoras: Guia de Compra 2026,15281,100
que comen los codornices bebes,mixto,SI,post,https://avesnativaschilenas.cl/jaulas/para-gallinas-ponedoras/,Jaulas para Gallinas Ponedoras: Guia de Compra 2026,15281,100
qué comen las codornices bebés,mixto,SI,post,https://avesnativaschilenas.cl/jaulas/para-gallinas-ponedoras/,Jaulas para Gallinas Ponedoras: Guia de Compra 2026,15281,100
rascaderos para gallos grandes,mixto,SI,post,https://avesnativaschilenas.cl/jaulas/para-gallinas-ponedoras/,Jaulas para Gallinas Ponedoras: Guia de Compra 2026,15281,100
rejillas metalicas para jaulas,mixto,SI,post,https://avesnativaschilenas.cl/jaulas/accesorios-para-jaulas/,Accesorios para Jaulas de Aves: Todo lo que Necesitas,15289,100
revista chilena de ornitologia,mixto,SI/Parcial,post,https://avesnativaschilenas.cl/terrestres/tapaculo-caracteristicas-habitat-y-curiosidades-de-esta-ave-chilena/,"Tapaculo: Caracteristicas, Habitat y Curiosidades de esta Ave Chilena",11839,2
ropa para avistamiento de aves,mixto,SI,post,https://avesnativaschilenas.cl/jaulas/accesorios-para-jaulas/,Accesorios para Jaulas de Aves: Todo lo que Necesitas,15289,3
significado biblico del aguila,informacional,SI/Parcial,post,https://avesnativaschilenas.cl/picaflor/significado-espiritual-del-colibri-y-tatuajes-de-picaflor/,Significado espiritual del colibrí y tatuajes de picaflor: simbolismo y creencias,14221,2
significado esoterico del buho,informacional,SI/Parcial,post,https://avesnativaschilenas.cl/picaflor/significado-espiritual-del-colibri-y-tatuajes-de-picaflor/,Significado espiritual del colibrí y tatuajes de picaflor: simbolismo y creencias,14221,2
significado espiritual lechuza,informacional,SI/Parcial,post,https://avesnativaschilenas.cl/picaflor/significado-espiritual-del-colibri-y-tatuajes-de-picaflor/,Significado espiritual del colibrí y tatuajes de picaflor: simbolismo y creencias,14221,2
texto biblico como las aguilas,informacional,SI,post,https://avesnativaschilenas.cl/rapaces/como-las-aguilas-ensenan-a-volar-a-sus-crias/,como las águilas enseñan a volar a sus crías,9353,3
tienda de accesorios para aves,comercial,SI,post,https://avesnativaschilenas.cl/jaulas/accesorios-para-jaulas/,Accesorios para Jaulas de Aves: Todo lo que Necesitas,15289,100
tipos de aves y su significado,informacional,SI,post,https://avesnativaschilenas.cl/blog/aves-y-espiritualidad-guia-completa-para-entender-su-simbolismo/,"Significado espiritual de las aves: simbolismo, mensajes y sueños",9513,5
tipos de cotorros australianos,informacional,SI,post,https://avesnativaschilenas.cl/jaulas/para-periquitos/,Jaulas para Periquitos: Guia de Compra Completa 2026,15284,100
trampa automatica para palomas,mixto,SI/Parcial,post,https://avesnativaschilenas.cl/jaulas/portatiles/descubre-la-jaula-plegable-perfecta-para-tus-mascotas-ideal-para-viajar-con-palomas-y-conejos/,Descubre la jaula plegable perfecta para tus mascotas: ¡ideal para viajar con palomas y conejos!,8605,2
trampa para palomas automática,mixto,SI/Parcial,post,https://avesnativaschilenas.cl/jaulas/portatiles/descubre-la-jaula-plegable-perfecta-para-tus-mascotas-ideal-para-viajar-con-palomas-y-conejos/,Descubre la jaula plegable perfecta para tus mascotas: ¡ideal para viajar con palomas y conejos!,8605,2
trampas de palomas automaticas,mixto,SI/Parcial,post,https://avesnativaschilenas.cl/blog/palomas-urbanas-problema-salud-publica-chile/,Palomas urbanas en Chile: un problema de salud publica y como controlarlas,15094,2
trampas para palomas con palos,mixto,SI,post,https://avesnativaschilenas.cl/jaulas/portatiles/descubre-la-jaula-plegable-perfecta-para-tus-mascotas-ideal-para-viajar-con-palomas-y-conejos/,Descubre la jaula plegable perfecta para tus mascotas: ¡ideal para viajar con palomas y conejos!,8605,3
tórtola significado espiritual,informacional,SI/Parcial,post,https://avesnativaschilenas.cl/picaflor/significado-espiritual-del-colibri-y-tatuajes-de-picaflor/,Significado espiritual del colibrí y tatuajes de picaflor: simbolismo y creencias,14221,2
versiculos biblicos de aguilas,mixto,SI,post,https://avesnativaschilenas.cl/aguilas/caracteristicas-de-las-aguilas-segun-la-biblia/,El Aguila en la Biblia: significado espiritual y versiculos clave,1857,3
voladeras para gallos de pelea,mixto,SI,post,https://avesnativaschilenas.cl/jaulas/para-gallinas-ponedoras/,Jaulas para Gallinas Ponedoras: Guia de Compra 2026,15281,100
voladeros para gallos de pelea,mixto,SI,post,https://avesnativaschilenas.cl/jaulas/para-gallinas-ponedoras/,Jaulas para Gallinas Ponedoras: Guia de Compra 2026,15281,100
aguilas avesnativaschilenas cl,mixto,SI,post,https://avesnativaschilenas.cl/aguilas/que-significa-sonar-con-un-aguila-segun-la-biblia/,Que significa sonar con un aguila: interpretacion y simbolismo,9978,3
buses condor terminal santiago,mixto,NO,,,,,1
camping las gaviotas lican ray,mixto,SI/Parcial,post,https://avesnativaschilenas.cl/gaviotas/la-vida-secreta-de-las-aves-marinas/,La Vida Secreta de las Aves Marinas: Descubre sus Hábitos y Misterios,11042,2
colibrí y picaflor es lo mismo,mixto,SI,post,https://avesnativaschilenas.cl/picaflor/que-diferencia-hay-entre-un-colibri-y-un-picaflor/,Colibrí vs Picaflor: ¿Son lo mismo? 7 diferencias clave que los distinguen,9420,5
jaulas de madera hechas a mano,mixto,SI,post,https://avesnativaschilenas.cl/jaulas/accesorios-para-jaulas/,Accesorios para Jaulas de Aves: Todo lo que Necesitas,15289,100
martin pescador hembra y macho,mixto,SI,post,https://avesnativaschilenas.cl/terrestres/pavo-real-diferencias-entre-macho-y-hembra-fotos/,Pavo Real: Diferencias entre Macho y Hembra + Fotos,11823,3
martin pescador macho y hembra,mixto,SI,post,https://avesnativaschilenas.cl/terrestres/pavo-real-diferencias-entre-macho-y-hembra-fotos/,Pavo Real: Diferencias entre Macho y Hembra + Fotos,11823,3
picaflor y colibri es lo mismo,mixto,SI,post,https://avesnativaschilenas.cl/picaflor/que-diferencia-hay-entre-un-colibri-y-un-picaflor/,Colibrí vs Picaflor: ¿Son lo mismo? 7 diferencias clave que los distinguen,9420,5
uniforme nido de aguilas chile,mixto,SI,post,https://avesnativaschilenas.cl/jaulas/nidos-para-aves/,"Nidos para Aves: Tipos, Materiales y Como Elegir el Mejor",15288,100
10 características de la paloma,informacional,SI,post,https://avesnativaschilenas.cl/cuidados/como-saber-la-edad-de-un-pichon-de-paloma/,como saber la edad de un pichón de paloma,9411,3
10 especies de aves de colombia,informacional,SI,post,https://avesnativaschilenas.cl/marina/aves-de-isla-de-pascua-rapa-nui/,"Aves de Isla de Pascua (Rapa Nui): guía completa de especies, cultura y conservación",14225,3
aguila en la biblia significado,informacional,SI,post,https://avesnativaschilenas.cl/aguilas/caracteristicas-de-las-aguilas-segun-la-biblia/,El Aguila en la Biblia: significado espiritual y versiculos clave,1857,5
aguila significado en la biblia,informacional,SI,post,https://avesnativaschilenas.cl/aguilas/caracteristicas-de-las-aguilas-segun-la-biblia/,El Aguila en la Biblia: significado espiritual y versiculos clave,1857,5
alambre galvanizado para jaulas,mixto,SI,post,https://avesnativaschilenas.cl/jaulas/accesorios-para-jaulas/,Accesorios para Jaulas de Aves: Todo lo que Necesitas,15289,100
alambre para jaulas de gallinas,mixto,SI,post,https://avesnativaschilenas.cl/jaulas/accesorios-para-jaulas/,Accesorios para Jaulas de Aves: Todo lo que Necesitas,15289,100
alimentacion diamantes de gould,informacional,SI/Parcial,post,https://avesnativaschilenas.cl/cuidados/tipo-de-alimentacion-de-las-aves/,Descubre los Tipos de Alimentación de las Aves: Guía Completa para Entender sus Dietas,11359,2
alimentación de gallos de pelea,informacional,SI,post,https://avesnativaschilenas.cl/jaulas/para-gallinas-ponedoras/,Jaulas para Gallinas Ponedoras: Guia de Compra 2026,15281,100
alimento para codornices precio,comercial,SI,post,https://avesnativaschilenas.cl/jaulas/para-gallinas-ponedoras/,Jaulas para Gallinas Ponedoras: Guia de Compra 2026,15281,100
alimento para codorniz ponedora,mixto,SI,post,https://avesnativaschilenas.cl/jaulas/para-gallinas-ponedoras/,Jaulas para Gallinas Ponedoras: Guia de Compra 2026,15281,100
alimento para crias de canarios,mixto,SI,post,https://avesnativaschilenas.cl/jaulas/para-canarios/,Jaulas para Canarios: Guia de Compra para tu Pajaro Cantor,15280,100
alimento para gallo casta brava,mixto,SI,post,https://avesnativaschilenas.cl/jaulas/para-gallinas-ponedoras/,Jaulas para Gallinas Ponedoras: Guia de Compra 2026,15281,100
alimento para plumaje de gallos,mixto,SI,post,https://avesnativaschilenas.cl/jaulas/para-gallinas-ponedoras/,Jaulas para Gallinas Ponedoras: Guia de Compra 2026,15281,100
alimento para pollitos de pelea,mixto,SI,post,https://avesnativaschilenas.cl/jaulas/para-gallinas-ponedoras/,Jaulas para Gallinas Ponedoras: Guia de Compra 2026,15281,100
alimento para pollitos ponedora,mixto,SI,post,https://avesnativaschilenas.cl/jaulas/para-gallinas-ponedoras/,Jaulas para Gallinas Ponedoras: Guia de Compra 2026,15281,100
alimento ponedora para codorniz,mixto,SI,post,https://avesnativaschilenas.cl/jaulas/para-gallinas-ponedoras/,Jaulas para Gallinas Ponedoras: Guia de Compra 2026,15281,100
alimentos para canarios en muda,mixto,SI,post,https://avesnativaschilenas.cl/jaulas/para-canarios/,Jaulas para Canarios: Guia de Compra para tu Pajaro Cantor,15280,100
alimentos para encelar canarios,mixto,SI,post,https://avesnativaschilenas.cl/jaulas/para-canarios/,Jaulas para Canarios: Guia de Compra para tu Pajaro Cantor,15280,100
alimentos para patos domesticos,mixto,SI/Parcial,post,https://avesnativaschilenas.cl/pato/pueden-los-patos-ser-animales-domesticos/,¿Pueden los patos ser animales domésticos? Todo lo que necesitas saber,9736,2
alimentos permitidos para loros,mixto,SI,post,https://avesnativaschilenas.cl/jaulas/para-loros/descubre-el-secreto-para-mantener-la-jaula-de-tu-loro-siempre-limpia-y-fresca/,¡Descubre el secreto para mantener la jaula de tu loro siempre limpia y fresca!,8533,100
alimentos prohibidos para loros,mixto,SI,post,https://avesnativaschilenas.cl/jaulas/para-loros/descubre-el-secreto-para-mantener-la-jaula-de-tu-loro-siempre-limpia-y-fresca/,¡Descubre el secreto para mantener la jaula de tu loro siempre limpia y fresca!,8533,100
aves argentinas fotos y nombres,mixto,SI/Parcial,post,https://avesnativaschilenas.cl/jaulas/nidos-para-aves/,"Nidos para Aves: Tipos, Materiales y Como Elegir el Mejor",15288,2
aves de la region de magallanes,mixto,SI,post,https://avesnativaschilenas.cl/ubicacion/aves-de-la-decima-region/,aves de la decima region,9992,4
aves de la region metropolitana,mixto,SI,post,https://avesnativaschilenas.cl/ubicacion/aves-de-la-region-metropolitana/,Aves en la Región Metropolitana: ¡un paraíso alado por explorar!,1855,5
aves marinas del norte de chile,mixto,SI,post,https://avesnativaschilenas.cl/blog/grupo-de-aves-marinas-al-que-pertenecen-las-gaviotas/,Grupo de aves marinas al que pertenecen las gaviotas: guia de la familia Laridae en Chile,9156,4
aves que comen animales muertos,mixto,SI/Parcial,post,https://avesnativaschilenas.cl/jaulas/accesorios-para-jaulas/,Accesorios para Jaulas de Aves: Todo lo que Necesitas,15289,2
aves rapaces nocturnas de chile,mixto,SI,post,https://avesnativaschilenas.cl/rapaces/lechuza/aves-que-cantan-de-noche/,Descubre el misterio de las aves que cantan de noche: ¡Conoce sus secretos y melodías nocturnas!,2137,4
bailarin de danza contemporanea,mixto,SI/Parcial,post,https://avesnativaschilenas.cl/rapaces/bailarin/,"Pajaro Bailarín, la Elegante Ave de Rapiña de Chile",1694,2
bailarina de ballet profesional,mixto,NO,,,,,1
canario timbrado español precio,comercial,SI,post,https://avesnativaschilenas.cl/jaulas/para-canarios/,Jaulas para Canarios: Guia de Compra para tu Pajaro Cantor,15280,100
cantos de pájaros y sus nombres,mixto,SI,post,https://avesnativaschilenas.cl/redes/protege-tu-jardin-como-nunca-antes-descubre-la-increible-red-anti-pajaros-de-4x15m-y-sus-fantasticas-herramientas-de-instalacion-no-dejes-que-los-pajaros-arruinen-tu-oasis-verde/,¡Protege tu jardín como nunca antes! Descubre la increíble Red Anti-pájaros de 4x15M y sus fantásticas herramientas de instalación. ¡No dejes que los pájaros arruinen tu oasis verde!,7100,4
caracteristicas de los halcones,informacional,SI,post,https://avesnativaschilenas.cl/cuidados/guia-completa-sobre-las-caracteristicas-habitos-y-cuidados-de-los-jilgueros-todo-lo-que-debes-saber/,"Guía Completa sobre las Características, Hábitos y Cuidados de los Jilgueros: Todo lo que Debes Saber",8655,3
carancho significado espiritual,informacional,SI/Parcial,post,https://avesnativaschilenas.cl/picaflor/significado-espiritual-del-colibri-y-tatuajes-de-picaflor/,Significado espiritual del colibrí y tatuajes de picaflor: simbolismo y creencias,14221,2
casas para conejillos de indias,mixto,SI,post,https://avesnativaschilenas.cl/nidos/transforma-tu-jardin-con-casas-de-pajaros-diy-perfectas-para-que-los-ninos-creen-arte/,¡Transforma tu jardín con casas de pájaros DIY! ¡Perfectas para que los niños creen arte!,7755,3
chimango significado espiritual,informacional,SI/Parcial,post,https://avesnativaschilenas.cl/picaflor/significado-espiritual-del-colibri-y-tatuajes-de-picaflor/,Significado espiritual del colibrí y tatuajes de picaflor: simbolismo y creencias,14221,2
clases de pájaros y sus nombres,mixto,SI,post,https://avesnativaschilenas.cl/redes/protege-tu-jardin-como-nunca-antes-descubre-la-increible-red-anti-pajaros-de-4x15m-y-sus-fantasticas-herramientas-de-instalacion-no-dejes-que-los-pajaros-arruinen-tu-oasis-verde/,¡Protege tu jardín como nunca antes! Descubre la increíble Red Anti-pájaros de 4x15M y sus fantásticas herramientas de instalación. ¡No dejes que los pájaros arruinen tu oasis verde!,7100,4
colibrí y picaflor son lo mismo,mixto,SI,post,https://avesnativaschilenas.cl/picaflor/que-diferencia-hay-entre-un-colibri-y-un-picaflor/,Colibrí vs Picaflor: ¿Son lo mismo? 7 diferencias clave que los distinguen,9420,6
colores de pajaros australianos,mixto,SI,post,https://avesnativaschilenas.cl/jaulas/para-periquitos/,Jaulas para Periquitos: Guia de Compra Completa 2026,15284,100
colores de pericos australianos,mixto,SI,post,https://avesnativaschilenas.cl/jaulas/para-periquitos/,Jaulas para Periquitos: Guia de Compra Completa 2026,15284,100
colores periquitos australianos,mixto,SI,post,https://avesnativaschilenas.cl/jaulas/para-periquitos/,Jaulas para Periquitos: Guia de Compra Completa 2026,15284,100
comedero de pajaros con botella,mixto,SI,post,https://avesnativaschilenas.cl/tienda/comederos/,Los mejores comederos para jaulas de pájaros : guía de compra y recomendaciones,2194,100
comedero de pajaros para jardin,mixto,SI,post,https://avesnativaschilenas.cl/tienda/comederos/,Los mejores comederos para jaulas de pájaros : guía de compra y recomendaciones,2194,100
comedero para aves con botellas,mixto,SI,post,https://avesnativaschilenas.cl/tienda/comederos/,Los mejores comederos para jaulas de pájaros : guía de compra y recomendaciones,2194,100
comedero para pajaros de madera,mixto,SI,post,https://avesnativaschilenas.cl/tienda/comederos/,Los mejores comederos para jaulas de pájaros : guía de compra y recomendaciones,2194,100
comedero para pájaros de jardín,mixto,SI,post,https://avesnativaschilenas.cl/tienda/comederos/,Los mejores comederos para jaulas de pájaros : guía de compra y recomendaciones,2194,100
comedero para pájaros reciclado,mixto,SI,post,https://avesnativaschilenas.cl/tienda/comederos/,Los mejores comederos para jaulas de pájaros : guía de compra y recomendaciones,2194,100
comedero reciclado para pajaros,mixto,SI,post,https://avesnativaschilenas.cl/tienda/comederos/,Los mejores comederos para jaulas de pájaros : guía de compra y recomendaciones,2194,100
comederos caseros para canarios,mixto,SI,post,https://avesnativaschilenas.cl/tienda/comederos/,Los mejores comederos para jaulas de pájaros : guía de compra y recomendaciones,2194,100
comederos de barro para palomas,mixto,SI,post,https://avesnativaschilenas.cl/tienda/comederos/,Los mejores comederos para jaulas de pájaros : guía de compra y recomendaciones,2194,100
comederos de pajaros reciclados,mixto,SI,post,https://avesnativaschilenas.cl/tienda/comederos/,Los mejores comederos para jaulas de pájaros : guía de compra y recomendaciones,2194,100
comederos de pajaros silvestres,mixto,SI,post,https://avesnativaschilenas.cl/tienda/comederos/,Los mejores comederos para jaulas de pájaros : guía de compra y recomendaciones,2194,100
comederos giratorios para loros,mixto,SI,post,https://avesnativaschilenas.cl/tienda/comederos/,Los mejores comederos para jaulas de pájaros : guía de compra y recomendaciones,2194,100
comederos para jaula de pájaros,mixto,SI,post,https://avesnativaschilenas.cl/jaulas/accesorios-para-jaulas/,Accesorios para Jaulas de Aves: Todo lo que Necesitas,15289,100
comederos para pajaros exterior,mixto,SI,post,https://avesnativaschilenas.cl/tienda/comederos/,Los mejores comederos para jaulas de pájaros : guía de compra y recomendaciones,2194,100
comederos para perdices caseros,mixto,SI,post,https://avesnativaschilenas.cl/tienda/comederos/,Los mejores comederos para jaulas de pájaros : guía de compra y recomendaciones,2194,100
comederos para pájaros en jaula,mixto,SI,post,https://avesnativaschilenas.cl/jaulas/accesorios-para-jaulas/,Accesorios para Jaulas de Aves: Todo lo que Necesitas,15289,100
comida de pájaros como se llama,informacional,SI,post,https://avesnativaschilenas.cl/redes/descubre-como-esta-red-verde-de-4x10m-protege-tus-plantas-y-frutas-de-los-pajaros-imperdible/,Descubre cómo esta red verde de 4x10m protege tus plantas y frutas de los pájaros ¡Imperdible!,8502,3
como alimentar pichon de paloma,informacional,SI,post,https://avesnativaschilenas.cl/cuidados/como-darle-de-comer-a-un-pichon-de-paloma/,Como alimentar a un pichon de paloma: guia segura paso a paso,9458,5
como cuidar un pichon de paloma,informacional,SI,post,https://avesnativaschilenas.cl/cuidados/como-darle-de-comer-a-un-pichon-de-paloma/,Como alimentar a un pichon de paloma: guia segura paso a paso,9458,5
como curar el ala de una paloma,informacional,SI,post,https://avesnativaschilenas.cl/cuidados/como-curar-a-una-paloma-herida-por-un-gato/,como curar a una paloma herida por un gato,9404,4
como hacer jaulas para codorniz,informacional,SI,post,https://avesnativaschilenas.cl/jaulas/accesorios-para-jaulas/,Accesorios para Jaulas de Aves: Todo lo que Necesitas,15289,100
como hacer una jaula de pajaros,informacional,SI,post,https://avesnativaschilenas.cl/jaulas/accesorios-para-jaulas/,Accesorios para Jaulas de Aves: Todo lo que Necesitas,15289,100
como pintar una lechuza de yeso,informacional,SI,post,https://avesnativaschilenas.cl/rapaces/lechuza/que-significa-ver-una-lechuza-de-noche/,Qué Significa Ver una Lechuza de Noche: Misterios y Significados Revelados,9996,3
como se alimentan los colibries,informacional,SI,post,https://avesnativaschilenas.cl/pato/donde-viven-los-patos-y-de-que-se-alimentan/,Donde viven los patos y de que se alimentan: guia completa de aves acuaticas en Chile,9370,3
complejo turistico las gaviotas,mixto,SI/Parcial,post,https://avesnativaschilenas.cl/gaviotas/la-vida-secreta-de-las-aves-marinas/,La Vida Secreta de las Aves Marinas: Descubre sus Hábitos y Misterios,11042,2
cotorra argentina bebe cuidados,informacional,SI,post,https://avesnativaschilenas.cl/jaulas/para-loros/descubre-el-secreto-para-mantener-la-jaula-de-tu-loro-siempre-limpia-y-fresca/,¡Descubre el secreto para mantener la jaula de tu loro siempre limpia y fresca!,8533,100
cuanto vive una paloma sin agua,mixto,SI/Parcial,post,https://avesnativaschilenas.cl/cuidados/como-curar-a-una-paloma-herida-por-un-gato/,como curar a una paloma herida por un gato,9404,2
cuáles son las aves migratorias,mixto,SI,post,https://avesnativaschilenas.cl/migratorias/paloma/las-palomas-son-omnivoras/,¿Las Palomas Son Omnívoras? Descubre Su Dieta Variada y Saludable,11355,3
cómo darle de comer a un pichón,informacional,SI,post,https://avesnativaschilenas.cl/cuidados/como-darle-de-comer-a-un-pichon-de-paloma/,Como alimentar a un pichon de paloma: guia segura paso a paso,9458,7
cómo hacer una jaula para loros,informacional,SI,post,https://avesnativaschilenas.cl/jaulas/accesorios-para-jaulas/,Accesorios para Jaulas de Aves: Todo lo que Necesitas,15289,100
de que se alimentan las palomas,mixto,SI,post,https://avesnativaschilenas.cl/cuidados/de-que-se-alimentan-las-aves/,¿De qué se alimentan las aves? Guía completa sobre la dieta aviar,11353,5
de que se alimentan los pericos,mixto,SI,post,https://avesnativaschilenas.cl/jaulas/para-periquitos/,Jaulas para Periquitos: Guia de Compra Completa 2026,15284,100
de qué color son los guacamayos,mixto,SI,post,https://avesnativaschilenas.cl/jaulas/para-loros/descubre-el-secreto-para-mantener-la-jaula-de-tu-loro-siempre-limpia-y-fresca/,¡Descubre el secreto para mantener la jaula de tu loro siempre limpia y fresca!,8533,100
de qué color son los periquitos,mixto,SI,post,https://avesnativaschilenas.cl/jaulas/para-periquitos/,Jaulas para Periquitos: Guia de Compra Completa 2026,15284,100
de qué se alimentan los pájaros,mixto,SI,post,https://avesnativaschilenas.cl/pato/donde-viven-los-patos-y-de-que-se-alimentan/,Donde viven los patos y de que se alimentan: guia completa de aves acuaticas en Chile,9370,5
diamante mandarin blanco precio,comercial,SI/Parcial,post,https://avesnativaschilenas.cl/cuidados/guia-completa-para-el-cuidado-de-tu-diamante-mandarin-primeros-pasos-esenciales-para-asegurar-su-bienestar/,Guía Completa para el Cuidado de tu Diamante Mandarín: Primeros Pasos Esenciales para Asegurar su Bienestar,7383,2
diamantes mandarines papilleros,mixto,NO,,,,,0
dibujos de aves con sus nombres,mixto,SI,post,https://avesnativaschilenas.cl/cuidados/tipo-de-alimentacion-de-las-aves/,Descubre los Tipos de Alimentación de las Aves: Guía Completa para Entender sus Dietas,11359,3
diseños de jaulas para canarios,mixto,SI,post,https://avesnativaschilenas.cl/jaulas/accesorios-para-jaulas/,Accesorios para Jaulas de Aves: Todo lo que Necesitas,15289,100
el mejor alimento para canarios,comercial,SI,post,https://avesnativaschilenas.cl/jaulas/para-canarios/,Jaulas para Canarios: Guia de Compra para tu Pajaro Cantor,15280,100
el pájaro más hermoso del mundo,mixto,SI,post,https://avesnativaschilenas.cl/blog/cual-es-el-ave-con-el-pico-mas-largo-del-mundo/,cual es el ave con el pico mas largo del mundo,9428,4
especies de pajaros en colombia,informacional,SI,post,https://avesnativaschilenas.cl/blog/que-significa-la-presencia-de-pajaros-en-tu-casa/,qué significa la presencia de pájaros en tu casa,9405,3
especies de pájaros carpinteros,informacional,SI/Parcial,post,https://avesnativaschilenas.cl/acuaticas/patos-chilenos/,"Patos de Chile: Tipos, Especies y Guia de Identificacion",15251,2
fotos y nombres de aves marinas,mixto,SI,post,https://avesnativaschilenas.cl/gaviotas/la-vida-secreta-de-las-aves-marinas/,La Vida Secreta de las Aves Marinas: Descubre sus Hábitos y Misterios,11042,4
golondrinas volando en círculos,mixto,SI/Parcial,post,https://avesnativaschilenas.cl/blog/que-significa-cuando-hay-muchos-pajaros-en-el-cielo/,que significa cuando hay muchos pájaros en el cielo volando en circulo,9455,2
halcones para ahuyentar palomas,mixto,SI/Parcial,post,https://avesnativaschilenas.cl/jaulas/portatiles/descubre-la-jaula-plegable-perfecta-para-tus-mascotas-ideal-para-viajar-con-palomas-y-conejos/,Descubre la jaula plegable perfecta para tus mascotas: ¡ideal para viajar con palomas y conejos!,8605,2
huevo de codorniz mercado libre,mixto,SI,post,https://avesnativaschilenas.cl/jaulas/para-gallinas-ponedoras/,Jaulas para Gallinas Ponedoras: Guia de Compra 2026,15281,100
huevos de codorniz al por mayor,mixto,SI,post,https://avesnativaschilenas.cl/jaulas/para-gallinas-ponedoras/,Jaulas para Gallinas Ponedoras: Guia de Compra 2026,15281,100
huevos de codorniz precio exito,comercial,SI,post,https://avesnativaschilenas.cl/jaulas/para-gallinas-ponedoras/,Jaulas para Gallinas Ponedoras: Guia de Compra 2026,15281,100
identificador de aves por fotos,mixto,SI,post,https://avesnativaschilenas.cl/cuidados/por-que-el-excremento-de-las-aves-es-de-consistencia-liquida/,por qué el excremento de las aves es de consistencia líquida,9368,3
imagenes de jaulas para pajaros,mixto,SI,post,https://avesnativaschilenas.cl/jaulas/accesorios-para-jaulas/,Accesorios para Jaulas de Aves: Todo lo que Necesitas,15289,100
imágenes de cotorros de colores,mixto,SI/Parcial,post,https://avesnativaschilenas.cl/fardela/fardela-heraldica/,Fardela heráldica: el petrel de tres colores de Rapa Nui,14188,2
jaula de concurso para canarios,mixto,SI,post,https://avesnativaschilenas.cl/jaulas/accesorios-para-jaulas/,Accesorios para Jaulas de Aves: Todo lo que Necesitas,15289,100
jaula de madera para codornices,mixto,SI,post,https://avesnativaschilenas.cl/jaulas/accesorios-para-jaulas/,Accesorios para Jaulas de Aves: Todo lo que Necesitas,15289,100
jaula de madera para periquitos,mixto,SI,post,https://avesnativaschilenas.cl/jaulas/accesorios-para-jaulas/,Accesorios para Jaulas de Aves: Todo lo que Necesitas,15289,100
jaula para cobayas segunda mano,comercial,SI,post,https://avesnativaschilenas.cl/jaulas/accesorios-para-jaulas/,Accesorios para Jaulas de Aves: Todo lo que Necesitas,15289,100
jaula para codornices ponedoras,mixto,SI,post,https://avesnativaschilenas.cl/jaulas/accesorios-para-jaulas/,Accesorios para Jaulas de Aves: Todo lo que Necesitas,15289,100
jaula para conejillos de indias,mixto,SI,post,https://avesnativaschilenas.cl/jaulas/accesorios-para-jaulas/,Accesorios para Jaulas de Aves: Todo lo que Necesitas,15289,100
jaula para gallina con pollitos,mixto,SI,post,https://avesnativaschilenas.cl/jaulas/accesorios-para-jaulas/,Accesorios para Jaulas de Aves: Todo lo que Necesitas,15289,100
jaula para loro de segunda mano,comercial,SI,post,https://avesnativaschilenas.cl/jaulas/accesorios-para-jaulas/,Accesorios para Jaulas de Aves: Todo lo que Necesitas,15289,100
jaula para loros grandes amazon,navegacional,SI,post,https://avesnativaschilenas.cl/jaulas/accesorios-para-jaulas/,Accesorios para Jaulas de Aves: Todo lo que Necesitas,15289,100
jaula para pajaros australianos,mixto,SI,post,https://avesnativaschilenas.cl/jaulas/accesorios-para-jaulas/,Accesorios para Jaulas de Aves: Todo lo que Necesitas,15289,100
jaula para pajaros segunda mano,comercial,SI,post,https://avesnativaschilenas.cl/jaulas/accesorios-para-jaulas/,Accesorios para Jaulas de Aves: Todo lo que Necesitas,15289,100
jaula para periquitos de madera,mixto,SI,post,https://avesnativaschilenas.cl/jaulas/accesorios-para-jaulas/,Accesorios para Jaulas de Aves: Todo lo que Necesitas,15289,100
jaula para transportar gallinas,mixto,SI,post,https://avesnativaschilenas.cl/jaulas/accesorios-para-jaulas/,Accesorios para Jaulas de Aves: Todo lo que Necesitas,15289,100
jaula profesional para canarios,mixto,SI,post,https://avesnativaschilenas.cl/jaulas/accesorios-para-jaulas/,Accesorios para Jaulas de Aves: Todo lo que Necesitas,15289,100
jaulas artesanales para pajaros,mixto,SI,post,https://avesnativaschilenas.cl/jaulas/accesorios-para-jaulas/,Accesorios para Jaulas de Aves: Todo lo que Necesitas,15289,100
jaulas de 1 metro para canarios,mixto,SI,post,https://avesnativaschilenas.cl/jaulas/accesorios-para-jaulas/,Accesorios para Jaulas de Aves: Todo lo que Necesitas,15289,100
jaulas de aluminio angel blanco,mixto,SI,post,https://avesnativaschilenas.cl/jaulas/accesorios-para-jaulas/,Accesorios para Jaulas de Aves: Todo lo que Necesitas,15289,100
jaulas de aluminio para pajaros,mixto,SI,post,https://avesnativaschilenas.cl/jaulas/accesorios-para-jaulas/,Accesorios para Jaulas de Aves: Todo lo que Necesitas,15289,100
jaulas de exterior para pajaros,mixto,SI,post,https://avesnativaschilenas.cl/jaulas/accesorios-para-jaulas/,Accesorios para Jaulas de Aves: Todo lo que Necesitas,15289,100
jaulas de gallinas segunda mano,comercial,SI,post,https://avesnativaschilenas.cl/jaulas/accesorios-para-jaulas/,Accesorios para Jaulas de Aves: Todo lo que Necesitas,15289,100
jaulas de madera para jilgueros,mixto,SI,post,https://avesnativaschilenas.cl/jaulas/accesorios-para-jaulas/,Accesorios para Jaulas de Aves: Todo lo que Necesitas,15289,100
jaulas para aves grandes usadas,comercial,SI,post,https://avesnativaschilenas.cl/jaulas/accesorios-para-jaulas/,Accesorios para Jaulas de Aves: Todo lo que Necesitas,15289,100
jaulas para chinchillas precios,comercial,SI,post,https://avesnativaschilenas.cl/jaulas/accesorios-para-jaulas/,Accesorios para Jaulas de Aves: Todo lo que Necesitas,15289,100
jaulas para codornices en venta,comercial,SI,post,https://avesnativaschilenas.cl/jaulas/accesorios-para-jaulas/,Accesorios para Jaulas de Aves: Todo lo que Necesitas,15289,100
jaulas para criadero de conejos,mixto,SI,post,https://avesnativaschilenas.cl/jaulas/accesorios-para-jaulas/,Accesorios para Jaulas de Aves: Todo lo que Necesitas,15289,100
jaulas para gallinas de postura,mixto,SI,post,https://avesnativaschilenas.cl/jaulas/accesorios-para-jaulas/,Accesorios para Jaulas de Aves: Todo lo que Necesitas,15289,100
jaulas para hamster de acrilico,mixto,SI,post,https://avesnativaschilenas.cl/jaulas/accesorios-para-jaulas/,Accesorios para Jaulas de Aves: Todo lo que Necesitas,15289,100
jaulas para ninfas mercadolibre,navegacional,SI,post,https://avesnativaschilenas.cl/jaulas/accesorios-para-jaulas/,Accesorios para Jaulas de Aves: Todo lo que Necesitas,15289,100
jaulas para pajaros cerca de mi,mixto,SI,post,https://avesnativaschilenas.cl/jaulas/accesorios-para-jaulas/,Accesorios para Jaulas de Aves: Todo lo que Necesitas,15289,100
jaulas personalizadas jilgueros,mixto,SI,post,https://avesnativaschilenas.cl/jaulas/accesorios-para-jaulas/,Accesorios para Jaulas de Aves: Todo lo que Necesitas,15289,100
jaulas tramperas para jilgueros,mixto,SI,post,https://avesnativaschilenas.cl/jaulas/accesorios-para-jaulas/,Accesorios para Jaulas de Aves: Todo lo que Necesitas,15289,100
jaulas verticales para gallinas,mixto,SI,post,https://avesnativaschilenas.cl/jaulas/accesorios-para-jaulas/,Accesorios para Jaulas de Aves: Todo lo que Necesitas,15289,100
la reserva del colibri quimbaya,mixto,SI/Parcial,post,https://avesnativaschilenas.cl/picaflor/significado-espiritual-del-colibri-y-tatuajes-de-picaflor/,Significado espiritual del colibrí y tatuajes de picaflor: simbolismo y creencias,14221,2
las aves de rapiña en la biblia,mixto,SI,page,https://avesnativaschilenas.cl/significado-de-las-aves-en-la-biblia/,"El Significado de las Aves en la Biblia: Interpretaciones, Versículos y Simbolismo Espiritual",11222,6
las aves más exóticas del mundo,mixto,SI,post,https://avesnativaschilenas.cl/rapaces/excremento-de-las-aves-de-rapina/,El Curioso Mundo del Excremento de las Aves de Rapiña: Más Allá de un Simple Desecho,1903,5
las aves más hermosas del mundo,mixto,SI,post,https://avesnativaschilenas.cl/rapaces/excremento-de-las-aves-de-rapina/,El Curioso Mundo del Excremento de las Aves de Rapiña: Más Allá de un Simple Desecho,1903,5
loro cabeza amarilla de 2 meses,mixto,SI,post,https://avesnativaschilenas.cl/jaulas/para-loros/descubre-el-secreto-para-mantener-la-jaula-de-tu-loro-siempre-limpia-y-fresca/,¡Descubre el secreto para mantener la jaula de tu loro siempre limpia y fresca!,8533,100
los colibri son de buena suerte,mixto,SI,post,https://avesnativaschilenas.cl/zanate/mitos-y-creencias-sobre-los-zanates-de-verdad-traen-mala-suerte/,Mitos y Creencias sobre los Zanates: De Verdad Traen Mala Suerte?,9776,3
los loros más bonitos del mundo,mixto,SI,post,https://avesnativaschilenas.cl/jaulas/para-loros/descubre-el-secreto-para-mantener-la-jaula-de-tu-loro-siempre-limpia-y-fresca/,¡Descubre el secreto para mantener la jaula de tu loro siempre limpia y fresca!,8533,100
martín pescador características,informacional,SI/Parcial,page,https://avesnativaschilenas.cl/martin-pescador/,"Martín pescador Chileno: hábitat, alimentación y curiosidades de un tesoro acuatico",9858,2
material para jaulas de pájaros,mixto,SI,post,https://avesnativaschilenas.cl/jaulas/accesorios-para-jaulas/,Accesorios para Jaulas de Aves: Todo lo que Necesitas,15289,100
medidas de jaulas para canarios,mixto,SI,post,https://avesnativaschilenas.cl/jaulas/accesorios-para-jaulas/,Accesorios para Jaulas de Aves: Todo lo que Necesitas,15289,100
mejor pajaro para tener en casa,comercial,SI,post,https://avesnativaschilenas.cl/cuidados/cual-es-el-mejor-pajaro-para-tener-en-casa/,cuál es el mejor pájaro para tener en casa,9452,6
mejores aves para tener en casa,comercial,SI,post,https://avesnativaschilenas.cl/cuidados/cual-es-el-mejor-pajaro-para-tener-en-casa/,cuál es el mejor pájaro para tener en casa,9452,4
mercado libre jaulas para cuyos,mixto,SI,post,https://avesnativaschilenas.cl/jaulas/accesorios-para-jaulas/,Accesorios para Jaulas de Aves: Todo lo que Necesitas,15289,100
modelos de jaulas para canarios,mixto,SI,post,https://avesnativaschilenas.cl/jaulas/accesorios-para-jaulas/,Accesorios para Jaulas de Aves: Todo lo que Necesitas,15289,100
pajareras grandes para canarios,mixto,SI,post,https://avesnativaschilenas.cl/jaulas/para-canarios/,Jaulas para Canarios: Guia de Compra para tu Pajaro Cantor,15280,100
pajaritos amarillos significado,informacional,NO,,,,,1
pajaro martin pescador imagenes,mixto,SI/Parcial,page,https://avesnativaschilenas.cl/martin-pescador/,"Martín pescador Chileno: hábitat, alimentación y curiosidades de un tesoro acuatico",9858,2
pajaros de la patagonia chilena,mixto,SI,post,https://avesnativaschilenas.cl/terrestres/aves-de-la-patagonia-chilena/,Aves de la Patagonia Chilena: ¡Descubre sus increíbles especies!,2063,4
pajaros en peligro de extincion,informacional,SI,post,https://avesnativaschilenas.cl/fardela/fardela-de-phoenix/,Fardela de Phoenix: el petrel blanquinegro en peligro de extinción,14189,4
pajaros pequeños con pico largo,mixto,SI,post,https://avesnativaschilenas.cl/blog/cual-es-el-ave-con-el-pico-mas-largo-del-mundo/,cual es el ave con el pico mas largo del mundo,9428,3
patos mandarines hembra y macho,mixto,SI,post,https://avesnativaschilenas.cl/terrestres/pavo-real-diferencias-entre-macho-y-hembra-fotos/,Pavo Real: Diferencias entre Macho y Hembra + Fotos,11823,3
pavo real blanco macho y hembra,mixto,SI,post,https://avesnativaschilenas.cl/terrestres/pavo-real-diferencias-entre-macho-y-hembra-fotos/,Pavo Real: Diferencias entre Macho y Hembra + Fotos,11823,5
pavo real hembra y macho juntos,mixto,SI,post,https://avesnativaschilenas.cl/terrestres/pavo-real-diferencias-entre-macho-y-hembra-fotos/,Pavo Real: Diferencias entre Macho y Hembra + Fotos,11823,5
perico australiano alimentacion,informacional,SI,post,https://avesnativaschilenas.cl/jaulas/para-periquitos/,Jaulas para Periquitos: Guia de Compra Completa 2026,15284,100
periquitos australianos pseudos,mixto,SI,post,https://avesnativaschilenas.cl/jaulas/para-periquitos/,Jaulas para Periquitos: Guia de Compra Completa 2026,15284,100
picaflor significado espiritual,informacional,SI,post,https://avesnativaschilenas.cl/picaflor/significado-espiritual-del-colibri-y-tatuajes-de-picaflor/,Significado espiritual del colibrí y tatuajes de picaflor: simbolismo y creencias,14221,3
playa las gaviotas buenos aires,mixto,SI/Parcial,post,https://avesnativaschilenas.cl/gaviotas/la-vida-secreta-de-las-aves-marinas/,La Vida Secreta de las Aves Marinas: Descubre sus Hábitos y Misterios,11042,2
precio de un pavo real en chile,comercial,SI,post,https://avesnativaschilenas.cl/blog/palomas-urbanas-problema-salud-publica-chile/,Palomas urbanas en Chile: un problema de salud publica y como controlarlas,15094,4
precio de voladeros para gallos,comercial,SI,post,https://avesnativaschilenas.cl/jaulas/para-gallinas-ponedoras/,Jaulas para Gallinas Ponedoras: Guia de Compra 2026,15281,100
rejillas de alambre para jaulas,mixto,SI,post,https://avesnativaschilenas.cl/jaulas/accesorios-para-jaulas/,Accesorios para Jaulas de Aves: Todo lo que Necesitas,15289,100
rejillas para jaulas de pajaros,mixto,SI,post,https://avesnativaschilenas.cl/jaulas/accesorios-para-jaulas/,Accesorios para Jaulas de Aves: Todo lo que Necesitas,15289,100
renovarse como el águila biblia,informacional,SI,post,https://avesnativaschilenas.cl/aguilas/como-ensena-el-aguila-a-volar-a-sus-polluelos/,Como el aguila ensena a volar a sus polluelos,9369,3
se pueden tener palomas en casa,mixto,SI,post,https://avesnativaschilenas.cl/blog/loros-que-se-pueden-tener-en-casa/,loros que se pueden tener en casa,10417,5
tipo de periquitos australianos,mixto,SI,post,https://avesnativaschilenas.cl/jaulas/para-periquitos/,Jaulas para Periquitos: Guia de Compra Completa 2026,15284,100
tipos de comederos para pajaros,informacional,SI,post,https://avesnativaschilenas.cl/tienda/comederos/,Los mejores comederos para jaulas de pájaros : guía de compra y recomendaciones,2194,100
tipos de jaulas para codornices,informacional,SI,post,https://avesnativaschilenas.cl/jaulas/accesorios-para-jaulas/,Accesorios para Jaulas de Aves: Todo lo que Necesitas,15289,100
turismo de avistamiento de aves,mixto,SI,post,https://avesnativaschilenas.cl/ubicacion/arica/,Avistamiento de aves en Arica - Chile,2710,3
venta de aves en santiago chile,comercial,SI,post,https://avesnativaschilenas.cl/blog/importancia-de-las-aves-en-chile/,Importancia de las aves en Chile: su rol en los ecosistemas y la conservacion nacional,15082,4
venta de aves exoticas en chile,comercial,SI,post,https://avesnativaschilenas.cl/blog/importancia-de-las-aves-en-chile/,Importancia de las aves en Chile: su rol en los ecosistemas y la conservacion nacional,15082,4
venta de cuervos en guadalajara,comercial,SI/Parcial,post,https://avesnativaschilenas.cl/blog/palomas-urbanas-problema-salud-publica-chile/,Palomas urbanas en Chile: un problema de salud publica y como controlarlas,15094,2
venta de jaulas para codornices,comercial,SI,post,https://avesnativaschilenas.cl/jaulas/accesorios-para-jaulas/,Accesorios para Jaulas de Aves: Todo lo que Necesitas,15289,100
venta de jaulas para periquitos,comercial,SI,post,https://avesnativaschilenas.cl/jaulas/accesorios-para-jaulas/,Accesorios para Jaulas de Aves: Todo lo que Necesitas,15289,100
venta de rascaderos para gallos,comercial,SI,post,https://avesnativaschilenas.cl/jaulas/para-gallinas-ponedoras/,Jaulas para Gallinas Ponedoras: Guia de Compra 2026,15281,100
vitaminas y minerales para aves,mixto,SI,post,https://avesnativaschilenas.cl/jaulas/nidos-para-aves/,"Nidos para Aves: Tipos, Materiales y Como Elegir el Mejor",15288,3
voladeras para canarios baratas,comercial,SI,post,https://avesnativaschilenas.cl/jaulas/para-canarios/,Jaulas para Canarios: Guia de Compra para tu Pajaro Cantor,15280,100
voladeros para canarios baratos,comercial,SI,post,https://avesnativaschilenas.cl/jaulas/para-canarios/,Jaulas para Canarios: Guia de Compra para tu Pajaro Cantor,15280,100
voladeros para gallos de madera,mixto,SI,post,https://avesnativaschilenas.cl/jaulas/para-gallinas-ponedoras/,Jaulas para Gallinas Ponedoras: Guia de Compra 2026,15281,100
águila en la biblia significado,informacional,SI,post,https://avesnativaschilenas.cl/aguilas/caracteristicas-de-las-aguilas-segun-la-biblia/,El Aguila en la Biblia: significado espiritual y versiculos clave,1857,5
animales nacionales de colombia,mixto,SI/Parcial,post,https://avesnativaschilenas.cl/rapaces/porque-el-condor-es-el-ave-nacional-de-colombia/,porque el condor es el ave nacional de colombia,9444,2
diferencia entre peuco y tiuque,mixto,SI,post,https://avesnativaschilenas.cl/picaflor/que-diferencia-hay-entre-un-colibri-y-un-picaflor/,Colibrí vs Picaflor: ¿Son lo mismo? 7 diferencias clave que los distinguen,9420,3
accesorios para cria de canarios,mixto,SI,post,https://avesnativaschilenas.cl/jaulas/accesorios-para-jaulas/,Accesorios para Jaulas de Aves: Todo lo que Necesitas,15289,100
accesorios para jaula de pajaros,mixto,SI,post,https://avesnativaschilenas.cl/jaulas/accesorios-para-jaulas/,Accesorios para Jaulas de Aves: Todo lo que Necesitas,15289,100
agapornis clasificación inferior,mixto,SI,post,https://avesnativaschilenas.cl/jaulas/para-loros/descubre-el-secreto-para-mantener-la-jaula-de-tu-loro-siempre-limpia-y-fresca/,¡Descubre el secreto para mantener la jaula de tu loro siempre limpia y fresca!,8533,100
aguilucho significado espiritual,informacional,SI/Parcial,post,https://avesnativaschilenas.cl/picaflor/significado-espiritual-del-colibri-y-tatuajes-de-picaflor/,Significado espiritual del colibrí y tatuajes de picaflor: simbolismo y creencias,14221,2
alimentador para aves silvestres,mixto,SI,post,https://avesnativaschilenas.cl/nidos/transforma-tu-balcon-en-un-refugio-para-aves-descubre-el-alimentador-zxm-iron/,Transforma tu balcón en un refugio para aves: ¡Descubre el alimentador ZXM Iron!,7575,3
alimento para pichones de paloma,mixto,SI,post,https://avesnativaschilenas.cl/migratorias/paloma/nutricion-pichones-de-paloma/,La Fascinante Nutrición de los Pichones de Paloma: Un Viaje al Corazón de la Crianza,6456,3
alimento para pollitas ponedoras,mixto,SI,post,https://avesnativaschilenas.cl/jaulas/para-gallinas-ponedoras/,Jaulas para Gallinas Ponedoras: Guia de Compra 2026,15281,100
alimento periquitos australianos,mixto,SI,post,https://avesnativaschilenas.cl/jaulas/para-periquitos/,Jaulas para Periquitos: Guia de Compra Completa 2026,15284,100
alimentos prohibidos para ninfas,mixto,SI,post,https://avesnativaschilenas.cl/jaulas/para-ninfas/,Jaulas para Ninfas (Cockatiel): Guia de Compra y Medidas Ideales,15285,100
aves de colombia con sus nombres,mixto,SI,post,https://avesnativaschilenas.cl/cuidados/tipo-de-alimentacion-de-las-aves/,Descubre los Tipos de Alimentación de las Aves: Guía Completa para Entender sus Dietas,11359,3
aves de color rojo y sus nombres,mixto,SI,post,https://avesnativaschilenas.cl/gaviotas/la-vida-secreta-de-las-aves-marinas/,La Vida Secreta de las Aves Marinas: Descubre sus Hábitos y Misterios,11042,4
aves de la zona central de chile,mixto,SI,post,https://avesnativaschilenas.cl/blog/importancia-de-las-aves-en-chile/,Importancia de las aves en Chile: su rol en los ecosistemas y la conservacion nacional,15082,4
aves que se pueden tener en casa,mixto,SI,post,https://avesnativaschilenas.cl/blog/que-aves-se-pueden-tener-de-mascota-en-argentina/,que aves se pueden tener de mascota en argentina,10418,6
aves rapaces diurnas y nocturnas,mixto,SI,post,https://avesnativaschilenas.cl/rapaces/lechuza/aves-que-cantan-de-noche/,Descubre el misterio de las aves que cantan de noche: ¡Conoce sus secretos y melodías nocturnas!,2137,4
bandurria significado espiritual,informacional,SI,post,https://avesnativaschilenas.cl/terrestres/bandurria/bandurria-significado-espiritual-caracteristicas-y-habitat/,"Bandurria: Significado Espiritual, Caracteristicas y Habitat",11820,3
baterias de jaulas para canarios,mixto,SI,post,https://avesnativaschilenas.cl/jaulas/accesorios-para-jaulas/,Accesorios para Jaulas de Aves: Todo lo que Necesitas,15289,100
bebedero para pájaros silvestres,mixto,SI,post,https://avesnativaschilenas.cl/tienda/comederos/,Los mejores comederos para jaulas de pájaros : guía de compra y recomendaciones,2194,100
bebedero y comedero para pajaros,mixto,SI,post,https://avesnativaschilenas.cl/tienda/comederos/,Los mejores comederos para jaulas de pájaros : guía de compra y recomendaciones,2194,100
cabeza de chorlito que significa,informacional,SI,post,https://avesnativaschilenas.cl/blog/que-significa-la-visita-de-un-pajaro-gris-presagio-y-significado-espiritual/,Que Significa la Visita de un Pajaro Gris? Presagio y Significado Espiritual,11826,3
calandria significado espiritual,informacional,SI/Parcial,post,https://avesnativaschilenas.cl/picaflor/significado-espiritual-del-colibri-y-tatuajes-de-picaflor/,Significado espiritual del colibrí y tatuajes de picaflor: simbolismo y creencias,14221,2
canario timbrado español colores,mixto,SI,post,https://avesnativaschilenas.cl/jaulas/para-canarios/,Jaulas para Canarios: Guia de Compra para tu Pajaro Cantor,15280,100
caracteristicas de la golondrina,informacional,SI,post,https://avesnativaschilenas.cl/migratorias/golondrina/que-significa-cuando-hay-una-bandada-de-pajaros/,Qué Significa Cuando Hay Una Bandada de Pájaros: Descubre el Misterioso Mensaje de la Naturaleza,10003,3
características del cisne blanco,informacional,SI/Parcial,post,https://avesnativaschilenas.cl/terrestres/chincol/,"Chincol: Caracteristicas, Habitat y Canto del Zonotrichia capensis [Chile]",15248,2
características del águila arpía,informacional,SI/Parcial,post,https://avesnativaschilenas.cl/terrestres/chincol/,"Chincol: Caracteristicas, Habitat y Canto del Zonotrichia capensis [Chile]",15248,2
cazar jilgueros con jaula trampa,mixto,SI,post,https://avesnativaschilenas.cl/jaulas/accesorios-para-jaulas/,Accesorios para Jaulas de Aves: Todo lo que Necesitas,15289,100
codorniz japonesa macho y hembra,mixto,SI,post,https://avesnativaschilenas.cl/jaulas/para-gallinas-ponedoras/,Jaulas para Gallinas Ponedoras: Guia de Compra 2026,15281,100
colibri es lo mismo que picaflor,mixto,SI,post,https://avesnativaschilenas.cl/picaflor/que-diferencia-hay-entre-un-colibri-y-un-picaflor/,Colibrí vs Picaflor: ¿Son lo mismo? 7 diferencias clave que los distinguen,9420,5
colibri para colorear e imprimir,mixto,SI/Parcial,post,https://avesnativaschilenas.cl/jaulas/para-agapornis/,Jaulas para Agapornis e Inseparables: La Mejor Casa para tus Lovebirds,15273,2
comedero automatico para pajaros,mixto,SI,post,https://avesnativaschilenas.cl/tienda/comederos/,Los mejores comederos para jaulas de pájaros : guía de compra y recomendaciones,2194,100
comedero pajaros exterior casero,mixto,SI,post,https://avesnativaschilenas.cl/tienda/comederos/,Los mejores comederos para jaulas de pájaros : guía de compra y recomendaciones,2194,100
comedero para pajaros con camara,mixto,SI,post,https://avesnativaschilenas.cl/tienda/comederos/,Los mejores comederos para jaulas de pájaros : guía de compra y recomendaciones,2194,100
comedero para pajaros en ventana,comercial,SI,post,https://avesnativaschilenas.cl/tienda/comederos/,Los mejores comederos para jaulas de pájaros : guía de compra y recomendaciones,2194,100
comedero para pajaros silvestres,mixto,SI,post,https://avesnativaschilenas.cl/tienda/comederos/,Los mejores comederos para jaulas de pájaros : guía de compra y recomendaciones,2194,100
comederos de jardin para pajaros,mixto,SI,post,https://avesnativaschilenas.cl/tienda/comederos/,Los mejores comederos para jaulas de pájaros : guía de compra y recomendaciones,2194,100
comederos de jaulas para pajaros,mixto,SI,post,https://avesnativaschilenas.cl/jaulas/accesorios-para-jaulas/,Accesorios para Jaulas de Aves: Todo lo que Necesitas,15289,100
comederos de tolva para canarios,mixto,SI,post,https://avesnativaschilenas.cl/tienda/comederos/,Los mejores comederos para jaulas de pájaros : guía de compra y recomendaciones,2194,100
comederos externos para canarios,mixto,SI,post,https://avesnativaschilenas.cl/tienda/comederos/,Los mejores comederos para jaulas de pájaros : guía de compra y recomendaciones,2194,100
comederos para colibríes caseros,mixto,SI,post,https://avesnativaschilenas.cl/tienda/comederos/,Los mejores comederos para jaulas de pájaros : guía de compra y recomendaciones,2194,100
comederos para gallos de combate,mixto,SI,post,https://avesnativaschilenas.cl/tienda/comederos/,Los mejores comederos para jaulas de pájaros : guía de compra y recomendaciones,2194,100
comederos para pajaros de jardin,mixto,SI,post,https://avesnativaschilenas.cl/tienda/comederos/,Los mejores comederos para jaulas de pájaros : guía de compra y recomendaciones,2194,100
comederos para pajaros en madera,mixto,SI,post,https://avesnativaschilenas.cl/tienda/comederos/,Los mejores comederos para jaulas de pájaros : guía de compra y recomendaciones,2194,100
comederos para perdices de campo,mixto,SI,post,https://avesnativaschilenas.cl/tienda/comederos/,Los mejores comederos para jaulas de pájaros : guía de compra y recomendaciones,2194,100
comederos para pollitos pequeños,mixto,SI,post,https://avesnativaschilenas.cl/tienda/comederos/,Los mejores comederos para jaulas de pájaros : guía de compra y recomendaciones,2194,100
como alimentar a una paloma bebe,informacional,SI,post,https://avesnativaschilenas.cl/cuidados/como-darle-de-comer-a-un-pichon-de-paloma/,Como alimentar a un pichon de paloma: guia segura paso a paso,9458,4
como alimentar pichon de torcaza,informacional,SI,post,https://avesnativaschilenas.cl/cuidados/como-darle-de-comer-a-un-pichon-de-paloma/,Como alimentar a un pichon de paloma: guia segura paso a paso,9458,4
como alimentar una paloma pichon,informacional,SI,post,https://avesnativaschilenas.cl/cuidados/como-darle-de-comer-a-un-pichon-de-paloma/,Como alimentar a un pichon de paloma: guia segura paso a paso,9458,4
como hacer jaula para codornices,informacional,SI,post,https://avesnativaschilenas.cl/jaulas/accesorios-para-jaulas/,Accesorios para Jaulas de Aves: Todo lo que Necesitas,15289,100
como hacer papilla para canarios,informacional,SI,post,https://avesnativaschilenas.cl/jaulas/para-canarios/,Jaulas para Canarios: Guia de Compra para tu Pajaro Cantor,15280,100
como hacer una jaula con alambre,informacional,SI,post,https://avesnativaschilenas.cl/jaulas/accesorios-para-jaulas/,Accesorios para Jaulas de Aves: Todo lo que Necesitas,15289,100
como se reproducen los gorriones,informacional,SI/Parcial,post,https://avesnativaschilenas.cl/blog/que-se-le-pone-a-los-periquitos-para-hacer-el-nido/,que se le pone a los periquitos para hacer el nido,10019,2
concentrado para gallos de pelea,mixto,SI,post,https://avesnativaschilenas.cl/jaulas/para-gallinas-ponedoras/,Jaulas para Gallinas Ponedoras: Guia de Compra 2026,15281,100
condor bus santiago viña del mar,mixto,SI/Parcial,post,https://avesnativaschilenas.cl/rapaces/rapaces-santiago/,Aves Rapaces de Santiago: Guardianes del Cielo y la Biodiversidad,10896,2
cotorra de kramer azul papillera,mixto,SI,post,https://avesnativaschilenas.cl/jaulas/para-loros/descubre-el-secreto-para-mantener-la-jaula-de-tu-loro-siempre-limpia-y-fresca/,¡Descubre el secreto para mantener la jaula de tu loro siempre limpia y fresca!,8533,100
cuanto come una codorniz por día,mixto,SI,post,https://avesnativaschilenas.cl/jaulas/para-gallinas-ponedoras/,Jaulas para Gallinas Ponedoras: Guia de Compra 2026,15281,100
cuanto vive una paloma sin comer,mixto,SI/Parcial,post,https://avesnativaschilenas.cl/cuidados/como-darle-de-comer-a-un-pichon-de-paloma/,Como alimentar a un pichon de paloma: guia segura paso a paso,9458,2
cuáles son los colores del tucán,mixto,SI/Parcial,post,https://avesnativaschilenas.cl/picaflor/que-diferencia-hay-entre-un-colibri-y-un-picaflor/,Colibrí vs Picaflor: ¿Son lo mismo? 7 diferencias clave que los distinguen,9420,2
de que se alimentan las cotorras,mixto,SI,post,https://avesnativaschilenas.cl/jaulas/para-loros/descubre-el-secreto-para-mantener-la-jaula-de-tu-loro-siempre-limpia-y-fresca/,¡Descubre el secreto para mantener la jaula de tu loro siempre limpia y fresca!,8533,100
de que se alimentan las lechuzas,mixto,SI,post,https://avesnativaschilenas.cl/cuidados/de-que-se-alimentan-las-aves/,¿De qué se alimentan las aves? Guía completa sobre la dieta aviar,11353,5
de qué color son los pavorreales,mixto,SI,post,https://avesnativaschilenas.cl/cuidados/de-que-color-son-los-huevos-de-pavo-real/,de que color son los huevos de pavo real,9364,5
dieta de periquitos australianos,informacional,SI,post,https://avesnativaschilenas.cl/jaulas/para-periquitos/,Jaulas para Periquitos: Guia de Compra Completa 2026,15284,100
diferencia de colibri y picaflor,mixto,SI,post,https://avesnativaschilenas.cl/picaflor/significado-espiritual-del-colibri-y-tatuajes-de-picaflor/,Significado espiritual del colibrí y tatuajes de picaflor: simbolismo y creencias,14221,4
diferencia de picaflor y colibri,mixto,SI,post,https://avesnativaschilenas.cl/picaflor/significado-espiritual-del-colibri-y-tatuajes-de-picaflor/,Significado espiritual del colibrí y tatuajes de picaflor: simbolismo y creencias,14221,4
diferentes pajaros y sus nombres,mixto,SI,post,https://avesnativaschilenas.cl/redes/protege-tu-jardin-como-nunca-antes-descubre-la-increible-red-anti-pajaros-de-4x15m-y-sus-fantasticas-herramientas-de-instalacion-no-dejes-que-los-pajaros-arruinen-tu-oasis-verde/,¡Protege tu jardín como nunca antes! Descubre la increíble Red Anti-pájaros de 4x15M y sus fantásticas herramientas de instalación. ¡No dejes que los pájaros arruinen tu oasis verde!,7100,3
diseño de jaulas para codornices,mixto,SI,post,https://avesnativaschilenas.cl/jaulas/accesorios-para-jaulas/,Accesorios para Jaulas de Aves: Todo lo que Necesitas,15289,100
es lo mismo colibri que picaflor,mixto,SI,post,https://avesnativaschilenas.cl/picaflor/que-diferencia-hay-entre-un-colibri-y-un-picaflor/,Colibrí vs Picaflor: ¿Son lo mismo? 7 diferencias clave que los distinguen,9420,5
especies de pajaros en argentina,informacional,SI,post,https://avesnativaschilenas.cl/blog/que-aves-se-pueden-tener-de-mascota-en-argentina/,que aves se pueden tener de mascota en argentina,10418,3
estornino significado espiritual,informacional,SI/Parcial,post,https://avesnativaschilenas.cl/picaflor/significado-espiritual-del-colibri-y-tatuajes-de-picaflor/,Significado espiritual del colibrí y tatuajes de picaflor: simbolismo y creencias,14221,2
excremento de las aves de rapiña,mixto,SI,post,https://avesnativaschilenas.cl/rapaces/excremento-de-las-aves-de-rapina/,El Curioso Mundo del Excremento de las Aves de Rapiña: Más Allá de un Simple Desecho,1903,5
fabricantes de jaulas para loros,mixto,SI,post,https://avesnativaschilenas.cl/jaulas/accesorios-para-jaulas/,Accesorios para Jaulas de Aves: Todo lo que Necesitas,15289,100
fotos de pájaros con sus nombres,mixto,SI,post,https://avesnativaschilenas.cl/jaulas/accesorios/transforma-la-jaula-de-tus-pajaros-con-yarnow-descubre-las-3-piezas-que-cambiaran-todo/,Transforma la jaula de tus pájaros con YARNOW: ¡Descubre las 3 piezas que cambiarán todo!,8717,3
historia del aguila en la biblia,informacional,SI,post,https://avesnativaschilenas.cl/aguilas/caracteristicas-de-las-aguilas-segun-la-biblia/,El Aguila en la Biblia: significado espiritual y versiculos clave,1857,4
huevos de pavo real para incubar,mixto,SI,post,https://avesnativaschilenas.cl/blog/el-pavo-real-esta-en-peligro-de-extincion/,El Pavo Real en Peligro de Extinción: Todo lo que Necesitas Saber para Protegerlo,9999,4
identificar pájaros por su canto,mixto,SI/Parcial,post,https://avesnativaschilenas.cl/cuidados/si-los-pajaros-no-se-preocupan-por-que-comer/,si los pajaros no se preocupan por que comer,9421,2
incubadoras brinsea segunda mano,comercial,NO,,,,,1
jaula de enfermeria para pajaros,mixto,SI,post,https://avesnativaschilenas.cl/jaulas/accesorios-para-jaulas/,Accesorios para Jaulas de Aves: Todo lo que Necesitas,15289,100
jaula de periquitos australianos,mixto,SI,post,https://avesnativaschilenas.cl/jaulas/accesorios-para-jaulas/,Accesorios para Jaulas de Aves: Todo lo que Necesitas,15289,100
jaula de pájaros de segunda mano,comercial,SI,post,https://avesnativaschilenas.cl/jaulas/accesorios-para-jaulas/,Accesorios para Jaulas de Aves: Todo lo que Necesitas,15289,100
jaula para canarios segunda mano,comercial,SI,post,https://avesnativaschilenas.cl/jaulas/accesorios-para-jaulas/,Accesorios para Jaulas de Aves: Todo lo que Necesitas,15289,100
jaula para cotorras australianas,mixto,SI,post,https://avesnativaschilenas.cl/jaulas/accesorios-para-jaulas/,Accesorios para Jaulas de Aves: Todo lo que Necesitas,15289,100
jaula para cuyos grandes baratas,comercial,SI,post,https://avesnativaschilenas.cl/jaulas/accesorios-para-jaulas/,Accesorios para Jaulas de Aves: Todo lo que Necesitas,15289,100
jaula para gallinas segunda mano,comercial,SI,post,https://avesnativaschilenas.cl/jaulas/accesorios-para-jaulas/,Accesorios para Jaulas de Aves: Todo lo que Necesitas,15289,100
jaula para pajaros grande precio,comercial,SI,post,https://avesnativaschilenas.cl/jaulas/accesorios-para-jaulas/,Accesorios para Jaulas de Aves: Todo lo que Necesitas,15289,100
jaula para pajaros mercado libre,mixto,SI,post,https://avesnativaschilenas.cl/jaulas/accesorios-para-jaulas/,Accesorios para Jaulas de Aves: Todo lo que Necesitas,15289,100
jaula para periquito australiano,mixto,SI,post,https://avesnativaschilenas.cl/jaulas/accesorios-para-jaulas/,Accesorios para Jaulas de Aves: Todo lo que Necesitas,15289,100
jaulas con nidos para periquitos,mixto,SI,post,https://avesnativaschilenas.cl/jaulas/accesorios-para-jaulas/,Accesorios para Jaulas de Aves: Todo lo que Necesitas,15289,100
jaulas de aluminio para canarios,mixto,SI,post,https://avesnativaschilenas.cl/jaulas/accesorios-para-jaulas/,Accesorios para Jaulas de Aves: Todo lo que Necesitas,15289,100
jaulas de concurso para canarios,mixto,SI,post,https://avesnativaschilenas.cl/jaulas/accesorios-para-jaulas/,Accesorios para Jaulas de Aves: Todo lo que Necesitas,15289,100
jaulas de madera para periquitos,mixto,SI,post,https://avesnativaschilenas.cl/jaulas/accesorios-para-jaulas/,Accesorios para Jaulas de Aves: Todo lo que Necesitas,15289,100
jaulas grandes para aves caseras,mixto,SI,post,https://avesnativaschilenas.cl/jaulas/accesorios-para-jaulas/,Accesorios para Jaulas de Aves: Todo lo que Necesitas,15289,100
jaulas italianas de segunda mano,comercial,SI,post,https://avesnativaschilenas.cl/jaulas/accesorios-para-jaulas/,Accesorios para Jaulas de Aves: Todo lo que Necesitas,15289,100
jaulas para inseparables baratas,comercial,SI,post,https://avesnativaschilenas.cl/jaulas/accesorios-para-jaulas/,Accesorios para Jaulas de Aves: Todo lo que Necesitas,15289,100
jaulas para loros grandes usadas,comercial,SI,post,https://avesnativaschilenas.cl/jaulas/accesorios-para-jaulas/,Accesorios para Jaulas de Aves: Todo lo que Necesitas,15289,100
jaulas para palomas segunda mano,comercial,SI,post,https://avesnativaschilenas.cl/jaulas/accesorios-para-jaulas/,Accesorios para Jaulas de Aves: Todo lo que Necesitas,15289,100
jaulas para pericos australianos,mixto,SI,post,https://avesnativaschilenas.cl/jaulas/accesorios-para-jaulas/,Accesorios para Jaulas de Aves: Todo lo que Necesitas,15289,100
jaulas para ratas de laboratorio,mixto,SI,post,https://avesnativaschilenas.cl/jaulas/accesorios-para-jaulas/,Accesorios para Jaulas de Aves: Todo lo que Necesitas,15289,100
jaulas para transportar canarios,mixto,SI,post,https://avesnativaschilenas.cl/jaulas/accesorios-para-jaulas/,Accesorios para Jaulas de Aves: Todo lo que Necesitas,15289,100
juan carlos copes y maría nieves,mixto,SI/Parcial,post,https://avesnativaschilenas.cl/fardela/fardela-negra-de-juan-fernandez/,"Fardela negra de Juan Fernández: características, hábitat y conservación",14186,2
juguetes interactivos para loros,mixto,SI,post,https://avesnativaschilenas.cl/jaulas/accesorios-para-jaulas/,Accesorios para Jaulas de Aves: Todo lo que Necesitas,15289,100
juguetes para loros mercadolibre,navegacional,SI,post,https://avesnativaschilenas.cl/jaulas/accesorios-para-jaulas/,Accesorios para Jaulas de Aves: Todo lo que Necesitas,15289,100
los pajaros mas bellos del mundo,mixto,SI,post,https://avesnativaschilenas.cl/blog/cual-es-el-ave-con-el-pico-mas-largo-del-mundo/,cual es el ave con el pico mas largo del mundo,9428,3
los pájaros más lindos del mundo,mixto,SI,post,https://avesnativaschilenas.cl/blog/cual-es-el-ave-con-el-pico-mas-largo-del-mundo/,cual es el ave con el pico mas largo del mundo,9428,3
medidas de voladeros para gallos,mixto,SI,post,https://avesnativaschilenas.cl/jaulas/para-gallinas-ponedoras/,Jaulas para Gallinas Ponedoras: Guia de Compra 2026,15281,100
mercado libre jaulas para gallos,mixto,SI,post,https://avesnativaschilenas.cl/jaulas/accesorios-para-jaulas/,Accesorios para Jaulas de Aves: Todo lo que Necesitas,15289,100
pajaro pecho amarillo pico largo,mixto,SI,post,https://avesnativaschilenas.cl/terrestres/mirlo/pajaro-negro-de-pico-largo/,¿Quién es el pájaro negro de pico largo? Descúbrelo aquí,11056,3
pajaros argentinos y sus nombres,mixto,SI,post,https://avesnativaschilenas.cl/redes/protege-tu-jardin-como-nunca-antes-descubre-la-increible-red-anti-pajaros-de-4x15m-y-sus-fantasticas-herramientas-de-instalacion-no-dejes-que-los-pajaros-arruinen-tu-oasis-verde/,¡Protege tu jardín como nunca antes! Descubre la increíble Red Anti-pájaros de 4x15M y sus fantásticas herramientas de instalación. ¡No dejes que los pájaros arruinen tu oasis verde!,7100,3
pajaros que puedes tener en casa,mixto,SI,post,https://avesnativaschilenas.cl/blog/loros-que-se-pueden-tener-en-casa/,loros que se pueden tener en casa,10417,4
para que no se posen las palomas,mixto,SI,post,https://avesnativaschilenas.cl/jaulas/accesorios/descubre-las-mejores-jaulas-para-tus-pajaros-4-piezas-imprescindibles-que-no-puedes-perderte/,¡Descubre las Mejores Jaulas para tus Pájaros! 4 Piezas Imprescindibles que No Puedes Perderte,8307,4
partes de una jaula para pajaros,mixto,SI,post,https://avesnativaschilenas.cl/jaulas/accesorios-para-jaulas/,Accesorios para Jaulas de Aves: Todo lo que Necesitas,15289,100
pionites leucogaster xanthomeria,mixto,NO,,,,,1
pollitos congelados para rapaces,mixto,SI,post,https://avesnativaschilenas.cl/jaulas/para-gallinas-ponedoras/,Jaulas para Gallinas Ponedoras: Guia de Compra 2026,15281,100
pollitos de pelea recien nacidos,mixto,SI,post,https://avesnativaschilenas.cl/jaulas/para-gallinas-ponedoras/,Jaulas para Gallinas Ponedoras: Guia de Compra 2026,15281,100
precio de jaulas para codornices,comercial,SI,post,https://avesnativaschilenas.cl/jaulas/accesorios-para-jaulas/,Accesorios para Jaulas de Aves: Todo lo que Necesitas,15289,100
precio de los huevos de codorniz,comercial,SI,post,https://avesnativaschilenas.cl/jaulas/para-gallinas-ponedoras/,Jaulas para Gallinas Ponedoras: Guia de Compra 2026,15281,100
precio de pajaritos australianos,comercial,SI,post,https://avesnativaschilenas.cl/jaulas/para-periquitos/,Jaulas para Periquitos: Guia de Compra Completa 2026,15284,100
precio de rascaderos para gallos,comercial,SI,post,https://avesnativaschilenas.cl/jaulas/para-gallinas-ponedoras/,Jaulas para Gallinas Ponedoras: Guia de Compra 2026,15281,100
precio de un pavo real en méxico,comercial,SI,post,https://avesnativaschilenas.cl/blog/el-pavo-real-esta-en-peligro-de-extincion/,El Pavo Real en Peligro de Extinción: Todo lo que Necesitas Saber para Protegerlo,9999,4
precios de jaulas grandes usadas,comercial,SI,post,https://avesnativaschilenas.cl/jaulas/accesorios-para-jaulas/,Accesorios para Jaulas de Aves: Todo lo que Necesitas,15289,100
pájaros argentinos y sus nombres,mixto,SI,post,https://avesnativaschilenas.cl/redes/protege-tu-jardin-como-nunca-antes-descubre-la-increible-red-anti-pajaros-de-4x15m-y-sus-fantasticas-herramientas-de-instalacion-no-dejes-que-los-pajaros-arruinen-tu-oasis-verde/,¡Protege tu jardín como nunca antes! Descubre la increíble Red Anti-pájaros de 4x15M y sus fantásticas herramientas de instalación. ¡No dejes que los pájaros arruinen tu oasis verde!,7100,3
pájaros de colores y sus nombres,mixto,SI,post,https://avesnativaschilenas.cl/redes/protege-tu-jardin-como-nunca-antes-descubre-la-increible-red-anti-pajaros-de-4x15m-y-sus-fantasticas-herramientas-de-instalacion-no-dejes-que-los-pajaros-arruinen-tu-oasis-verde/,¡Protege tu jardín como nunca antes! Descubre la increíble Red Anti-pájaros de 4x15M y sus fantásticas herramientas de instalación. ¡No dejes que los pájaros arruinen tu oasis verde!,7100,4
rascaderos para gallos de madera,mixto,SI,post,https://avesnativaschilenas.cl/jaulas/para-gallinas-ponedoras/,Jaulas para Gallinas Ponedoras: Guia de Compra 2026,15281,100
semillas de girasol para pajaros,mixto,SI,post,https://avesnativaschilenas.cl/nidos/descubre-el-hogar-ideal-para-tus-pajaros-nidos-de-cuerda-algodon-hechos-a-mano-compra-ya/,¡Descubre el hogar ideal para tus pájaros! Nidos de cuerda algodón hechos a mano. ¡Compra ya!,8645,3
semillas para pájaros silvestres,mixto,SI/Parcial,post,https://avesnativaschilenas.cl/jaulas/voladeras/,Voladeras para Aves: Como Elegir la Mejor para tus Pajaros,15277,2
significado de búho como amuleto,informacional,SI,post,https://avesnativaschilenas.cl/rapaces/lechuza/significado-de-ver-un-buho-blanco-en-la-noche/,significado de ver un buho blanco en la noche,9442,3
significado del buho en pulseras,informacional,SI,post,https://avesnativaschilenas.cl/rapaces/lechuza/significado-de-ver-un-buho-blanco-en-la-noche/,significado de ver un buho blanco en la noche,9442,3
suplemento alimenticio para aves,mixto,SI/Parcial,post,https://avesnativaschilenas.cl/jaulas/accesorios-para-jaulas/,Accesorios para Jaulas de Aves: Todo lo que Necesitas,15289,2
tamaño jaula para dos periquitos,mixto,SI,post,https://avesnativaschilenas.cl/jaulas/accesorios-para-jaulas/,Accesorios para Jaulas de Aves: Todo lo que Necesitas,15289,100
tequila jose cuervo precio chile,comercial,SI/Parcial,post,https://avesnativaschilenas.cl/cuervo/cuervo-casero/,El Cuervo Indio en Chile: Una Presencia Inesperada en Punta Arenas,11296,2
terminal condor bus viña del mar,mixto,NO,,,,,1
tipos de pájaros con sus nombres,informacional,SI,post,https://avesnativaschilenas.cl/cuidados/tipo-de-alimentacion-de-las-aves/,Descubre los Tipos de Alimentación de las Aves: Guía Completa para Entender sus Dietas,11359,3
todos los nombres de los pájaros,mixto,SI,post,https://avesnativaschilenas.cl/redes/descubre-como-esta-red-verde-de-4x10m-protege-tus-plantas-y-frutas-de-los-pajaros-imperdible/,Descubre cómo esta red verde de 4x10m protege tus plantas y frutas de los pájaros ¡Imperdible!,8502,3
venta de codornices al por mayor,comercial,SI,post,https://avesnativaschilenas.cl/jaulas/para-gallinas-ponedoras/,Jaulas para Gallinas Ponedoras: Guia de Compra 2026,15281,100
venta de codornices para consumo,comercial,SI,post,https://avesnativaschilenas.cl/jaulas/para-gallinas-ponedoras/,Jaulas para Gallinas Ponedoras: Guia de Compra 2026,15281,100
ver colibríes es de buena suerte,mixto,SI,post,https://avesnativaschilenas.cl/blog/es-de-mala-suerte-que-entre-un-pajaro-a-tu-casa/,es de mala suerte que entre un pájaro a tu casa,9406,3
voladeros de madera para pajaros,mixto,SI,post,https://avesnativaschilenas.cl/jaulas/voladeras/,Voladeras para Aves: Como Elegir la Mejor para tus Pajaros,15277,100
arboles nativos del sur de chile,mixto,SI,post,https://avesnativaschilenas.cl/blog/el-impacto-del-cambio-climatico-en-las-aves-de-chile/,¿Cómo Está Afectando el Cambio Climático a las Aves en Chile?,1950,3
accesorios para jaula de canarios,mixto,SI,post,https://avesnativaschilenas.cl/jaulas/accesorios-para-jaulas/,Accesorios para Jaulas de Aves: Todo lo que Necesitas,15289,100
accesorios para jaulas de cobayas,mixto,SI,post,https://avesnativaschilenas.cl/jaulas/accesorios-para-jaulas/,Accesorios para Jaulas de Aves: Todo lo que Necesitas,15289,100
accesorios para jaulas de pájaros,mixto,SI,post,https://avesnativaschilenas.cl/jaulas/accesorios-para-jaulas/,Accesorios para Jaulas de Aves: Todo lo que Necesitas,15289,100
agapornis roseicollis roseicollis,mixto,SI,post,https://avesnativaschilenas.cl/jaulas/para-loros/descubre-el-secreto-para-mantener-la-jaula-de-tu-loro-siempre-limpia-y-fresca/,¡Descubre el secreto para mantener la jaula de tu loro siempre limpia y fresca!,8533,100
alimentacion para aves de postura,informacional,SI,post,https://avesnativaschilenas.cl/cuidados/tipo-de-alimentacion-de-las-aves/,Descubre los Tipos de Alimentación de las Aves: Guía Completa para Entender sus Dietas,11359,4
alimentacion para gallos de pelea,informacional,SI,post,https://avesnativaschilenas.cl/jaulas/para-gallinas-ponedoras/,Jaulas para Gallinas Ponedoras: Guia de Compra 2026,15281,100
alimentacion para gallos en cuido,informacional,SI,post,https://avesnativaschilenas.cl/jaulas/para-gallinas-ponedoras/,Jaulas para Gallinas Ponedoras: Guia de Compra 2026,15281,100
alimentador para colibries casero,mixto,SI/Parcial,post,https://avesnativaschilenas.cl/nidos/transforma-tu-jardin-en-un-paraiso-para-colibries-con-nuestro-increible-kit-de-nidos/,¡Transforma tu jardín en un paraíso para colibríes con nuestro increíble kit de nidos!,8246,2
alimento balanceado para ponedora,mixto,SI,post,https://avesnativaschilenas.cl/jaulas/para-gallinas-ponedoras/,Jaulas para Gallinas Ponedoras: Guia de Compra 2026,15281,100
alimento para cochinos de engorde,mixto,SI/Parcial,post,https://avesnativaschilenas.cl/jaulas/accesorios-para-jaulas/,Accesorios para Jaulas de Aves: Todo lo que Necesitas,15289,2
alimento para cotorras argentinas,mixto,SI,post,https://avesnativaschilenas.cl/jaulas/para-loros/descubre-el-secreto-para-mantener-la-jaula-de-tu-loro-siempre-limpia-y-fresca/,¡Descubre el secreto para mantener la jaula de tu loro siempre limpia y fresca!,8533,100
alimento para gallo mantenimiento,mixto,SI,post,https://avesnativaschilenas.cl/jaulas/para-gallinas-ponedoras/,Jaulas para Gallinas Ponedoras: Guia de Compra 2026,15281,100
alimento para pollitas de postura,mixto,SI/Parcial,post,https://avesnativaschilenas.cl/jaulas/accesorios-para-jaulas/,Accesorios para Jaulas de Aves: Todo lo que Necesitas,15289,2
amanecer en la playa las gaviotas,mixto,SI,post,https://avesnativaschilenas.cl/blog/grupo-de-aves-marinas-al-que-pertenecen-las-gaviotas/,Grupo de aves marinas al que pertenecen las gaviotas: guia de la familia Laridae en Chile,9156,4
ave que construye nidos colgantes,mixto,SI,post,https://avesnativaschilenas.cl/jaulas/nidos-para-aves/,"Nidos para Aves: Tipos, Materiales y Como Elegir el Mejor",15288,100
aves de chile martinez y gonzalez,mixto,SI,post,https://avesnativaschilenas.cl/blog/importancia-de-las-aves-en-chile/,Importancia de las aves en Chile: su rol en los ecosistemas y la conservacion nacional,15082,4
aves del sur de chile y patagonia,mixto,SI,post,https://avesnativaschilenas.cl/blog/importancia-de-las-aves-en-chile/,Importancia de las aves en Chile: su rol en los ecosistemas y la conservacion nacional,15082,4
bebederos y comederos para gallos,mixto,SI,post,https://avesnativaschilenas.cl/tienda/comederos/,Los mejores comederos para jaulas de pájaros : guía de compra y recomendaciones,2194,100
casa para periquitos australianos,mixto,SI,post,https://avesnativaschilenas.cl/jaulas/para-periquitos/,Jaulas para Periquitos: Guia de Compra Completa 2026,15284,100
clases de periquitos australianos,mixto,SI,post,https://avesnativaschilenas.cl/jaulas/para-periquitos/,Jaulas para Periquitos: Guia de Compra Completa 2026,15284,100
colores de pajaritos australianos,mixto,SI,post,https://avesnativaschilenas.cl/jaulas/para-periquitos/,Jaulas para Periquitos: Guia de Compra Completa 2026,15284,100
comedero y bebedero para pollitos,mixto,SI,post,https://avesnativaschilenas.cl/tienda/comederos/,Los mejores comederos para jaulas de pájaros : guía de compra y recomendaciones,2194,100
comederos caseros para codornices,mixto,SI,post,https://avesnativaschilenas.cl/tienda/comederos/,Los mejores comederos para jaulas de pájaros : guía de compra y recomendaciones,2194,100
comederos exteriores para pajaros,mixto,SI,post,https://avesnativaschilenas.cl/tienda/comederos/,Los mejores comederos para jaulas de pájaros : guía de compra y recomendaciones,2194,100
comederos para codornices caseros,mixto,SI,post,https://avesnativaschilenas.cl/tienda/comederos/,Los mejores comederos para jaulas de pájaros : guía de compra y recomendaciones,2194,100
comederos para jaulas de canarios,mixto,SI,post,https://avesnativaschilenas.cl/jaulas/accesorios-para-jaulas/,Accesorios para Jaulas de Aves: Todo lo que Necesitas,15289,100
comederos para palomas mensajeras,mixto,SI,post,https://avesnativaschilenas.cl/tienda/comederos/,Los mejores comederos para jaulas de pájaros : guía de compra y recomendaciones,2194,100
comederos para periquitos caseros,mixto,SI,post,https://avesnativaschilenas.cl/tienda/comederos/,Los mejores comederos para jaulas de pájaros : guía de compra y recomendaciones,2194,100
comederos para pájaros reciclados,mixto,SI,post,https://avesnativaschilenas.cl/tienda/comederos/,Los mejores comederos para jaulas de pájaros : guía de compra y recomendaciones,2194,100
comederos periquitos australianos,mixto,SI,post,https://avesnativaschilenas.cl/tienda/comederos/,Los mejores comederos para jaulas de pájaros : guía de compra y recomendaciones,2194,100
comederos y bebederos para gallos,mixto,SI,post,https://avesnativaschilenas.cl/tienda/comederos/,Los mejores comederos para jaulas de pájaros : guía de compra y recomendaciones,2194,100
comederos y bebederos para ninfas,mixto,SI,post,https://avesnativaschilenas.cl/tienda/comederos/,Los mejores comederos para jaulas de pájaros : guía de compra y recomendaciones,2194,100
como alimentar pichones de paloma,informacional,SI,post,https://avesnativaschilenas.cl/cuidados/como-darle-de-comer-a-un-pichon-de-paloma/,Como alimentar a un pichon de paloma: guia segura paso a paso,9458,4
como alimentar una tórtola pichón,informacional,SI,post,https://avesnativaschilenas.cl/cuidados/como-darle-de-comer-a-un-pichon-de-paloma/,Como alimentar a un pichon de paloma: guia segura paso a paso,9458,3
como armar una jaula para pajaros,informacional,SI,post,https://avesnativaschilenas.cl/jaulas/accesorios-para-jaulas/,Accesorios para Jaulas de Aves: Todo lo que Necesitas,15289,100
como cuidar a un pichon de paloma,informacional,SI,post,https://avesnativaschilenas.cl/cuidados/como-darle-de-comer-a-un-pichon-de-paloma/,Como alimentar a un pichon de paloma: guia segura paso a paso,9458,6
como debe ser la jaula de un loro,informacional,SI,post,https://avesnativaschilenas.cl/jaulas/accesorios-para-jaulas/,Accesorios para Jaulas de Aves: Todo lo que Necesitas,15289,100
como hacer una jaula para pajaros,informacional,SI,post,https://avesnativaschilenas.cl/jaulas/accesorios-para-jaulas/,Accesorios para Jaulas de Aves: Todo lo que Necesitas,15289,100
como se hace papilla para pajaros,informacional,SI,post,https://avesnativaschilenas.cl/jaulas/voladeras/,Voladeras para Aves: Como Elegir la Mejor para tus Pajaros,15277,3
condor andino national geographic,mixto,SI/Parcial,post,https://avesnativaschilenas.cl/rapaces/condor-andino-caracteristicas-habitat-y-donde-verlo-en-chile/,"Condor Andino: Caracteristicas, Habitat y Donde Verlo en Chile",11832,2
cotorra argentina cabeza amarilla,mixto,SI,post,https://avesnativaschilenas.cl/jaulas/para-loros/descubre-el-secreto-para-mantener-la-jaula-de-tu-loro-siempre-limpia-y-fresca/,¡Descubre el secreto para mantener la jaula de tu loro siempre limpia y fresca!,8533,100
cotorra argentina caracteristicas,informacional,SI,post,https://avesnativaschilenas.cl/jaulas/para-loros/descubre-el-secreto-para-mantener-la-jaula-de-tu-loro-siempre-limpia-y-fresca/,¡Descubre el secreto para mantener la jaula de tu loro siempre limpia y fresca!,8533,100
cuanto vive una cotorra argentina,mixto,SI,post,https://avesnativaschilenas.cl/jaulas/para-loros/descubre-el-secreto-para-mantener-la-jaula-de-tu-loro-siempre-limpia-y-fresca/,¡Descubre el secreto para mantener la jaula de tu loro siempre limpia y fresca!,8533,100
cuál es el ave nacional argentina,mixto,SI,post,https://avesnativaschilenas.cl/rapaces/porque-el-condor-es-el-ave-nacional-de-colombia/,porque el condor es el ave nacional de colombia,9444,4
cuál es el precio de un pavo real,comercial,SI,post,https://avesnativaschilenas.cl/blog/el-pavo-real-esta-en-peligro-de-extincion/,El Pavo Real en Peligro de Extinción: Todo lo que Necesitas Saber para Protegerlo,9999,4
cuáles son los pájaros que hablan,mixto,SI,post,https://avesnativaschilenas.cl/cuidados/si-los-pajaros-no-se-preocupan-por-que-comer/,si los pajaros no se preocupan por que comer,9421,3
danza contemporanea martha graham,mixto,NO,,,,,0
de que color son los pavos reales,mixto,SI,post,https://avesnativaschilenas.cl/cuidados/de-que-color-son-los-huevos-de-pavo-real/,de que color son los huevos de pavo real,9364,5
de que se alimentan los gorriones,mixto,SI,post,https://avesnativaschilenas.cl/pato/donde-viven-los-patos-y-de-que-se-alimentan/,Donde viven los patos y de que se alimentan: guia completa de aves acuaticas en Chile,9370,5
diamante mandarin mejillas negras,mixto,SI/Parcial,post,https://avesnativaschilenas.cl/cuidados/guia-completa-para-el-cuidado-de-tu-diamante-mandarin-primeros-pasos-esenciales-para-asegurar-su-bienestar/,Guía Completa para el Cuidado de tu Diamante Mandarín: Primeros Pasos Esenciales para Asegurar su Bienestar,7383,2
diferencia entre caburé y lechuza,mixto,SI,post,https://avesnativaschilenas.cl/picaflor/que-diferencia-hay-entre-un-colibri-y-un-picaflor/,Colibrí vs Picaflor: ¿Son lo mismo? 7 diferencias clave que los distinguen,9420,3
el águila en la biblia versículos,mixto,SI,post,https://avesnativaschilenas.cl/aguilas/caracteristicas-de-las-aguilas-segun-la-biblia/,El Aguila en la Biblia: significado espiritual y versiculos clave,1857,6
enseñanza del aguila en la biblia,mixto,SI,post,https://avesnativaschilenas.cl/aguilas/caracteristicas-de-las-aguilas-segun-la-biblia/,El Aguila en la Biblia: significado espiritual y versiculos clave,1857,4
excremento de paloma enfermedades,mixto,SI/Parcial,post,https://avesnativaschilenas.cl/cuidados/piojos-de-paloma/,Piojos de Paloma: Como Identificarlos y Eliminarlos,15250,2
golondrina significado espiritual,informacional,SI/Parcial,post,https://avesnativaschilenas.cl/picaflor/significado-espiritual-del-colibri-y-tatuajes-de-picaflor/,Significado espiritual del colibrí y tatuajes de picaflor: simbolismo y creencias,14221,2
gorriones en peligro de extinción,informacional,SI,post,https://avesnativaschilenas.cl/fardela/fardela-de-phoenix/,Fardela de Phoenix: el petrel blanquinegro en peligro de extinción,14189,4
huevos de codorniz fertiles venta,comercial,SI,post,https://avesnativaschilenas.cl/jaulas/para-gallinas-ponedoras/,Jaulas para Gallinas Ponedoras: Guia de Compra 2026,15281,100
imágenes de pájaros y sus nombres,mixto,SI,post,https://avesnativaschilenas.cl/redes/protege-tu-jardin-como-nunca-antes-descubre-la-increible-red-anti-pajaros-de-4x15m-y-sus-fantasticas-herramientas-de-instalacion-no-dejes-que-los-pajaros-arruinen-tu-oasis-verde/,¡Protege tu jardín como nunca antes! Descubre la increíble Red Anti-pájaros de 4x15M y sus fantásticas herramientas de instalación. ¡No dejes que los pájaros arruinen tu oasis verde!,7100,4
incubación de huevos de pavo real,mixto,SI,post,https://avesnativaschilenas.cl/cuidados/de-que-color-son-los-huevos-de-pavo-real/,de que color son los huevos de pavo real,9364,4
jaula de canarios de segunda mano,comercial,SI,post,https://avesnativaschilenas.cl/jaulas/accesorios-para-jaulas/,Accesorios para Jaulas de Aves: Todo lo que Necesitas,15289,100
jaula de exposicion para canarios,mixto,SI,post,https://avesnativaschilenas.cl/jaulas/accesorios-para-jaulas/,Accesorios para Jaulas de Aves: Todo lo que Necesitas,15289,100
jaula pajaros grande segunda mano,comercial,SI,post,https://avesnativaschilenas.cl/jaulas/accesorios-para-jaulas/,Accesorios para Jaulas de Aves: Todo lo que Necesitas,15289,100
jaulas de concurso para jilgueros,mixto,SI,post,https://avesnativaschilenas.cl/jaulas/accesorios-para-jaulas/,Accesorios para Jaulas de Aves: Todo lo que Necesitas,15289,100
jaulas de pajaros para decoracion,mixto,SI,post,https://avesnativaschilenas.cl/jaulas/accesorios-para-jaulas/,Accesorios para Jaulas de Aves: Todo lo que Necesitas,15289,100
jaulas de pajaros usadas en venta,comercial,SI,post,https://avesnativaschilenas.cl/jaulas/accesorios-para-jaulas/,Accesorios para Jaulas de Aves: Todo lo que Necesitas,15289,100
jaulas individuales para canarios,mixto,SI,post,https://avesnativaschilenas.cl/jaulas/accesorios-para-jaulas/,Accesorios para Jaulas de Aves: Todo lo que Necesitas,15289,100
jaulas individuales para gallinas,mixto,SI,post,https://avesnativaschilenas.cl/jaulas/accesorios-para-jaulas/,Accesorios para Jaulas de Aves: Todo lo que Necesitas,15289,100
jaulas para 100 pollos de engorde,mixto,SI,post,https://avesnativaschilenas.cl/jaulas/accesorios-para-jaulas/,Accesorios para Jaulas de Aves: Todo lo que Necesitas,15289,100
jaulas para cobayas hechas a mano,mixto,SI,post,https://avesnativaschilenas.cl/jaulas/accesorios-para-jaulas/,Accesorios para Jaulas de Aves: Todo lo que Necesitas,15289,100
jaulas para codornices de postura,mixto,SI,post,https://avesnativaschilenas.cl/jaulas/accesorios-para-jaulas/,Accesorios para Jaulas de Aves: Todo lo que Necesitas,15289,100
jaulas para loros grandes baratas,comercial,SI,post,https://avesnativaschilenas.cl/jaulas/accesorios-para-jaulas/,Accesorios para Jaulas de Aves: Todo lo que Necesitas,15289,100
jaulas para pajaros con separador,mixto,SI,post,https://avesnativaschilenas.cl/jaulas/accesorios-para-jaulas/,Accesorios para Jaulas de Aves: Todo lo que Necesitas,15289,100
jaulas para pajaros hechas a mano,mixto,SI,post,https://avesnativaschilenas.cl/jaulas/accesorios-para-jaulas/,Accesorios para Jaulas de Aves: Todo lo que Necesitas,15289,100
jaulas para pájaros usadas precio,comercial,SI,post,https://avesnativaschilenas.cl/jaulas/accesorios-para-jaulas/,Accesorios para Jaulas de Aves: Todo lo que Necesitas,15289,100
la ponedora alimentos balanceados,mixto,SI,post,https://avesnativaschilenas.cl/jaulas/para-gallinas-ponedoras/,Jaulas para Gallinas Ponedoras: Guia de Compra 2026,15281,100
loros que se pueden tener en casa,mixto,SI,post,https://avesnativaschilenas.cl/jaulas/para-loros/descubre-el-secreto-para-mantener-la-jaula-de-tu-loro-siempre-limpia-y-fresca/,¡Descubre el secreto para mantener la jaula de tu loro siempre limpia y fresca!,8533,100
los pájaros más bonitos del mundo,mixto,SI,post,https://avesnativaschilenas.cl/blog/cual-es-el-ave-con-el-pico-mas-largo-del-mundo/,cual es el ave con el pico mas largo del mundo,9428,3
medidas nidos para ninfas caseros,mixto,SI,post,https://avesnativaschilenas.cl/jaulas/para-ninfas/,Jaulas para Ninfas (Cockatiel): Guia de Compra y Medidas Ideales,15285,100
mensualidad nido de aguilas chile,mixto,SI,post,https://avesnativaschilenas.cl/jaulas/nidos-para-aves/,"Nidos para Aves: Tipos, Materiales y Como Elegir el Mejor",15288,100
mercado libre jaulas para pajaros,mixto,SI,post,https://avesnativaschilenas.cl/jaulas/accesorios-para-jaulas/,Accesorios para Jaulas de Aves: Todo lo que Necesitas,15289,100
orquídea garza blanca significado,informacional,SI/Parcial,post,https://avesnativaschilenas.cl/rapaces/lechuza/significado-de-ver-una-lechuza-blanca-en-la-noche/,significado de ver una lechuza blanca en la noche,9451,2
pajaros que hacen nidos colgantes,mixto,SI,post,https://avesnativaschilenas.cl/jaulas/nidos-para-aves/,"Nidos para Aves: Tipos, Materiales y Como Elegir el Mejor",15288,100
pericos australianos alimentacion,informacional,SI,post,https://avesnativaschilenas.cl/jaulas/para-periquitos/,Jaulas para Periquitos: Guia de Compra Completa 2026,15284,100
periquitos australianos amarillos,mixto,SI,post,https://avesnativaschilenas.cl/jaulas/para-periquitos/,Jaulas para Periquitos: Guia de Compra Completa 2026,15284,100
pichon de paloma como alimentarlo,informacional,SI,post,https://avesnativaschilenas.cl/cuidados/como-darle-de-comer-a-un-pichon-de-paloma/,Como alimentar a un pichon de paloma: guia segura paso a paso,9458,4
pulgas de paloma como eliminarlos,informacional,SI,post,https://avesnativaschilenas.cl/cuidados/piojos-de-paloma/,Piojos de Paloma: Como Identificarlos y Eliminarlos,15250,4
pájaros de colores como se llaman,informacional,SI,post,https://avesnativaschilenas.cl/redes/descubre-como-esta-red-verde-de-4x10m-protege-tus-plantas-y-frutas-de-los-pajaros-imperdible/,Descubre cómo esta red verde de 4x10m protege tus plantas y frutas de los pájaros ¡Imperdible!,8502,3
que alimento comen las codornices,mixto,SI,post,https://avesnativaschilenas.cl/jaulas/para-gallinas-ponedoras/,Jaulas para Gallinas Ponedoras: Guia de Compra 2026,15281,100
rascaderos para gallos 1x1 precio,comercial,SI,post,https://avesnativaschilenas.cl/jaulas/para-gallinas-ponedoras/,Jaulas para Gallinas Ponedoras: Guia de Compra 2026,15281,100
rejillas y conectores para jaulas,mixto,SI,post,https://avesnativaschilenas.cl/jaulas/accesorios-para-jaulas/,Accesorios para Jaulas de Aves: Todo lo que Necesitas,15289,100
se puede tener un loro de mascota,mixto,SI,post,https://avesnativaschilenas.cl/jaulas/para-loros/descubre-el-secreto-para-mantener-la-jaula-de-tu-loro-siempre-limpia-y-fresca/,¡Descubre el secreto para mantener la jaula de tu loro siempre limpia y fresca!,8533,100
semillas que comen las codornices,mixto,SI,post,https://avesnativaschilenas.cl/jaulas/para-gallinas-ponedoras/,Jaulas para Gallinas Ponedoras: Guia de Compra 2026,15281,100
significado de colibrí espiritual,informacional,SI,post,https://avesnativaschilenas.cl/picaflor/significado-espiritual-del-colibri-y-tatuajes-de-picaflor/,Significado espiritual del colibrí y tatuajes de picaflor: simbolismo y creencias,14221,4
tipo de alimentacion de los patos,informacional,SI,post,https://avesnativaschilenas.cl/cuidados/tipo-de-alimentacion-de-las-aves/,Descubre los Tipos de Alimentación de las Aves: Guía Completa para Entender sus Dietas,11359,4
tipos de alimentacion de las aves,informacional,SI,post,https://avesnativaschilenas.cl/cuidados/tipo-de-alimentacion-de-las-aves/,Descubre los Tipos de Alimentación de las Aves: Guía Completa para Entender sus Dietas,11359,5
tipos de pajaros y su significado,informacional,SI,post,https://avesnativaschilenas.cl/blog/aves-y-espiritualidad-guia-completa-para-entender-su-simbolismo/,"Significado espiritual de las aves: simbolismo, mensajes y sueños",9513,4
trampas para palomas con botellas,mixto,SI,post,https://avesnativaschilenas.cl/jaulas/portatiles/descubre-la-jaula-plegable-perfecta-para-tus-mascotas-ideal-para-viajar-con-palomas-y-conejos/,Descubre la jaula plegable perfecta para tus mascotas: ¡ideal para viajar con palomas y conejos!,8605,3
tramperas para palomas mensajeras,mixto,SI/Parcial,post,https://avesnativaschilenas.cl/jaulas/portatiles/descubre-la-jaula-plegable-perfecta-para-tus-mascotas-ideal-para-viajar-con-palomas-y-conejos/,Descubre la jaula plegable perfecta para tus mascotas: ¡ideal para viajar con palomas y conejos!,8605,2
variedades de pájaros carpinteros,mixto,SI/Parcial,post,https://avesnativaschilenas.cl/rapaces/lechuza/pajaros-blancos-que-vuelan-de-noche/,5 Fascinantes Pájaros Blancos que Vuelan de Noche,11061,2
venta de jaulas grandes para aves,comercial,SI,post,https://avesnativaschilenas.cl/jaulas/accesorios-para-jaulas/,Accesorios para Jaulas de Aves: Todo lo que Necesitas,15289,100
versiculo del aguila en la biblia,mixto,SI,post,https://avesnativaschilenas.cl/aguilas/caracteristicas-de-las-aguilas-segun-la-biblia/,El Aguila en la Biblia: significado espiritual y versiculos clave,1857,4
versículo del águila en la biblia,mixto,SI,post,https://avesnativaschilenas.cl/aguilas/caracteristicas-de-las-aguilas-segun-la-biblia/,El Aguila en la Biblia: significado espiritual y versiculos clave,1857,4
voladeros de 2 metros para gallos,mixto,SI,post,https://avesnativaschilenas.cl/jaulas/para-gallinas-ponedoras/,Jaulas para Gallinas Ponedoras: Guia de Compra 2026,15281,100
caracteristicas del condor andino,informacional,SI,post,https://avesnativaschilenas.cl/rapaces/condor-andino-caracteristicas-habitat-y-donde-verlo-en-chile/,"Condor Andino: Caracteristicas, Habitat y Donde Verlo en Chile",11832,3
alimentacion periquito australiano,informacional,SI,post,https://avesnativaschilenas.cl/jaulas/para-periquitos/,Jaulas para Periquitos: Guia de Compra Completa 2026,15284,100
alimentos prohibidos para canarios,mixto,SI,post,https://avesnativaschilenas.cl/jaulas/para-canarios/,Jaulas para Canarios: Guia de Compra para tu Pajaro Cantor,15280,100
alimentos prohibidos para cotorras,mixto,SI,post,https://avesnativaschilenas.cl/jaulas/para-loros/descubre-el-secreto-para-mantener-la-jaula-de-tu-loro-siempre-limpia-y-fresca/,¡Descubre el secreto para mantener la jaula de tu loro siempre limpia y fresca!,8533,100
arboles nativos zona central chile,mixto,SI/Parcial,post,https://avesnativaschilenas.cl/blog/animales-en-peligro-de-extincion-en-chile-zona-centro/,animales en peligro de extinción en chile zona centro,9365,2
ave asiática galliforme sin cresta,mixto,SI,page,https://avesnativaschilenas.cl/ave-asiatica-galliforme-sin-cresta-cola-larga/,Ave Asiatica Galliforme Sin Cresta de Cola Muy Larga: Identificacion,14122,5
bailarín de tango argentino famoso,mixto,SI/Parcial,post,https://avesnativaschilenas.cl/rapaces/bailarin/,"Pajaro Bailarín, la Elegante Ave de Rapiña de Chile",1694,2
bebederos automaticos para pajaros,mixto,SI,post,https://avesnativaschilenas.cl/tienda/comederos/,Los mejores comederos para jaulas de pájaros : guía de compra y recomendaciones,2194,100
bebederos y comederos para palomas,mixto,SI,post,https://avesnativaschilenas.cl/tienda/comederos/,Los mejores comederos para jaulas de pájaros : guía de compra y recomendaciones,2194,100
búho blanco significado espiritual,informacional,SI,post,https://avesnativaschilenas.cl/rapaces/lechuza/significado-de-ver-un-buho-blanco-en-la-noche/,significado de ver un buho blanco en la noche,9442,3
características de la garza blanca,informacional,SI,post,https://avesnativaschilenas.cl/fardela/fardela-blanca-de-juan-fernandez/,¿Conoces la Fardela Blanca de Juan Fernández? Descúbrela Aquí,11063,3
codornices cuidados y alimentacion,informacional,SI,post,https://avesnativaschilenas.cl/jaulas/para-gallinas-ponedoras/,Jaulas para Gallinas Ponedoras: Guia de Compra 2026,15281,100
colores de periquitos australianos,mixto,SI,post,https://avesnativaschilenas.cl/jaulas/para-periquitos/,Jaulas para Periquitos: Guia de Compra Completa 2026,15284,100
comedero para canarios en voladera,mixto,SI,post,https://avesnativaschilenas.cl/tienda/comederos/,Los mejores comederos para jaulas de pájaros : guía de compra y recomendaciones,2194,100
comedero para pájaros con botellas,mixto,SI,post,https://avesnativaschilenas.cl/tienda/comederos/,Los mejores comederos para jaulas de pájaros : guía de compra y recomendaciones,2194,100
comederos artesanales para pajaros,mixto,SI,post,https://avesnativaschilenas.cl/tienda/comederos/,Los mejores comederos para jaulas de pájaros : guía de compra y recomendaciones,2194,100
comederos exteriores para canarios,mixto,SI,post,https://avesnativaschilenas.cl/tienda/comederos/,Los mejores comederos para jaulas de pájaros : guía de compra y recomendaciones,2194,100
comederos interiores para canarios,mixto,SI,post,https://avesnativaschilenas.cl/tienda/comederos/,Los mejores comederos para jaulas de pájaros : guía de compra y recomendaciones,2194,100
comederos para pajaros en balcones,mixto,SI,post,https://avesnativaschilenas.cl/tienda/comederos/,Los mejores comederos para jaulas de pájaros : guía de compra y recomendaciones,2194,100
comederos para pájaros en balcones,mixto,SI,post,https://avesnativaschilenas.cl/tienda/comederos/,Los mejores comederos para jaulas de pájaros : guía de compra y recomendaciones,2194,100
comederos y bebederos para palomas,mixto,SI,post,https://avesnativaschilenas.cl/tienda/comederos/,Los mejores comederos para jaulas de pájaros : guía de compra y recomendaciones,2194,100
como alimentar a una paloma pichon,informacional,SI,post,https://avesnativaschilenas.cl/cuidados/como-darle-de-comer-a-un-pichon-de-paloma/,Como alimentar a un pichon de paloma: guia segura paso a paso,9458,5
como alimentar un pichon de paloma,informacional,SI,post,https://avesnativaschilenas.cl/cuidados/como-darle-de-comer-a-un-pichon-de-paloma/,Como alimentar a un pichon de paloma: guia segura paso a paso,9458,6
como atraer gorriones a mi terraza,informacional,SI,post,https://avesnativaschilenas.cl/gorrion/como-atraer-gorriones-a-mi-terraza-consejos-practicos/,Cómo Atraer Gorriones a tu Terraza: Guía Paso a Paso,9826,6
como se llama la comida de pajaros,informacional,SI,post,https://avesnativaschilenas.cl/jaulas/para-loros/descubre-como-esta-jaula-para-pajaros-puede-transformar-la-vida-de-tus-loros-esta-noche/,¡Descubre cómo esta jaula para pájaros puede transformar la vida de tus loros esta noche!,8366,4
como son las pulgas de las palomas,informacional,SI,post,https://avesnativaschilenas.cl/nidos/descubre-como-las-20-piezas-de-hapinary-transformaran-la-cria-de-tus-palomas-no-lo-creeras/,Descubre cómo las 20 piezas de HAPINARY transformarán la cría de tus palomas ¡no lo creerás!,7623,4
criadero de aves exoticas en chile,mixto,SI,post,https://avesnativaschilenas.cl/blog/importancia-de-las-aves-en-chile/,Importancia de las aves en Chile: su rol en los ecosistemas y la conservacion nacional,15082,4
cuanto vale una jaula para pajaros,mixto,SI,post,https://avesnativaschilenas.cl/jaulas/accesorios-para-jaulas/,Accesorios para Jaulas de Aves: Todo lo que Necesitas,15289,100
cóndor andino peligro de extinción,informacional,SI,post,https://avesnativaschilenas.cl/fardela/fardela-de-phoenix/,Fardela de Phoenix: el petrel blanquinegro en peligro de extinción,14189,3
de que se alimenta un colibri bebe,mixto,SI,post,https://avesnativaschilenas.cl/cuidados/que-se-le-puede-dar-de-comer-a-un-pichon-de-paloma/,que se le puede dar de comer a un pichon de paloma,9410,4
de que se alimentan las codornices,mixto,SI,post,https://avesnativaschilenas.cl/jaulas/para-gallinas-ponedoras/,Jaulas para Gallinas Ponedoras: Guia de Compra 2026,15281,100
el aguila en la biblia significado,informacional,SI,post,https://avesnativaschilenas.cl/aguilas/caracteristicas-de-las-aguilas-segun-la-biblia/,El Aguila en la Biblia: significado espiritual y versiculos clave,1857,6
el mejor pajaro para tener en casa,comercial,SI,post,https://avesnativaschilenas.cl/cuidados/cual-es-el-mejor-pajaro-para-tener-en-casa/,cuál es el mejor pájaro para tener en casa,9452,7
el nido del condor precio colombia,comercial,SI,post,https://avesnativaschilenas.cl/jaulas/nidos-para-aves/,"Nidos para Aves: Tipos, Materiales y Como Elegir el Mejor",15288,100
el proceso del águila en la biblia,mixto,SI,post,https://avesnativaschilenas.cl/aguilas/caracteristicas-de-las-aguilas-segun-la-biblia/,El Aguila en la Biblia: significado espiritual y versiculos clave,1857,5
guía de campo de las aves de chile,mixto,SI,post,https://avesnativaschilenas.cl/blog/grupo-de-aves-marinas-al-que-pertenecen-las-gaviotas/,Grupo de aves marinas al que pertenecen las gaviotas: guia de la familia Laridae en Chile,9156,5
información sobre el cóndor andino,informacional,SI/Parcial,post,https://avesnativaschilenas.cl/rapaces/condor-andino-caracteristicas-habitat-y-donde-verlo-en-chile/,"Condor Andino: Caracteristicas, Habitat y Donde Verlo en Chile",11832,2
información sobre los pavos reales,informacional,SI/Parcial,post,https://avesnativaschilenas.cl/zanate/mitos-y-creencias-sobre-los-zanates-de-verdad-traen-mala-suerte/,Mitos y Creencias sobre los Zanates: De Verdad Traen Mala Suerte?,9776,2
isaac hernandez auditorio nacional,mixto,NO,,,,,1
jaula para cotorritas australianas,mixto,SI,post,https://avesnativaschilenas.cl/jaulas/accesorios-para-jaulas/,Accesorios para Jaulas de Aves: Todo lo que Necesitas,15289,100
jaula para criar pollos de engorde,mixto,SI,post,https://avesnativaschilenas.cl/jaulas/accesorios-para-jaulas/,Accesorios para Jaulas de Aves: Todo lo que Necesitas,15289,100
jaula para gallina ponedora casera,mixto,SI,post,https://avesnativaschilenas.cl/jaulas/accesorios-para-jaulas/,Accesorios para Jaulas de Aves: Todo lo que Necesitas,15289,100
jaula para pajaros usadas en venta,comercial,SI,post,https://avesnativaschilenas.cl/jaulas/accesorios-para-jaulas/,Accesorios para Jaulas de Aves: Todo lo que Necesitas,15289,100
jaula para pollitos recién nacidos,mixto,SI,post,https://avesnativaschilenas.cl/jaulas/accesorios-para-jaulas/,Accesorios para Jaulas de Aves: Todo lo que Necesitas,15289,100
jaula trampa balancin para pajaros,mixto,SI,post,https://avesnativaschilenas.cl/jaulas/accesorios-para-jaulas/,Accesorios para Jaulas de Aves: Todo lo que Necesitas,15289,100
jaula trampa balancin para pájaros,mixto,SI,post,https://avesnativaschilenas.cl/jaulas/accesorios-para-jaulas/,Accesorios para Jaulas de Aves: Todo lo que Necesitas,15289,100
jaulas de madera para aves grandes,mixto,SI,post,https://avesnativaschilenas.cl/jaulas/accesorios-para-jaulas/,Accesorios para Jaulas de Aves: Todo lo que Necesitas,15289,100
jaulas grandes para pajaros amazon,navegacional,SI,post,https://avesnativaschilenas.cl/jaulas/accesorios-para-jaulas/,Accesorios para Jaulas de Aves: Todo lo que Necesitas,15289,100
jaulas grandes para pájaros amazon,navegacional,SI,post,https://avesnativaschilenas.cl/jaulas/accesorios-para-jaulas/,Accesorios para Jaulas de Aves: Todo lo que Necesitas,15289,100
jaulas para agapornis segunda mano,comercial,SI,post,https://avesnativaschilenas.cl/jaulas/accesorios-para-jaulas/,Accesorios para Jaulas de Aves: Todo lo que Necesitas,15289,100
jaulas para centro de mesa vintage,mixto,SI,post,https://avesnativaschilenas.cl/jaulas/accesorios-para-jaulas/,Accesorios para Jaulas de Aves: Todo lo que Necesitas,15289,100
jaulas para gallos finos de madera,mixto,SI,post,https://avesnativaschilenas.cl/jaulas/accesorios-para-jaulas/,Accesorios para Jaulas de Aves: Todo lo que Necesitas,15289,100
jaulas para guacamayos puerto rico,mixto,SI,post,https://avesnativaschilenas.cl/jaulas/accesorios-para-jaulas/,Accesorios para Jaulas de Aves: Todo lo que Necesitas,15289,100
jaulas para pajaros con divisiones,mixto,SI,post,https://avesnativaschilenas.cl/jaulas/accesorios-para-jaulas/,Accesorios para Jaulas de Aves: Todo lo que Necesitas,15289,100
jaulas para pajaros usadas precios,comercial,SI,post,https://avesnativaschilenas.cl/jaulas/accesorios-para-jaulas/,Accesorios para Jaulas de Aves: Todo lo que Necesitas,15289,100
jaulas para transporte de gallinas,mixto,SI,post,https://avesnativaschilenas.cl/jaulas/accesorios-para-jaulas/,Accesorios para Jaulas de Aves: Todo lo que Necesitas,15289,100
lechuza vizcachera características,informacional,SI/Parcial,post,https://avesnativaschilenas.cl/rapaces/lechuza/que-hace-que-los-buhos-sean-unas-aves-tan-formidables/,Qué Hace que los Búhos Sean Aves Formidables: Características y Curiosidades,11053,2
los pájaros más hermosos del mundo,mixto,SI,post,https://avesnativaschilenas.cl/blog/cual-es-el-ave-con-el-pico-mas-largo-del-mundo/,cual es el ave con el pico mas largo del mundo,9428,3
medidas de un voladero para gallos,mixto,SI,post,https://avesnativaschilenas.cl/jaulas/para-gallinas-ponedoras/,Jaulas para Gallinas Ponedoras: Guia de Compra 2026,15281,100
mejores pajaros para tener en casa,comercial,SI,post,https://avesnativaschilenas.cl/cuidados/cual-es-el-mejor-pajaro-para-tener-en-casa/,cuál es el mejor pájaro para tener en casa,9452,4
mercado libre jaulas para canarios,mixto,SI,post,https://avesnativaschilenas.cl/jaulas/accesorios-para-jaulas/,Accesorios para Jaulas de Aves: Todo lo que Necesitas,15289,100
mutaciones periquitos australianos,mixto,SI,post,https://avesnativaschilenas.cl/jaulas/para-periquitos/,Jaulas para Periquitos: Guia de Compra Completa 2026,15284,100
pajaros nombres de aves en español,mixto,SI,post,https://avesnativaschilenas.cl/nidos/transforma-tu-jardin-en-un-paraiso-para-aves-con-nuestra-casa-de-pajaros-de-madera-resistente/,¡Transforma tu jardín en un paraíso para aves con nuestra casa de pájaros de madera resistente!,8000,4
paloma gris significado espiritual,informacional,SI,post,https://avesnativaschilenas.cl/blog/que-significa-la-visita-de-un-pajaro-gris-presagio-y-significado-espiritual/,Que Significa la Visita de un Pajaro Gris? Presagio y Significado Espiritual,11826,3
peligro de extincion condor andino,informacional,SI,post,https://avesnativaschilenas.cl/fardela/fardela-de-phoenix/,Fardela de Phoenix: el petrel blanquinegro en peligro de extinción,14189,3
periquito de bourke macho y hembra,mixto,SI,post,https://avesnativaschilenas.cl/jaulas/para-periquitos/,Jaulas para Periquitos: Guia de Compra Completa 2026,15284,100
periquitos australianos color rojo,mixto,SI,post,https://avesnativaschilenas.cl/jaulas/para-periquitos/,Jaulas para Periquitos: Guia de Compra Completa 2026,15284,100
periquitos australianos de colores,mixto,SI,post,https://avesnativaschilenas.cl/jaulas/para-periquitos/,Jaulas para Periquitos: Guia de Compra Completa 2026,15284,100
periquitos australianos mutaciones,mixto,SI,post,https://avesnativaschilenas.cl/jaulas/para-periquitos/,Jaulas para Periquitos: Guia de Compra Completa 2026,15284,100
precio de jaula para loros grandes,comercial,SI,post,https://avesnativaschilenas.cl/jaulas/accesorios-para-jaulas/,Accesorios para Jaulas de Aves: Todo lo que Necesitas,15289,100
que comen las codornices japonesas,mixto,SI,post,https://avesnativaschilenas.cl/jaulas/para-gallinas-ponedoras/,Jaulas para Gallinas Ponedoras: Guia de Compra 2026,15281,100
rascaderos y voladeros para gallos,mixto,SI,post,https://avesnativaschilenas.cl/jaulas/para-gallinas-ponedoras/,Jaulas para Gallinas Ponedoras: Guia de Compra 2026,15281,100
se puede tener un jilguero en casa,mixto,SI,post,https://avesnativaschilenas.cl/blog/loros-que-se-pueden-tener-en-casa/,loros que se pueden tener en casa,10417,4
se puede tener una cotorra en casa,mixto,SI,post,https://avesnativaschilenas.cl/jaulas/para-loros/descubre-el-secreto-para-mantener-la-jaula-de-tu-loro-siempre-limpia-y-fresca/,¡Descubre el secreto para mantener la jaula de tu loro siempre limpia y fresca!,8533,100
significado de aguila en la biblia,informacional,SI,post,https://avesnativaschilenas.cl/aguilas/caracteristicas-de-las-aguilas-segun-la-biblia/,El Aguila en la Biblia: significado espiritual y versiculos clave,1857,6
tipos de pajaros comunes en mexico,informacional,SI,post,https://avesnativaschilenas.cl/blog/que-significa-la-presencia-de-pajaros-en-tu-casa/,qué significa la presencia de pájaros en tu casa,9405,3
todo sobre periquitos australianos,mixto,SI,post,https://avesnativaschilenas.cl/jaulas/para-periquitos/,Jaulas para Periquitos: Guia de Compra Completa 2026,15284,100
trampa casera para atrapar palomas,mixto,SI,post,https://avesnativaschilenas.cl/jaulas/descubre-la-jaula-plegable-ideal-para-atrapar-palomas-eficaz-y-practica-en-cada-uso/,Descubre la jaula plegable ideal para atrapar palomas: ¡eficaz y práctica en cada uso!,7355,3
venta de aves exoticas en santiago,comercial,SI,post,https://avesnativaschilenas.cl/nidos/descubre-el-aime-nido-de-ratan-el-refugio-ideal-para-que-tus-aves-exoticas-se-sientan-como-en-casa/,Descubre el Aimé Nido de Ratán: ¡el refugio ideal para que tus aves exóticas se sientan como en casa!,7229,4
venta de aves exóticas en colombia,comercial,SI,post,https://avesnativaschilenas.cl/nidos/descubre-el-aime-nido-de-ratan-el-refugio-ideal-para-que-tus-aves-exoticas-se-sientan-como-en-casa/,Descubre el Aimé Nido de Ratán: ¡el refugio ideal para que tus aves exóticas se sientan como en casa!,7229,4
venta de jaulas para aves en el df,comercial,SI,post,https://avesnativaschilenas.cl/jaulas/accesorios-para-jaulas/,Accesorios para Jaulas de Aves: Todo lo que Necesitas,15289,100
versiculo volaran como las aguilas,informacional,SI,post,https://avesnativaschilenas.cl/rapaces/como-las-aguilas-ensenan-a-volar-a-sus-crias/,como las águilas enseñan a volar a sus crías,9353,3
versículo fuerzas como las águilas,informacional,SI,post,https://avesnativaschilenas.cl/rapaces/como-las-aguilas-ensenan-a-volar-a-sus-crias/,como las águilas enseñan a volar a sus crías,9353,3
volaran como las aguilas versiculo,informacional,SI,post,https://avesnativaschilenas.cl/rapaces/como-las-aguilas-ensenan-a-volar-a-sus-crias/,como las águilas enseñan a volar a sus crías,9353,3
accesorios para jaula de periquitos,mixto,SI,post,https://avesnativaschilenas.cl/jaulas/accesorios-para-jaulas/,Accesorios para Jaulas de Aves: Todo lo que Necesitas,15289,100
alimentacion de cotorras argentinas,informacional,SI,post,https://avesnativaschilenas.cl/jaulas/para-loros/descubre-el-secreto-para-mantener-la-jaula-de-tu-loro-siempre-limpia-y-fresca/,¡Descubre el secreto para mantener la jaula de tu loro siempre limpia y fresca!,8533,100
alimento de periquitos australianos,mixto,SI,post,https://avesnativaschilenas.cl/jaulas/para-periquitos/,Jaulas para Periquitos: Guia de Compra Completa 2026,15284,100
alimento para pajaros en cautiverio,mixto,SI,post,https://avesnativaschilenas.cl/uncategorized/como-transforme-mi-jardin-en-un-refugio-para-aves-y-tu-tambien-puedes/,Cómo Atraer Pájaros a tu Jardín con Nidos Colgantes: La Guía Completa para Crear un Paraíso Aviar,11064,3
alimentos para pavos recién nacidos,mixto,NO,,,,,1
aplicacion para saber que pajaro es,mixto,SI,post,https://avesnativaschilenas.cl/blog/el-pavo-real-esta-en-peligro-de-extincion/,El Pavo Real en Peligro de Extinción: Todo lo que Necesitas Saber para Protegerlo,9999,3
ave marina especies representativas,informacional,SI,post,https://avesnativaschilenas.cl/marina/ave-marina-que-escoge-pareja-para-toda-la-vida/,La fidelidad en las aves marinas: ¿por qué muchas especies eligen una sola pareja de por vida?,8852,3
bailarin de danza clasica argentino,mixto,SI/Parcial,post,https://avesnativaschilenas.cl/rapaces/bailarin/,"Pajaro Bailarín, la Elegante Ave de Rapiña de Chile",1694,2
bailarin de flamenco joaquin cortes,mixto,SI/Parcial,post,https://avesnativaschilenas.cl/rapaces/bailarin/,"Pajaro Bailarín, la Elegante Ave de Rapiña de Chile",1694,2
bebederos automaticos para canarios,mixto,SI,post,https://avesnativaschilenas.cl/tienda/comederos/,Los mejores comederos para jaulas de pájaros : guía de compra y recomendaciones,2194,100
chucho de los autenticos decadentes,mixto,SI/Parcial,post,https://avesnativaschilenas.cl/blog/importancia-de-las-aves-en-chile/,Importancia de las aves en Chile: su rol en los ecosistemas y la conservacion nacional,15082,2
comederos automaticos para canarios,mixto,SI,post,https://avesnativaschilenas.cl/tienda/comederos/,Los mejores comederos para jaulas de pájaros : guía de compra y recomendaciones,2194,100
comederos para codornices en jaulas,mixto,SI,post,https://avesnativaschilenas.cl/jaulas/accesorios-para-jaulas/,Accesorios para Jaulas de Aves: Todo lo que Necesitas,15289,100
comederos para pericos australianos,mixto,SI,post,https://avesnativaschilenas.cl/tienda/comederos/,Los mejores comederos para jaulas de pájaros : guía de compra y recomendaciones,2194,100
comederos y bebederos para canarios,mixto,SI,post,https://avesnativaschilenas.cl/tienda/comederos/,Los mejores comederos para jaulas de pájaros : guía de compra y recomendaciones,2194,100
como alimentar a una tortola pichon,informacional,SI,post,https://avesnativaschilenas.cl/cuidados/como-darle-de-comer-a-un-pichon-de-paloma/,Como alimentar a un pichon de paloma: guia segura paso a paso,9458,4
como alimento a un pichon de paloma,informacional,SI,post,https://avesnativaschilenas.cl/cuidados/como-darle-de-comer-a-un-pichon-de-paloma/,Como alimentar a un pichon de paloma: guia segura paso a paso,9458,6
como criar canarios por primera vez,informacional,SI,post,https://avesnativaschilenas.cl/jaulas/para-canarios/,Jaulas para Canarios: Guia de Compra para tu Pajaro Cantor,15280,100
como hacer una casa para codornices,informacional,SI,post,https://avesnativaschilenas.cl/jaulas/para-gallinas-ponedoras/,Jaulas para Gallinas Ponedoras: Guia de Compra 2026,15281,100
como hacer una jaula para agapornis,informacional,SI,post,https://avesnativaschilenas.cl/jaulas/accesorios-para-jaulas/,Accesorios para Jaulas de Aves: Todo lo que Necesitas,15289,100
como se hace una jaula para pajaros,informacional,SI,post,https://avesnativaschilenas.cl/jaulas/accesorios-para-jaulas/,Accesorios para Jaulas de Aves: Todo lo que Necesitas,15289,100
comprar huevos fertiles de codorniz,comercial,SI,post,https://avesnativaschilenas.cl/jaulas/para-gallinas-ponedoras/,Jaulas para Gallinas Ponedoras: Guia de Compra 2026,15281,100
con que hacen los nidos los pajaros,mixto,SI,post,https://avesnativaschilenas.cl/jaulas/nidos-para-aves/,"Nidos para Aves: Tipos, Materiales y Como Elegir el Mejor",15288,100
condor de los andes caracteristicas,informacional,SI,post,https://avesnativaschilenas.cl/rapaces/2-razones-para-proteger-el-condor-de-los-andes/,2 razones para proteger el cóndor de los andes,9439,4
condor esta en peligro de extincion,informacional,SI,post,https://avesnativaschilenas.cl/blog/el-pavo-real-esta-en-peligro-de-extincion/,El Pavo Real en Peligro de Extinción: Todo lo que Necesitas Saber para Protegerlo,9999,5
conejeras grandes y baratas precios,comercial,SI/Parcial,post,https://avesnativaschilenas.cl/nidos/descubre-el-corazon-animal-salvaje-la-casa-de-pajaros-que-tus-grandes-tetas-y-compania-adoran/,¡Descubre el corazón Animal Salvaje: la casa de pájaros que tus grandes tetas y compañía adoran!,8509,2
correran y no se cansaran versiculo,mixto,SI,post,https://avesnativaschilenas.cl/blog/hay-aves-que-cruzan-el-pantano-y-no-se-manchan/,hay aves que cruzan el pantano y no se manchan,9388,3
criaderos de aves en santiago chile,mixto,SI,post,https://avesnativaschilenas.cl/blog/importancia-de-las-aves-en-chile/,Importancia de las aves en Chile: su rol en los ecosistemas y la conservacion nacional,15082,4
de que se alimenta el cóndor andino,mixto,SI,post,https://avesnativaschilenas.cl/rapaces/de-que-se-alimenta-el-condor-de-los-andes/,de qué se alimenta el cóndor de los andes,9382,6
diferencia entre aguila y aguilucho,mixto,SI,post,https://avesnativaschilenas.cl/picaflor/que-diferencia-hay-entre-un-colibri-y-un-picaflor/,Colibrí vs Picaflor: ¿Son lo mismo? 7 diferencias clave que los distinguen,9420,3
es legal tener un pavo real en casa,mixto,SI,post,https://avesnativaschilenas.cl/cuidados/cual-es-el-mejor-pajaro-para-tener-en-casa/,cuál es el mejor pájaro para tener en casa,9452,4
especies de periquitos australianos,informacional,SI,post,https://avesnativaschilenas.cl/jaulas/para-periquitos/,Jaulas para Periquitos: Guia de Compra Completa 2026,15284,100
fabricantes de jaulas para canarios,mixto,SI,post,https://avesnativaschilenas.cl/jaulas/accesorios-para-jaulas/,Accesorios para Jaulas de Aves: Todo lo que Necesitas,15289,100
gorrion caracteristicas principales,informacional,SI/Parcial,post,https://avesnativaschilenas.cl/blog/gorrion/,"Gorrion: Caracteristicas, Habitat y Curiosidades [Chile]",15249,2
guia de aves de la ciudad de mexico,mixto,SI,post,https://avesnativaschilenas.cl/cuidados/de-que-se-alimentan-las-aves/,¿De qué se alimentan las aves? Guía completa sobre la dieta aviar,11353,4
imagenes de periquitos australianos,mixto,SI,post,https://avesnativaschilenas.cl/jaulas/para-periquitos/,Jaulas para Periquitos: Guia de Compra Completa 2026,15284,100
imágenes de pájaros con sus nombres,mixto,SI,post,https://avesnativaschilenas.cl/jaulas/accesorios/transforma-la-jaula-de-tus-pajaros-con-yarnow-descubre-las-3-piezas-que-cambiaran-todo/,Transforma la jaula de tus pájaros con YARNOW: ¡Descubre las 3 piezas que cambiarán todo!,8717,3
jaula para canarios de segunda mano,comercial,SI,post,https://avesnativaschilenas.cl/jaulas/accesorios-para-jaulas/,Accesorios para Jaulas de Aves: Todo lo que Necesitas,15289,100
jaula para codornices mercado libre,mixto,SI,post,https://avesnativaschilenas.cl/jaulas/accesorios-para-jaulas/,Accesorios para Jaulas de Aves: Todo lo que Necesitas,15289,100
jaula para codorniz ponedora casera,mixto,SI,post,https://avesnativaschilenas.cl/jaulas/accesorios-para-jaulas/,Accesorios para Jaulas de Aves: Todo lo que Necesitas,15289,100
jaula para codorniz ponedora precio,comercial,SI,post,https://avesnativaschilenas.cl/jaulas/accesorios-para-jaulas/,Accesorios para Jaulas de Aves: Todo lo que Necesitas,15289,100
jaula para gallinas ponedora usadas,comercial,SI,post,https://avesnativaschilenas.cl/jaulas/accesorios-para-jaulas/,Accesorios para Jaulas de Aves: Todo lo que Necesitas,15289,100
jaulas de gallinas ponedora precios,comercial,SI,post,https://avesnativaschilenas.cl/jaulas/accesorios-para-jaulas/,Accesorios para Jaulas de Aves: Todo lo que Necesitas,15289,100
jaulas de segunda mano para pájaros,comercial,SI,post,https://avesnativaschilenas.cl/jaulas/accesorios-para-jaulas/,Accesorios para Jaulas de Aves: Todo lo que Necesitas,15289,100
jaulas para cobayas grandes baratas,comercial,SI,post,https://avesnativaschilenas.cl/jaulas/accesorios-para-jaulas/,Accesorios para Jaulas de Aves: Todo lo que Necesitas,15289,100
jaulas para codornices segunda mano,comercial,SI,post,https://avesnativaschilenas.cl/jaulas/accesorios-para-jaulas/,Accesorios para Jaulas de Aves: Todo lo que Necesitas,15289,100
jaulas para cria de canarios usadas,comercial,SI,post,https://avesnativaschilenas.cl/jaulas/accesorios-para-jaulas/,Accesorios para Jaulas de Aves: Todo lo que Necesitas,15289,100
jaulas para criar conejos de granja,mixto,SI,post,https://avesnativaschilenas.cl/jaulas/accesorios-para-jaulas/,Accesorios para Jaulas de Aves: Todo lo que Necesitas,15289,100
jaulas para cuyes de madera medidas,mixto,SI,post,https://avesnativaschilenas.cl/jaulas/accesorios-para-jaulas/,Accesorios para Jaulas de Aves: Todo lo que Necesitas,15289,100
jaulas para gallos de pelea medidas,mixto,SI,post,https://avesnativaschilenas.cl/jaulas/accesorios-para-jaulas/,Accesorios para Jaulas de Aves: Todo lo que Necesitas,15289,100
jaulas para pajaros de segunda mano,comercial,SI,post,https://avesnativaschilenas.cl/jaulas/accesorios-para-jaulas/,Accesorios para Jaulas de Aves: Todo lo que Necesitas,15289,100
jaulas para pajaros grandes baratas,comercial,SI,post,https://avesnativaschilenas.cl/jaulas/accesorios-para-jaulas/,Accesorios para Jaulas de Aves: Todo lo que Necesitas,15289,100
jaulas para periquitos australianos,mixto,SI,post,https://avesnativaschilenas.cl/jaulas/accesorios-para-jaulas/,Accesorios para Jaulas de Aves: Todo lo que Necesitas,15289,100
jaulas para pollitos recien nacidos,mixto,SI,post,https://avesnativaschilenas.cl/jaulas/accesorios-para-jaulas/,Accesorios para Jaulas de Aves: Todo lo que Necesitas,15289,100
little live pets pajarito con jaula,mixto,SI,post,https://avesnativaschilenas.cl/jaulas/accesorios-para-jaulas/,Accesorios para Jaulas de Aves: Todo lo que Necesitas,15289,100
mirador de las gaviotas santa marta,mixto,SI,post,https://avesnativaschilenas.cl/gaviotas/la-vida-secreta-de-las-aves-marinas/,La Vida Secreta de las Aves Marinas: Descubre sus Hábitos y Misterios,11042,3
módulos de cría de canarios baratos,comercial,SI,post,https://avesnativaschilenas.cl/jaulas/para-canarios/,Jaulas para Canarios: Guia de Compra para tu Pajaro Cantor,15280,100
nido de palomas en casa significado,informacional,SI,post,https://avesnativaschilenas.cl/jaulas/nidos-para-aves/,"Nidos para Aves: Tipos, Materiales y Como Elegir el Mejor",15288,100
pajaros de colombia con sus nombres,mixto,SI,post,https://avesnativaschilenas.cl/jaulas/accesorios/transforma-la-jaula-de-tus-pajaros-con-yarnow-descubre-las-3-piezas-que-cambiaran-todo/,Transforma la jaula de tus pájaros con YARNOW: ¡Descubre las 3 piezas que cambiarán todo!,8717,3
pajaros que se pueden tener en casa,mixto,SI,post,https://avesnativaschilenas.cl/blog/loros-que-se-pueden-tener-en-casa/,loros que se pueden tener en casa,10417,6
para que sirve el alimento ponedora,mixto,SI,post,https://avesnativaschilenas.cl/jaulas/para-gallinas-ponedoras/,Jaulas para Gallinas Ponedoras: Guia de Compra 2026,15281,100
playa las gaviotas cayo santa maria,mixto,SI/Parcial,post,https://avesnativaschilenas.cl/gaviotas/la-vida-secreta-de-las-aves-marinas/,La Vida Secreta de las Aves Marinas: Descubre sus Hábitos y Misterios,11042,2
porque los zorzales cantan de noche,mixto,SI,post,https://avesnativaschilenas.cl/rapaces/lechuza/aves-que-cantan-de-noche/,Descubre el misterio de las aves que cantan de noche: ¡Conoce sus secretos y melodías nocturnas!,2137,3
pájaro carpintero pájaro carpintero,mixto,NO,,,,,1
que comen las codornices silvestres,mixto,SI,post,https://avesnativaschilenas.cl/jaulas/para-gallinas-ponedoras/,Jaulas para Gallinas Ponedoras: Guia de Compra 2026,15281,100
que se le da de comer a las palomas,mixto,SI,post,https://avesnativaschilenas.cl/cuidados/que-se-le-puede-dar-de-comer-a-un-pichon-de-paloma/,que se le puede dar de comer a un pichon de paloma,9410,6
rascaderos para gallos 75x75 precio,comercial,SI,post,https://avesnativaschilenas.cl/jaulas/para-gallinas-ponedoras/,Jaulas para Gallinas Ponedoras: Guia de Compra 2026,15281,100
se puede tener un cuervo de mascota,mixto,SI,post,https://avesnativaschilenas.cl/blog/que-aves-se-pueden-tener-de-mascota-en-argentina/,que aves se pueden tener de mascota en argentina,10418,4
se puede tener un guacamayo en casa,mixto,SI,post,https://avesnativaschilenas.cl/jaulas/para-loros/descubre-el-secreto-para-mantener-la-jaula-de-tu-loro-siempre-limpia-y-fresca/,¡Descubre el secreto para mantener la jaula de tu loro siempre limpia y fresca!,8533,100
se puede tener un pavo real en casa,mixto,SI,post,https://avesnativaschilenas.cl/blog/loros-que-se-pueden-tener-en-casa/,loros que se pueden tener en casa,10417,4
significado de aguilas en la biblia,informacional,SI,post,https://avesnativaschilenas.cl/aguilas/caracteristicas-de-las-aguilas-segun-la-biblia/,El Aguila en la Biblia: significado espiritual y versiculos clave,1857,6
significado del aguila en la biblia,informacional,SI,post,https://avesnativaschilenas.cl/aguilas/caracteristicas-de-las-aguilas-segun-la-biblia/,El Aguila en la Biblia: significado espiritual y versiculos clave,1857,5
significado del águila en la biblia,informacional,SI,post,https://avesnativaschilenas.cl/aguilas/caracteristicas-de-las-aguilas-segun-la-biblia/,El Aguila en la Biblia: significado espiritual y versiculos clave,1857,5
tipos de pajaros para tener en casa,informacional,SI,post,https://avesnativaschilenas.cl/nidos/transforma-tu-jardin-en-un-paraiso-para-aves-con-nuestra-casa-de-pajaros-de-madera-resistente/,¡Transforma tu jardín en un paraíso para aves con nuestra casa de pájaros de madera resistente!,8000,5
venta de aves cerca de mi ubicación,comercial,SI,post,https://avesnativaschilenas.cl/ubicacion/aves-de-la-decima-region/,aves de la decima region,9992,3
venta de jaulas para criar canarios,comercial,SI,post,https://avesnativaschilenas.cl/jaulas/accesorios-para-jaulas/,Accesorios para Jaulas de Aves: Todo lo que Necesitas,15289,100
venta de jaulas para pájaros usadas,comercial,SI,post,https://avesnativaschilenas.cl/jaulas/accesorios-para-jaulas/,Accesorios para Jaulas de Aves: Todo lo que Necesitas,15289,100
versiculo correran y no se cansaran,mixto,SI,post,https://avesnativaschilenas.cl/blog/hay-aves-que-cruzan-el-pantano-y-no-se-manchan/,hay aves que cruzan el pantano y no se manchan,9388,3
aves del sur de chile y sus nombres,mixto,SI,post,https://avesnativaschilenas.cl/blog/importancia-de-las-aves-en-chile/,Importancia de las aves en Chile: su rol en los ecosistemas y la conservacion nacional,15082,4
cual es el ave mas grande del mundo,mixto,SI,post,https://avesnativaschilenas.cl/acuaticas/cual-es-el-ave-mas-grande-del-mundo-que-vuela/,cual es el ave más grande del mundo que vuela,9414,8
cual es el ave más grande del mundo,mixto,SI,post,https://avesnativaschilenas.cl/acuaticas/cual-es-el-ave-mas-grande-del-mundo-que-vuela/,cual es el ave más grande del mundo que vuela,9414,8
diferencia entre picaflor y colibri,mixto,SI,post,https://avesnativaschilenas.cl/picaflor/que-diferencia-hay-entre-un-colibri-y-un-picaflor/,Colibrí vs Picaflor: ¿Son lo mismo? 7 diferencias clave que los distinguen,9420,5
alimentacion de loro cabeza amarilla,informacional,SI,post,https://avesnativaschilenas.cl/jaulas/para-loros/descubre-el-secreto-para-mantener-la-jaula-de-tu-loro-siempre-limpia-y-fresca/,¡Descubre el secreto para mantener la jaula de tu loro siempre limpia y fresca!,8533,100
alimentación de pericos australianos,informacional,SI,post,https://avesnativaschilenas.cl/jaulas/para-periquitos/,Jaulas para Periquitos: Guia de Compra Completa 2026,15284,100
alimentación periquitos australianos,informacional,SI,post,https://avesnativaschilenas.cl/jaulas/para-periquitos/,Jaulas para Periquitos: Guia de Compra Completa 2026,15284,100
alimentos para pajaros en cautiverio,mixto,SI,post,https://avesnativaschilenas.cl/uncategorized/como-transforme-mi-jardin-en-un-refugio-para-aves-y-tu-tambien-puedes/,Cómo Atraer Pájaros a tu Jardín con Nidos Colgantes: La Guía Completa para Crear un Paraíso Aviar,11064,3
alimentos que pueden comer los loros,mixto,SI,post,https://avesnativaschilenas.cl/jaulas/para-loros/descubre-el-secreto-para-mantener-la-jaula-de-tu-loro-siempre-limpia-y-fresca/,¡Descubre el secreto para mantener la jaula de tu loro siempre limpia y fresca!,8533,100
apartamentos punta cormoran la manga,mixto,NO,,,,,1
caminaran y no se cansaran versiculo,mixto,SI,post,https://avesnativaschilenas.cl/blog/hay-aves-que-cruzan-el-pantano-y-no-se-manchan/,hay aves que cruzan el pantano y no se manchan,9388,3
comederos para pájaros al aire libre,mixto,SI,post,https://avesnativaschilenas.cl/tienda/comederos/,Los mejores comederos para jaulas de pájaros : guía de compra y recomendaciones,2194,100
como alimentar a un pichon de paloma,informacional,SI,post,https://avesnativaschilenas.cl/cuidados/como-darle-de-comer-a-un-pichon-de-paloma/,Como alimentar a un pichon de paloma: guia segura paso a paso,9458,7
como criar canarios criollos en casa,informacional,SI,post,https://avesnativaschilenas.cl/jaulas/para-canarios/,Jaulas para Canarios: Guia de Compra para tu Pajaro Cantor,15280,100
como curar el ala rota de una paloma,informacional,SI,post,https://avesnativaschilenas.cl/cuidados/como-curar-a-una-paloma-herida-por-un-gato/,como curar a una paloma herida por un gato,9404,4
como curar un ala rota de una paloma,informacional,SI,post,https://avesnativaschilenas.cl/cuidados/como-curar-a-una-paloma-herida-por-un-gato/,como curar a una paloma herida por un gato,9404,5
como evitar la extincion de animales,informacional,SI,post,https://avesnativaschilenas.cl/blog/aves-en-peligro-de-extincion-en-chile-lista-2026-y-como-ayudarlas/,Aves en Peligro de Extincion en Chile: Lista 2026 y Como Ayudarlas,11834,3
como fabricar una jaula para pajaros,informacional,SI,post,https://avesnativaschilenas.cl/jaulas/accesorios-para-jaulas/,Accesorios para Jaulas de Aves: Todo lo que Necesitas,15289,100
como hacer una voladera para pajaros,informacional,SI,post,https://avesnativaschilenas.cl/jaulas/voladeras/,Voladeras para Aves: Como Elegir la Mejor para tus Pajaros,15277,100
como se alimenta un pichon de paloma,informacional,SI,post,https://avesnativaschilenas.cl/cuidados/como-darle-de-comer-a-un-pichon-de-paloma/,Como alimentar a un pichon de paloma: guia segura paso a paso,9458,5
como se llama la comida para pajaros,informacional,SI,post,https://avesnativaschilenas.cl/jaulas/voladeras/,Voladeras para Aves: Como Elegir la Mejor para tus Pajaros,15277,4
correran y no se fatigaran versiculo,mixto,SI,post,https://avesnativaschilenas.cl/blog/hay-aves-que-cruzan-el-pantano-y-no-se-manchan/,hay aves que cruzan el pantano y no se manchan,9388,3
cuanto cuesta una jaula para pajaros,mixto,SI,post,https://avesnativaschilenas.cl/jaulas/accesorios-para-jaulas/,Accesorios para Jaulas de Aves: Todo lo que Necesitas,15289,100
cuanto viven las cotorras argentinas,mixto,SI,post,https://avesnativaschilenas.cl/jaulas/para-loros/descubre-el-secreto-para-mantener-la-jaula-de-tu-loro-siempre-limpia-y-fresca/,¡Descubre el secreto para mantener la jaula de tu loro siempre limpia y fresca!,8533,100
cuáles son los colores del pavo real,mixto,SI,post,https://avesnativaschilenas.cl/cuidados/de-que-color-son-los-huevos-de-pavo-real/,de que color son los huevos de pavo real,9364,4
de que se alimentan los loros verdes,mixto,SI,post,https://avesnativaschilenas.cl/jaulas/para-loros/descubre-el-secreto-para-mantener-la-jaula-de-tu-loro-siempre-limpia-y-fresca/,¡Descubre el secreto para mantener la jaula de tu loro siempre limpia y fresca!,8533,100
el aguila en la biblia que significa,informacional,SI,post,https://avesnativaschilenas.cl/aguilas/que-significa-sonar-con-un-aguila-segun-la-biblia/,Que significa sonar con un aguila: interpretacion y simbolismo,9978,5
el colibrí y el picaflor es lo mismo,mixto,SI,post,https://avesnativaschilenas.cl/picaflor/que-diferencia-hay-entre-un-colibri-y-un-picaflor/,Colibrí vs Picaflor: ¿Son lo mismo? 7 diferencias clave que los distinguen,9420,5
el pato está en peligro de extinción,informacional,SI,post,https://avesnativaschilenas.cl/blog/el-pavo-real-esta-en-peligro-de-extincion/,El Pavo Real en Peligro de Extinción: Todo lo que Necesitas Saber para Protegerlo,9999,6
el picaflor y el colibri es lo mismo,mixto,SI,post,https://avesnativaschilenas.cl/picaflor/que-diferencia-hay-entre-un-colibri-y-un-picaflor/,Colibrí vs Picaflor: ¿Son lo mismo? 7 diferencias clave que los distinguen,9420,5
el águila en la biblia que significa,informacional,SI,post,https://avesnativaschilenas.cl/aguilas/que-significa-sonar-con-un-aguila-segun-la-biblia/,Que significa sonar con un aguila: interpretacion y simbolismo,9978,5
hay aves que cruzan el pantano poema,mixto,SI,post,https://avesnativaschilenas.cl/blog/hay-aves-que-cruzan-el-pantano-y-no-se-manchan/,hay aves que cruzan el pantano y no se manchan,9388,6
imágenes de pavo real macho y hembra,mixto,SI,post,https://avesnativaschilenas.cl/cuidados/como-distinguir-un-pavo-real-macho-de-una-hembra/,Como distinguir un pavo real macho de una hembra: diferencias reales y fotos,9393,6
jaula para pájaros de madera precios,comercial,SI,post,https://avesnativaschilenas.cl/jaulas/accesorios-para-jaulas/,Accesorios para Jaulas de Aves: Todo lo que Necesitas,15289,100
jaulas de codornices de segunda mano,comercial,SI,post,https://avesnativaschilenas.cl/jaulas/accesorios-para-jaulas/,Accesorios para Jaulas de Aves: Todo lo que Necesitas,15289,100
jaulas de cria canarios segunda mano,comercial,SI,post,https://avesnativaschilenas.cl/jaulas/accesorios-para-jaulas/,Accesorios para Jaulas de Aves: Todo lo que Necesitas,15289,100
jaulas de metal para gallos de pelea,mixto,SI,post,https://avesnativaschilenas.cl/jaulas/accesorios-para-jaulas/,Accesorios para Jaulas de Aves: Todo lo que Necesitas,15289,100
jaulas para canarios grandes precios,comercial,SI,post,https://avesnativaschilenas.cl/jaulas/accesorios-para-jaulas/,Accesorios para Jaulas de Aves: Todo lo que Necesitas,15289,100
jaulas para gallos de pelea en venta,comercial,SI,post,https://avesnativaschilenas.cl/jaulas/accesorios-para-jaulas/,Accesorios para Jaulas de Aves: Todo lo que Necesitas,15289,100
jaulas para pajaros en mercado libre,mixto,SI,post,https://avesnativaschilenas.cl/jaulas/accesorios-para-jaulas/,Accesorios para Jaulas de Aves: Todo lo que Necesitas,15289,100
jaulas para pajaros hechas de madera,mixto,SI,post,https://avesnativaschilenas.cl/jaulas/accesorios-para-jaulas/,Accesorios para Jaulas de Aves: Todo lo que Necesitas,15289,100
jaulas para pájaros grandes en venta,comercial,SI,post,https://avesnativaschilenas.cl/jaulas/accesorios-para-jaulas/,Accesorios para Jaulas de Aves: Todo lo que Necesitas,15289,100
jaulas para transportar pollos vivos,mixto,SI,post,https://avesnativaschilenas.cl/jaulas/accesorios-para-jaulas/,Accesorios para Jaulas de Aves: Todo lo que Necesitas,15289,100
modelos de jaulas para loros grandes,mixto,SI,post,https://avesnativaschilenas.cl/jaulas/accesorios-para-jaulas/,Accesorios para Jaulas de Aves: Todo lo que Necesitas,15289,100
paloma muerta significado espiritual,informacional,SI/Parcial,post,https://avesnativaschilenas.cl/picaflor/significado-espiritual-del-colibri-y-tatuajes-de-picaflor/,Significado espiritual del colibrí y tatuajes de picaflor: simbolismo y creencias,14221,2
pavo real hembra y macho diferencias,mixto,SI,post,https://avesnativaschilenas.cl/terrestres/pavo-real-diferencias-entre-macho-y-hembra-fotos/,Pavo Real: Diferencias entre Macho y Hembra + Fotos,11823,6
precio de jaulas para pajaros usadas,comercial,SI,post,https://avesnativaschilenas.cl/jaulas/accesorios-para-jaulas/,Accesorios para Jaulas de Aves: Todo lo que Necesitas,15289,100
se puede tener un colibri de mascota,mixto,SI,post,https://avesnativaschilenas.cl/blog/que-aves-se-pueden-tener-de-mascota-en-argentina/,que aves se pueden tener de mascota en argentina,10418,4
significado espiritual de un gorrión,informacional,SI,post,https://avesnativaschilenas.cl/blog/que-significa-la-visita-de-un-pajaro-gris-presagio-y-significado-espiritual/,Que Significa la Visita de un Pajaro Gris? Presagio y Significado Espiritual,11826,4
tipos de aves pequeñas y sus nombres,informacional,SI,post,https://avesnativaschilenas.cl/cuidados/tipo-de-alimentacion-de-las-aves/,Descubre los Tipos de Alimentación de las Aves: Guía Completa para Entender sus Dietas,11359,4
tipos de jaulas para gallos de pelea,informacional,SI,post,https://avesnativaschilenas.cl/jaulas/accesorios-para-jaulas/,Accesorios para Jaulas de Aves: Todo lo que Necesitas,15289,100
venta de jaulas para canarios usadas,comercial,SI,post,https://avesnativaschilenas.cl/jaulas/accesorios-para-jaulas/,Accesorios para Jaulas de Aves: Todo lo que Necesitas,15289,100
venta de jaulas para gallinas usadas,comercial,SI,post,https://avesnativaschilenas.cl/jaulas/accesorios-para-jaulas/,Accesorios para Jaulas de Aves: Todo lo que Necesitas,15289,100
venta de jaulas para gallos de pelea,comercial,SI,post,https://avesnativaschilenas.cl/jaulas/accesorios-para-jaulas/,Accesorios para Jaulas de Aves: Todo lo que Necesitas,15289,100
versiculo caminaran y no se cansaran,mixto,SI,post,https://avesnativaschilenas.cl/blog/hay-aves-que-cruzan-el-pantano-y-no-se-manchan/,hay aves que cruzan el pantano y no se manchan,9388,3
águila arpía en peligro de extinción,informacional,SI,post,https://avesnativaschilenas.cl/fardela/fardela-de-phoenix/,Fardela de Phoenix: el petrel blanquinegro en peligro de extinción,14189,4
diferencias entre colibri y picaflor,mixto,SI,post,https://avesnativaschilenas.cl/picaflor/que-diferencia-hay-entre-un-colibri-y-un-picaflor/,Colibrí vs Picaflor: ¿Son lo mismo? 7 diferencias clave que los distinguen,9420,5
aguila enseña a volar a sus polluelos,mixto,SI,post,https://avesnativaschilenas.cl/aguilas/como-ensena-el-aguila-a-volar-a-sus-polluelos/,Como el aguila ensena a volar a sus polluelos,9369,6
alimento de crecimiento para pollitos,mixto,SI,post,https://avesnativaschilenas.cl/jaulas/para-gallinas-ponedoras/,Jaulas para Gallinas Ponedoras: Guia de Compra 2026,15281,100
alimento de mantenimiento para gallos,mixto,SI,post,https://avesnativaschilenas.cl/jaulas/para-gallinas-ponedoras/,Jaulas para Gallinas Ponedoras: Guia de Compra 2026,15281,100
alimento para canarios recien nacidos,mixto,SI,post,https://avesnativaschilenas.cl/jaulas/para-canarios/,Jaulas para Canarios: Guia de Compra para tu Pajaro Cantor,15280,100
alimento para pollitos en crecimiento,mixto,SI,post,https://avesnativaschilenas.cl/jaulas/para-gallinas-ponedoras/,Jaulas para Gallinas Ponedoras: Guia de Compra 2026,15281,100
alimento para que canten los canarios,mixto,SI,post,https://avesnativaschilenas.cl/jaulas/para-canarios/,Jaulas para Canarios: Guia de Compra para tu Pajaro Cantor,15280,100
alimentos para gallos de pelea purina,mixto,SI,post,https://avesnativaschilenas.cl/jaulas/para-gallinas-ponedoras/,Jaulas para Gallinas Ponedoras: Guia de Compra 2026,15281,100
ave de presa especies representativas,informacional,SI,post,https://avesnativaschilenas.cl/acuaticas/ave-de-plumaje-blanco-y-penacho-amarillo-identificacion-y-especies/,Ave de Plumaje Blanco y Penacho Amarillo: Identificacion y Especies,11828,3
aves de rapiña significado espiritual,informacional,SI,post,https://avesnativaschilenas.cl/blog/aves-y-espiritualidad-guia-completa-para-entender-su-simbolismo/,"Significado espiritual de las aves: simbolismo, mensajes y sueños",9513,4
chucho valdes buena vista social club,mixto,NO,,,,,1
comedero para periquitos australianos,mixto,SI,post,https://avesnativaschilenas.cl/tienda/comederos/,Los mejores comederos para jaulas de pájaros : guía de compra y recomendaciones,2194,100
comedero para pollitos recién nacidos,mixto,SI,post,https://avesnativaschilenas.cl/tienda/comederos/,Los mejores comederos para jaulas de pájaros : guía de compra y recomendaciones,2194,100
comederos y bebederos para codornices,mixto,SI,post,https://avesnativaschilenas.cl/tienda/comederos/,Los mejores comederos para jaulas de pájaros : guía de compra y recomendaciones,2194,100
como cuidar los animales en extincion,informacional,SI,post,https://avesnativaschilenas.cl/cuidados/10-medidas-para-proteger-a-los-animales-en-peligro-de-extincion/,10 medidas para proteger a los animales en peligro de extinción,9379,4
como curar una ala rota de una paloma,informacional,SI,post,https://avesnativaschilenas.cl/cuidados/como-curar-a-una-paloma-herida-por-un-gato/,como curar a una paloma herida por un gato,9404,4
como detener la extincion de animales,informacional,SI,post,https://avesnativaschilenas.cl/blog/aves-en-peligro-de-extincion-en-chile-lista-2026-y-como-ayudarlas/,Aves en Peligro de Extincion en Chile: Lista 2026 y Como Ayudarlas,11834,3
como hacer una bañera para periquitos,informacional,SI,post,https://avesnativaschilenas.cl/jaulas/para-periquitos/,Jaulas para Periquitos: Guia de Compra Completa 2026,15284,100
como se llama la hembra del pavo real,informacional,SI,post,https://avesnativaschilenas.cl/blog/de-que-esta-cubierta-la-piel-del-pavo-real/,de qué está cubierta la piel del pavo real,9402,4
comprar huevos de codorniz fecundados,comercial,SI,post,https://avesnativaschilenas.cl/jaulas/para-gallinas-ponedoras/,Jaulas para Gallinas Ponedoras: Guia de Compra 2026,15281,100
con que alimentar un pichon de paloma,mixto,SI,post,https://avesnativaschilenas.cl/cuidados/como-darle-de-comer-a-un-pichon-de-paloma/,Como alimentar a un pichon de paloma: guia segura paso a paso,9458,5
cualidades del aguila segun la biblia,mixto,SI,post,https://avesnativaschilenas.cl/aguilas/que-significa-sonar-con-un-aguila-segun-la-biblia/,Que significa sonar con un aguila: interpretacion y simbolismo,9978,4
cóndor andino en peligro de extinción,informacional,SI,post,https://avesnativaschilenas.cl/fardela/fardela-de-phoenix/,Fardela de Phoenix: el petrel blanquinegro en peligro de extinción,14189,4
el aguila que representa en la biblia,mixto,SI,post,https://avesnativaschilenas.cl/aguilas/el-aguila-que-tipo-de-consumidor-es/,El aguila desvelada: como regula la vida en su ecosistema,6998,5
el colibri y el picaflor son lo mismo,mixto,SI,post,https://avesnativaschilenas.cl/picaflor/que-diferencia-hay-entre-un-colibri-y-un-picaflor/,Colibrí vs Picaflor: ¿Son lo mismo? 7 diferencias clave que los distinguen,9420,6
el picaflor y el colibrí son lo mismo,mixto,SI,post,https://avesnativaschilenas.cl/picaflor/que-diferencia-hay-entre-un-colibri-y-un-picaflor/,Colibrí vs Picaflor: ¿Son lo mismo? 7 diferencias clave que los distinguen,9420,6
el proceso del aguila segun la biblia,mixto,SI,post,https://avesnativaschilenas.cl/aguilas/caracteristicas-de-las-aguilas-segun-la-biblia/,El Aguila en la Biblia: significado espiritual y versiculos clave,1857,5
es legal tener un cuervo en argentina,mixto,SI,post,https://avesnativaschilenas.cl/blog/que-aves-se-pueden-tener-de-mascota-en-argentina/,que aves se pueden tener de mascota en argentina,10418,3
es legal tener un pavo real en méxico,mixto,SI,post,https://avesnativaschilenas.cl/blog/el-pavo-real-esta-en-peligro-de-extincion/,El Pavo Real en Peligro de Extinción: Todo lo que Necesitas Saber para Protegerlo,9999,3
fotos y nombres de pájaros argentinos,mixto,SI,post,https://avesnativaschilenas.cl/cuidados/como-distinguir-un-pavo-real-macho-de-una-hembra/,Como distinguir un pavo real macho de una hembra: diferencias reales y fotos,9393,3
jaula para transporte de pollos vivos,mixto,SI,post,https://avesnativaschilenas.cl/jaulas/accesorios-para-jaulas/,Accesorios para Jaulas de Aves: Todo lo que Necesitas,15289,100
jaulas de fierro para gallos de pelea,mixto,SI,post,https://avesnativaschilenas.cl/jaulas/accesorios-para-jaulas/,Accesorios para Jaulas de Aves: Todo lo que Necesitas,15289,100
jaulas de madera para gallos de pelea,mixto,SI,post,https://avesnativaschilenas.cl/jaulas/accesorios-para-jaulas/,Accesorios para Jaulas de Aves: Todo lo que Necesitas,15289,100
jaulas grandes de madera para pajaros,mixto,SI,post,https://avesnativaschilenas.cl/jaulas/accesorios-para-jaulas/,Accesorios para Jaulas de Aves: Todo lo que Necesitas,15289,100
jaulas grandes para aves segunda mano,comercial,SI,post,https://avesnativaschilenas.cl/jaulas/accesorios-para-jaulas/,Accesorios para Jaulas de Aves: Todo lo que Necesitas,15289,100
jaulas grandes para canarios en venta,comercial,SI,post,https://avesnativaschilenas.cl/jaulas/accesorios-para-jaulas/,Accesorios para Jaulas de Aves: Todo lo que Necesitas,15289,100
jaulas grandes para pajaros de madera,mixto,SI,post,https://avesnativaschilenas.cl/jaulas/accesorios-para-jaulas/,Accesorios para Jaulas de Aves: Todo lo que Necesitas,15289,100
jaulas para codorniz ponedora medidas,mixto,SI,post,https://avesnativaschilenas.cl/jaulas/accesorios-para-jaulas/,Accesorios para Jaulas de Aves: Todo lo que Necesitas,15289,100
jaulas para gallinas ponedora caseras,mixto,SI,post,https://avesnativaschilenas.cl/jaulas/accesorios-para-jaulas/,Accesorios para Jaulas de Aves: Todo lo que Necesitas,15289,100
jaulas para gallinas ponedora precios,comercial,SI,post,https://avesnativaschilenas.cl/jaulas/accesorios-para-jaulas/,Accesorios para Jaulas de Aves: Todo lo que Necesitas,15289,100
jaulas para gallos de pelea de madera,mixto,SI,post,https://avesnativaschilenas.cl/jaulas/accesorios-para-jaulas/,Accesorios para Jaulas de Aves: Todo lo que Necesitas,15289,100
jaulas para pajaros caseras de madera,mixto,SI,post,https://avesnativaschilenas.cl/jaulas/accesorios-para-jaulas/,Accesorios para Jaulas de Aves: Todo lo que Necesitas,15289,100
jaulas para pollos de engorde caseras,mixto,SI,post,https://avesnativaschilenas.cl/jaulas/accesorios-para-jaulas/,Accesorios para Jaulas de Aves: Todo lo que Necesitas,15289,100
lechuza blanca significado espiritual,informacional,SI,post,https://avesnativaschilenas.cl/rapaces/lechuza/significado-de-ver-una-lechuza-blanca-en-la-noche/,significado de ver una lechuza blanca en la noche,9451,3
medidas de jaula para gallos de pelea,mixto,SI,post,https://avesnativaschilenas.cl/jaulas/accesorios-para-jaulas/,Accesorios para Jaulas de Aves: Todo lo que Necesitas,15289,100
mutaciones de periquitos australianos,mixto,SI,post,https://avesnativaschilenas.cl/jaulas/para-periquitos/,Jaulas para Periquitos: Guia de Compra Completa 2026,15284,100
nido de paloma en mi casa significado,informacional,SI,post,https://avesnativaschilenas.cl/jaulas/nidos-para-aves/,"Nidos para Aves: Tipos, Materiales y Como Elegir el Mejor",15288,100
paloma de collar turca macho y hembra,mixto,SI,post,https://avesnativaschilenas.cl/cuidados/como-distinguir-un-pavo-real-macho-de-una-hembra/,Como distinguir un pavo real macho de una hembra: diferencias reales y fotos,9393,4
periquito australiano características,informacional,SI,post,https://avesnativaschilenas.cl/jaulas/para-periquitos/,Jaulas para Periquitos: Guia de Compra Completa 2026,15284,100
periquitos australianos colores raros,mixto,SI,post,https://avesnativaschilenas.cl/jaulas/para-periquitos/,Jaulas para Periquitos: Guia de Compra Completa 2026,15284,100
precio de cotorra de kramer papillera,comercial,SI,post,https://avesnativaschilenas.cl/jaulas/para-loros/descubre-el-secreto-para-mantener-la-jaula-de-tu-loro-siempre-limpia-y-fresca/,¡Descubre el secreto para mantener la jaula de tu loro siempre limpia y fresca!,8533,100
precio de jaula para gallina ponedora,comercial,SI,post,https://avesnativaschilenas.cl/jaulas/accesorios-para-jaulas/,Accesorios para Jaulas de Aves: Todo lo que Necesitas,15289,100
precio de jaulas grandes para pajaros,comercial,SI,post,https://avesnativaschilenas.cl/jaulas/accesorios-para-jaulas/,Accesorios para Jaulas de Aves: Todo lo que Necesitas,15289,100
precio de jaulas para gallos de pelea,comercial,SI,post,https://avesnativaschilenas.cl/jaulas/accesorios-para-jaulas/,Accesorios para Jaulas de Aves: Todo lo que Necesitas,15289,100
pájaros de costa rica fotos y nombres,mixto,SI,post,https://avesnativaschilenas.cl/cuidados/como-distinguir-un-pavo-real-macho-de-una-hembra/,Como distinguir un pavo real macho de una hembra: diferencias reales y fotos,9393,3
restaurante las gaviotas viña del mar,mixto,SI,post,https://avesnativaschilenas.cl/gaviotas/historia-cultural-de-las-gaviotas-simbolos-de-libertad-y-mar/,Historia Cultural de las Gaviotas: Símbolos de Libertad y Mar,9747,3
significado del búho en lo espiritual,informacional,SI,post,https://avesnativaschilenas.cl/picaflor/significado-espiritual-del-colibri-y-tatuajes-de-picaflor/,Significado espiritual del colibrí y tatuajes de picaflor: simbolismo y creencias,14221,3
variedades de periquitos australianos,mixto,SI,post,https://avesnativaschilenas.cl/jaulas/para-periquitos/,Jaulas para Periquitos: Guia de Compra Completa 2026,15284,100
venta de huevo de codorniz por millar,comercial,SI,post,https://avesnativaschilenas.cl/jaulas/para-gallinas-ponedoras/,Jaulas para Gallinas Ponedoras: Guia de Compra 2026,15281,100
venta de huevos de codorniz por mayor,comercial,SI,post,https://avesnativaschilenas.cl/jaulas/para-gallinas-ponedoras/,Jaulas para Gallinas Ponedoras: Guia de Compra 2026,15281,100
venta de jaulas grandes para canarios,comercial,SI,post,https://avesnativaschilenas.cl/jaulas/accesorios-para-jaulas/,Accesorios para Jaulas de Aves: Todo lo que Necesitas,15289,100
venta de jaulas para aves por mayoreo,comercial,SI,post,https://avesnativaschilenas.cl/jaulas/accesorios-para-jaulas/,Accesorios para Jaulas de Aves: Todo lo que Necesitas,15289,100
ver un colibrí significado espiritual,informacional,SI,post,https://avesnativaschilenas.cl/picaflor/significado-espiritual-del-colibri-y-tatuajes-de-picaflor/,Significado espiritual del colibrí y tatuajes de picaflor: simbolismo y creencias,14221,3
versiculo de las aguilas en la biblia,mixto,SI,post,https://avesnativaschilenas.cl/aguilas/caracteristicas-de-las-aguilas-segun-la-biblia/,El Aguila en la Biblia: significado espiritual y versiculos clave,1857,6
voladeros jaulas para gallos de pelea,mixto,SI,post,https://avesnativaschilenas.cl/jaulas/accesorios-para-jaulas/,Accesorios para Jaulas de Aves: Todo lo que Necesitas,15289,100
aves en peligro de extinción en chile,informacional,SI,post,https://avesnativaschilenas.cl/blog/aves-en-peligro-de-extincion-en-chile-lista-2026-y-como-ayudarlas/,Aves en Peligro de Extincion en Chile: Lista 2026 y Como Ayudarlas,11834,6
alimentacion para pericos australianos,informacional,SI,post,https://avesnativaschilenas.cl/jaulas/para-periquitos/,Jaulas para Periquitos: Guia de Compra Completa 2026,15284,100
alimento para canarios para que canten,mixto,SI,post,https://avesnativaschilenas.cl/jaulas/para-canarios/,Jaulas para Canarios: Guia de Compra para tu Pajaro Cantor,15280,100
alimento para codorniz ponedora precio,comercial,SI,post,https://avesnativaschilenas.cl/jaulas/para-gallinas-ponedoras/,Jaulas para Gallinas Ponedoras: Guia de Compra 2026,15281,100
alimento para gallos de pelea en cuido,mixto,SI,post,https://avesnativaschilenas.cl/jaulas/para-gallinas-ponedoras/,Jaulas para Gallinas Ponedoras: Guia de Compra 2026,15281,100
alimentos para pollitos recién nacidos,mixto,SI,post,https://avesnativaschilenas.cl/jaulas/para-gallinas-ponedoras/,Jaulas para Gallinas Ponedoras: Guia de Compra 2026,15281,100
aves que están en peligro de extinción,informacional,SI,page,https://avesnativaschilenas.cl/en-peligro-de-extincion/,"Aves en peligro de extinción en Chile: ¿Qué son, por qué importan y cómo salvarlas?",1015,6
botella comederos para aves reciclados,mixto,SI,post,https://avesnativaschilenas.cl/tienda/comederos/,Los mejores comederos para jaulas de pájaros : guía de compra y recomendaciones,2194,100
caracteristica del aguila en la biblia,mixto,SI,post,https://avesnativaschilenas.cl/aguilas/caracteristicas-de-las-aguilas-segun-la-biblia/,El Aguila en la Biblia: significado espiritual y versiculos clave,1857,4
colegio nido de aguilas santiago chile,mixto,SI,post,https://avesnativaschilenas.cl/jaulas/nidos-para-aves/,"Nidos para Aves: Tipos, Materiales y Como Elegir el Mejor",15288,100
colirrojo tizón significado espiritual,informacional,SI/Parcial,post,https://avesnativaschilenas.cl/picaflor/significado-espiritual-del-colibri-y-tatuajes-de-picaflor/,Significado espiritual del colibrí y tatuajes de picaflor: simbolismo y creencias,14221,2
comedero para aves casero muy sencillo,mixto,SI,post,https://avesnativaschilenas.cl/tienda/comederos/,Los mejores comederos para jaulas de pájaros : guía de compra y recomendaciones,2194,100
como curar a una paloma herida del ala,informacional,SI,post,https://avesnativaschilenas.cl/cuidados/como-curar-a-una-paloma-herida-por-un-gato/,como curar a una paloma herida por un gato,9404,6
como curar una paloma herida en el ala,informacional,SI,post,https://avesnativaschilenas.cl/cuidados/como-curar-a-una-paloma-herida-por-un-gato/,como curar a una paloma herida por un gato,9404,5
como evitar la extincion de las abejas,informacional,SI,post,https://avesnativaschilenas.cl/nidos/descubre-como-las-20-piezas-de-hapinary-transformaran-la-cria-de-tus-palomas-no-lo-creeras/,Descubre cómo las 20 piezas de HAPINARY transformarán la cría de tus palomas ¡no lo creerás!,7623,4
como evitar la extinción del oso panda,informacional,SI/Parcial,post,https://avesnativaschilenas.cl/jaulas/para-codornices/,Jaulas para Codornices: Como Elegir la Jaula Ideal para tu Crianza,15282,2
como evitar la extinción del oso polar,informacional,SI/Parcial,post,https://avesnativaschilenas.cl/jaulas/para-codornices/,Jaulas para Codornices: Como Elegir la Jaula Ideal para tu Crianza,15282,2
como evitar que las abejas se extingan,informacional,SI,post,https://avesnativaschilenas.cl/cuidados/de-que-se-alimentan-las-aves/,¿De qué se alimentan las aves? Guía completa sobre la dieta aviar,11353,3
como se llama la comida de los pajaros,informacional,SI,post,https://avesnativaschilenas.cl/redes/protege-tu-jardin-como-nunca-antes-descubre-la-increible-red-anti-pajaros-de-4x15m-y-sus-fantasticas-herramientas-de-instalacion-no-dejes-que-los-pajaros-arruinen-tu-oasis-verde/,¡Protege tu jardín como nunca antes! Descubre la increíble Red Anti-pájaros de 4x15M y sus fantásticas herramientas de instalación. ¡No dejes que los pájaros arruinen tu oasis verde!,7100,5
cuál es el pájaro más bonito del mundo,mixto,SI,post,https://avesnativaschilenas.cl/blog/cual-es-el-ave-con-el-pico-mas-largo-del-mundo/,cual es el ave con el pico mas largo del mundo,9428,6
cuáles son los periquitos australianos,mixto,SI,post,https://avesnativaschilenas.cl/jaulas/para-periquitos/,Jaulas para Periquitos: Guia de Compra Completa 2026,15284,100
diferentes tipos de aves y sus nombres,informacional,SI,post,https://avesnativaschilenas.cl/cuidados/tipo-de-alimentacion-de-las-aves/,Descubre los Tipos de Alimentación de las Aves: Guía Completa para Entender sus Dietas,11359,4
el mejor alimento para gallos de pelea,comercial,SI,post,https://avesnativaschilenas.cl/jaulas/para-gallinas-ponedoras/,Jaulas para Gallinas Ponedoras: Guia de Compra 2026,15281,100
el águila está en peligro de extinción,informacional,SI,post,https://avesnativaschilenas.cl/blog/el-pavo-real-esta-en-peligro-de-extincion/,El Pavo Real en Peligro de Extinción: Todo lo que Necesitas Saber para Protegerlo,9999,6
información sobre el pájaro carpintero,informacional,SI/Parcial,post,https://avesnativaschilenas.cl/jaulas/transportines-para-aves/,Transportines para Aves: Como Elegir el Mejor para Viajar con tu Pajaro,15286,2
jaula grande para pajaros mercadolibre,navegacional,SI,post,https://avesnativaschilenas.cl/jaulas/accesorios-para-jaulas/,Accesorios para Jaulas de Aves: Todo lo que Necesitas,15289,100
jaula grande para pajaros segunda mano,comercial,SI,post,https://avesnativaschilenas.cl/jaulas/accesorios-para-jaulas/,Accesorios para Jaulas de Aves: Todo lo que Necesitas,15289,100
jaula trampa multicaptura para pajaros,mixto,SI,post,https://avesnativaschilenas.cl/jaulas/accesorios-para-jaulas/,Accesorios para Jaulas de Aves: Todo lo que Necesitas,15289,100
jaulas de madera para erizos de tierra,mixto,SI,post,https://avesnativaschilenas.cl/jaulas/accesorios-para-jaulas/,Accesorios para Jaulas de Aves: Todo lo que Necesitas,15289,100
jaulas para codornices de segunda mano,comercial,SI,post,https://avesnativaschilenas.cl/jaulas/accesorios-para-jaulas/,Accesorios para Jaulas de Aves: Todo lo que Necesitas,15289,100
jaulas para gallinas de postura precio,comercial,SI,post,https://avesnativaschilenas.cl/jaulas/accesorios-para-jaulas/,Accesorios para Jaulas de Aves: Todo lo que Necesitas,15289,100
los gorriones reconocen a las personas,mixto,SI,post,https://avesnativaschilenas.cl/nidos/descubre-la-magica-pajarera-que-encantara-a-los-colibries-y-gorriones-100-natural-%f0%9f%8c%bf%e2%9c%a8/,¡Descubre la mágica pajarera que encantará a los colibríes y gorriones! 100% natural 🌿✨,7275,3
martín pescador significado espiritual,informacional,SI/Parcial,post,https://avesnativaschilenas.cl/picaflor/significado-espiritual-del-colibri-y-tatuajes-de-picaflor/,Significado espiritual del colibrí y tatuajes de picaflor: simbolismo y creencias,14221,2
significado de tener un buho de adorno,informacional,SI,post,https://avesnativaschilenas.cl/rapaces/lechuza/significado-de-ver-un-buho-blanco-en-la-noche/,significado de ver un buho blanco en la noche,9442,4
todas las aves del mundo y sus nombres,mixto,SI,post,https://avesnativaschilenas.cl/gaviotas/la-vida-secreta-de-las-aves-marinas/,La Vida Secreta de las Aves Marinas: Descubre sus Hábitos y Misterios,11042,4
todo sobre los periquitos australianos,mixto,SI,post,https://avesnativaschilenas.cl/jaulas/para-periquitos/,Jaulas para Periquitos: Guia de Compra Completa 2026,15284,100
venta de jaulas para aves en guatemala,comercial,SI,post,https://avesnativaschilenas.cl/jaulas/accesorios-para-jaulas/,Accesorios para Jaulas de Aves: Todo lo que Necesitas,15289,100
voladeras para periquitos australianos,mixto,SI,post,https://avesnativaschilenas.cl/jaulas/para-periquitos/,Jaulas para Periquitos: Guia de Compra Completa 2026,15284,100
voladeros para gallos de pelea medidas,mixto,SI,post,https://avesnativaschilenas.cl/jaulas/para-gallinas-ponedoras/,Jaulas para Gallinas Ponedoras: Guia de Compra 2026,15281,100
el cóndor está en peligro de extinción,informacional,SI,post,https://avesnativaschilenas.cl/blog/el-pavo-real-esta-en-peligro-de-extincion/,El Pavo Real en Peligro de Extinción: Todo lo que Necesitas Saber para Protegerlo,9999,6
uniforme colegio nido de aguilas chile,mixto,SI,post,https://avesnativaschilenas.cl/jaulas/nidos-para-aves/,"Nidos para Aves: Tipos, Materiales y Como Elegir el Mejor",15288,100
accesorios para periquitos australianos,mixto,SI,post,https://avesnativaschilenas.cl/jaulas/accesorios-para-jaulas/,Accesorios para Jaulas de Aves: Todo lo que Necesitas,15289,100
alimentacion de periquitos australianos,informacional,SI,post,https://avesnativaschilenas.cl/jaulas/para-periquitos/,Jaulas para Periquitos: Guia de Compra Completa 2026,15284,100
alimentacion del pinguino de magallanes,informacional,SI,post,https://avesnativaschilenas.cl/marina/pinguino-de-magallanes-el-habitante-de-las-costas-patagonicas/,Pingüino de Magallanes: El Habitante de las Costas Patagónicas,3698,3
ave gallinacea de larga cola crucigrama,mixto,SI,post,https://avesnativaschilenas.cl/jaulas/para-gallinas-ponedoras/,Jaulas para Gallinas Ponedoras: Guia de Compra 2026,15281,100
ave que cruza el pantano y no se mancha,mixto,SI,post,https://avesnativaschilenas.cl/blog/hay-aves-que-cruzan-el-pantano-y-no-se-manchan/,hay aves que cruzan el pantano y no se manchan,9388,6
características de los loros que hablan,informacional,SI,post,https://avesnativaschilenas.cl/jaulas/para-loros/descubre-el-secreto-para-mantener-la-jaula-de-tu-loro-siempre-limpia-y-fresca/,¡Descubre el secreto para mantener la jaula de tu loro siempre limpia y fresca!,8533,100
características del aguila en la biblia,informacional,SI,post,https://avesnativaschilenas.cl/aguilas/caracteristicas-de-las-aguilas-segun-la-biblia/,El Aguila en la Biblia: significado espiritual y versiculos clave,1857,5
características del águila en la biblia,informacional,SI,post,https://avesnativaschilenas.cl/aguilas/caracteristicas-de-las-aguilas-segun-la-biblia/,El Aguila en la Biblia: significado espiritual y versiculos clave,1857,5
comedero de aves con material reciclado,mixto,SI,post,https://avesnativaschilenas.cl/tienda/comederos/,Los mejores comederos para jaulas de pájaros : guía de compra y recomendaciones,2194,100
como eliminar las pulgas de las palomas,informacional,SI,post,https://avesnativaschilenas.cl/nidos/descubre-como-las-20-piezas-de-hapinary-transformaran-la-cria-de-tus-palomas-no-lo-creeras/,Descubre cómo las 20 piezas de HAPINARY transformarán la cría de tus palomas ¡no lo creerás!,7623,4
como hacer jaula para codorniz ponedora,informacional,SI,post,https://avesnativaschilenas.cl/jaulas/accesorios-para-jaulas/,Accesorios para Jaulas de Aves: Todo lo que Necesitas,15289,100
como hacer una voladera para periquitos,informacional,SI,post,https://avesnativaschilenas.cl/jaulas/para-periquitos/,Jaulas para Periquitos: Guia de Compra Completa 2026,15284,100
con que se alimenta un pichon de paloma,mixto,SI,post,https://avesnativaschilenas.cl/cuidados/que-se-le-puede-dar-de-comer-a-un-pichon-de-paloma/,que se le puede dar de comer a un pichon de paloma,9410,6
de que se alimentan los colibries bebes,mixto,SI,post,https://avesnativaschilenas.cl/pato/donde-viven-los-patos-y-de-que-se-alimentan/,Donde viven los patos y de que se alimentan: guia completa de aves acuaticas en Chile,9370,5
de qué se alimenta el pájaro carpintero,mixto,SI,post,https://avesnativaschilenas.cl/rapaces/de-que-se-alimenta-el-condor-de-los-andes/,de qué se alimenta el cóndor de los andes,9382,5
diferencia entre gaviota macho y hembra,mixto,SI,post,https://avesnativaschilenas.cl/terrestres/pavo-real-diferencias-entre-macho-y-hembra-fotos/,Pavo Real: Diferencias entre Macho y Hembra + Fotos,11823,4
diferencia entre gorrion macho y hembra,mixto,SI,post,https://avesnativaschilenas.cl/terrestres/pavo-real-diferencias-entre-macho-y-hembra-fotos/,Pavo Real: Diferencias entre Macho y Hembra + Fotos,11823,4
imagenes de jaulas grandes para pajaros,mixto,SI,post,https://avesnativaschilenas.cl/jaulas/accesorios-para-jaulas/,Accesorios para Jaulas de Aves: Todo lo que Necesitas,15289,100
jaulas de acero inoxidable para pájaros,mixto,SI,post,https://avesnativaschilenas.cl/jaulas/accesorios-para-jaulas/,Accesorios para Jaulas de Aves: Todo lo que Necesitas,15289,100
jaulas de descanso para gallos de pelea,mixto,SI,post,https://avesnativaschilenas.cl/jaulas/accesorios-para-jaulas/,Accesorios para Jaulas de Aves: Todo lo que Necesitas,15289,100
jaulas de madera para canarios de canto,mixto,SI,post,https://avesnativaschilenas.cl/jaulas/accesorios-para-jaulas/,Accesorios para Jaulas de Aves: Todo lo que Necesitas,15289,100
jaulas para gallinas ponedora de madera,mixto,SI,post,https://avesnativaschilenas.cl/jaulas/accesorios-para-jaulas/,Accesorios para Jaulas de Aves: Todo lo que Necesitas,15289,100
jaulas para transportar gallos de pelea,mixto,SI,post,https://avesnativaschilenas.cl/jaulas/accesorios-para-jaulas/,Accesorios para Jaulas de Aves: Todo lo que Necesitas,15289,100
jaulas trampa para pajaros segunda mano,comercial,SI,post,https://avesnativaschilenas.cl/jaulas/accesorios-para-jaulas/,Accesorios para Jaulas de Aves: Todo lo que Necesitas,15289,100
las mejores jaulas para gallos de pelea,comercial,SI,post,https://avesnativaschilenas.cl/jaulas/accesorios-para-jaulas/,Accesorios para Jaulas de Aves: Todo lo que Necesitas,15289,100
los patos están en peligro de extinción,informacional,SI,post,https://avesnativaschilenas.cl/cuidados/10-medidas-para-proteger-a-los-animales-en-peligro-de-extincion/,10 medidas para proteger a los animales en peligro de extinción,9379,5
medidas de jaulas de cria para canarios,mixto,SI,post,https://avesnativaschilenas.cl/jaulas/accesorios-para-jaulas/,Accesorios para Jaulas de Aves: Todo lo que Necesitas,15289,100
nido de golondrinas en casa significado,informacional,SI,post,https://avesnativaschilenas.cl/jaulas/nidos-para-aves/,"Nidos para Aves: Tipos, Materiales y Como Elegir el Mejor",15288,100
porque las palomas abandonan sus huevos,mixto,SI,post,https://avesnativaschilenas.cl/cuidados/porque-las-aves-se-comen-las-heces-de-sus-pichones/,porque las aves se comen las heces de sus pichones,9457,3
que comen las codornices recién nacidas,mixto,SI,post,https://avesnativaschilenas.cl/jaulas/para-gallinas-ponedoras/,Jaulas para Gallinas Ponedoras: Guia de Compra 2026,15281,100
significado de las aguilas en la biblia,informacional,SI,post,https://avesnativaschilenas.cl/aguilas/caracteristicas-de-las-aguilas-segun-la-biblia/,El Aguila en la Biblia: significado espiritual y versiculos clave,1857,7
significado espiritual de los colibríes,informacional,SI,post,https://avesnativaschilenas.cl/picaflor/significado-espiritual-del-colibri-y-tatuajes-de-picaflor/,Significado espiritual del colibrí y tatuajes de picaflor: simbolismo y creencias,14221,3
tipos de pájaros pequeños y sus nombres,informacional,SI,post,https://avesnativaschilenas.cl/jaulas/portatiles/descubre-la-jaula-de-pajaros-perfecta-ideal-para-animales-pequenos-y-aventura-al-aire-libre/,¡Descubre la Jaula de Pájaros Perfecta! Ideal para Animales Pequeños y Aventura al Aire Libre,8108,4
trampa para pájaros multicaptura casera,mixto,SI/Parcial,post,https://avesnativaschilenas.cl/jaulas/voladeras/,Voladeras para Aves: Como Elegir la Mejor para tus Pajaros,15277,2
20 nombres nombres de aves de pico largo,mixto,SI,post,https://avesnativaschilenas.cl/terrestres/corbatita/familia-de-aves-de-plumaje-negro-y-pico-largo/,familia de aves de plumaje negro y pico largo,9401,4
alimento balanceado para gallos de pelea,mixto,SI,post,https://avesnativaschilenas.cl/jaulas/para-gallinas-ponedoras/,Jaulas para Gallinas Ponedoras: Guia de Compra 2026,15281,100
camping las gaviotas santa maría del mar,mixto,SI,post,https://avesnativaschilenas.cl/gaviotas/historia-cultural-de-las-gaviotas-simbolos-de-libertad-y-mar/,Historia Cultural de las Gaviotas: Símbolos de Libertad y Mar,9747,3
comederos de aves con material reciclado,mixto,SI,post,https://avesnativaschilenas.cl/tienda/comederos/,Los mejores comederos para jaulas de pájaros : guía de compra y recomendaciones,2194,100
como evitar la extincion de los animales,informacional,SI,post,https://avesnativaschilenas.cl/cuidados/10-medidas-para-proteger-a-los-animales-en-peligro-de-extincion/,10 medidas para proteger a los animales en peligro de extinción,9379,4
como evitar que los animales se extingan,informacional,SI,post,https://avesnativaschilenas.cl/blog/que-se-le-pone-a-los-periquitos-para-hacer-el-nido/,que se le pone a los periquitos para hacer el nido,10019,3
como hacer una jaula grande para pajaros,informacional,SI,post,https://avesnativaschilenas.cl/jaulas/accesorios-para-jaulas/,Accesorios para Jaulas de Aves: Todo lo que Necesitas,15289,100
como hacer una jaula para aves de madera,informacional,SI,post,https://avesnativaschilenas.cl/jaulas/accesorios-para-jaulas/,Accesorios para Jaulas de Aves: Todo lo que Necesitas,15289,100
como hacer una jaula para pájaros grande,informacional,SI,post,https://avesnativaschilenas.cl/jaulas/accesorios-para-jaulas/,Accesorios para Jaulas de Aves: Todo lo que Necesitas,15289,100
comprar huevos de pavo real para incubar,comercial,SI,post,https://avesnativaschilenas.cl/blog/el-pavo-real-esta-en-peligro-de-extincion/,El Pavo Real en Peligro de Extinción: Todo lo que Necesitas Saber para Protegerlo,9999,4
diseños de jaulas de madera para pajaros,mixto,SI,post,https://avesnativaschilenas.cl/jaulas/accesorios-para-jaulas/,Accesorios para Jaulas de Aves: Todo lo que Necesitas,15289,100
el condor andino en peligro de extincion,informacional,SI,post,https://avesnativaschilenas.cl/fardela/fardela-de-phoenix/,Fardela de Phoenix: el petrel blanquinegro en peligro de extinción,14189,5
fotos de aves argentinas con sus nombres,mixto,SI,post,https://avesnativaschilenas.cl/cuidados/tipo-de-alimentacion-de-las-aves/,Descubre los Tipos de Alimentación de las Aves: Guía Completa para Entender sus Dietas,11359,3
jaulas para loros grandes usadas baratas,comercial,SI,post,https://avesnativaschilenas.cl/jaulas/accesorios-para-jaulas/,Accesorios para Jaulas de Aves: Todo lo que Necesitas,15289,100
modelos de jaulas de madera para pajaros,mixto,SI,post,https://avesnativaschilenas.cl/jaulas/accesorios-para-jaulas/,Accesorios para Jaulas de Aves: Todo lo que Necesitas,15289,100
que darle de comer a un pichón de paloma,mixto,SI,post,https://avesnativaschilenas.cl/cuidados/que-darle-de-comer-a-un-pichon-de-paloma/,que darle de comer a un pichón de paloma,9392,8
que debe tener una jaula para periquitos,mixto,SI,post,https://avesnativaschilenas.cl/jaulas/accesorios-para-jaulas/,Accesorios para Jaulas de Aves: Todo lo que Necesitas,15289,100
tipos de aves con sus nombres en español,informacional,SI,post,https://avesnativaschilenas.cl/cuidados/tipo-de-alimentacion-de-las-aves/,Descubre los Tipos de Alimentación de las Aves: Guía Completa para Entender sus Dietas,11359,4
venta de huevos de codorniz al por mayor,comercial,SI,post,https://avesnativaschilenas.cl/jaulas/para-gallinas-ponedoras/,Jaulas para Gallinas Ponedoras: Guia de Compra 2026,15281,100
ver paloma muerta significado espiritual,informacional,SI/Parcial,post,https://avesnativaschilenas.cl/picaflor/significado-espiritual-del-colibri-y-tatuajes-de-picaflor/,Significado espiritual del colibrí y tatuajes de picaflor: simbolismo y creencias,14221,2
voladeros de madera para gallos de pelea,mixto,SI,post,https://avesnativaschilenas.cl/jaulas/para-gallinas-ponedoras/,Jaulas para Gallinas Ponedoras: Guia de Compra 2026,15281,100
alimentacion para pollitos recien nacidos,informacional,SI,post,https://avesnativaschilenas.cl/jaulas/para-gallinas-ponedoras/,Jaulas para Gallinas Ponedoras: Guia de Compra 2026,15281,100
alimentación para periquitos australianos,informacional,SI,post,https://avesnativaschilenas.cl/jaulas/para-periquitos/,Jaulas para Periquitos: Guia de Compra Completa 2026,15284,100
bandada de pájaros significado espiritual,informacional,SI,post,https://avesnativaschilenas.cl/picaflor/significado-espiritual-del-colibri-y-tatuajes-de-picaflor/,Significado espiritual del colibrí y tatuajes de picaflor: simbolismo y creencias,14221,3
colegio nido de aguilas chile mensualidad,mixto,SI,post,https://avesnativaschilenas.cl/jaulas/nidos-para-aves/,"Nidos para Aves: Tipos, Materiales y Como Elegir el Mejor",15288,100
comedero para aves con material reciclado,mixto,SI,post,https://avesnativaschilenas.cl/tienda/comederos/,Los mejores comederos para jaulas de pájaros : guía de compra y recomendaciones,2194,100
como hacer para que las codornices pongan,informacional,SI,post,https://avesnativaschilenas.cl/jaulas/para-gallinas-ponedoras/,Jaulas para Gallinas Ponedoras: Guia de Compra 2026,15281,100
diferencia entre el colibrí y el picaflor,mixto,SI,post,https://avesnativaschilenas.cl/picaflor/que-diferencia-hay-entre-un-colibri-y-un-picaflor/,Colibrí vs Picaflor: ¿Son lo mismo? 7 diferencias clave que los distinguen,9420,5
diferencia entre el picaflor y el colibrí,mixto,SI,post,https://avesnativaschilenas.cl/picaflor/que-diferencia-hay-entre-un-colibri-y-un-picaflor/,Colibrí vs Picaflor: ¿Son lo mismo? 7 diferencias clave que los distinguen,9420,5
diferencia entre un colibrí y un picaflor,mixto,SI,post,https://avesnativaschilenas.cl/picaflor/que-diferencia-hay-entre-un-colibri-y-un-picaflor/,Colibrí vs Picaflor: ¿Son lo mismo? 7 diferencias clave que los distinguen,9420,6
diferentes tipos de pajaros y sus nombres,informacional,SI,post,https://avesnativaschilenas.cl/redes/protege-tu-jardin-como-nunca-antes-descubre-la-increible-red-anti-pajaros-de-4x15m-y-sus-fantasticas-herramientas-de-instalacion-no-dejes-que-los-pajaros-arruinen-tu-oasis-verde/,¡Protege tu jardín como nunca antes! Descubre la increíble Red Anti-pájaros de 4x15M y sus fantásticas herramientas de instalación. ¡No dejes que los pájaros arruinen tu oasis verde!,7100,4
el pavo real está en peligro de extinción,informacional,SI,post,https://avesnativaschilenas.cl/blog/el-pavo-real-esta-en-peligro-de-extincion/,El Pavo Real en Peligro de Extinción: Todo lo que Necesitas Saber para Protegerlo,9999,8
jaula grande para periquitos australianos,mixto,SI,post,https://avesnativaschilenas.cl/jaulas/accesorios-para-jaulas/,Accesorios para Jaulas de Aves: Todo lo que Necesitas,15289,100
jaula para periquitos australianos casera,mixto,SI,post,https://avesnativaschilenas.cl/jaulas/accesorios-para-jaulas/,Accesorios para Jaulas de Aves: Todo lo que Necesitas,15289,100
jaulas automáticas para gallinas ponedora,mixto,SI,post,https://avesnativaschilenas.cl/jaulas/accesorios-para-jaulas/,Accesorios para Jaulas de Aves: Todo lo que Necesitas,15289,100
jaulas de madera artesanales para pajaros,mixto,SI,post,https://avesnativaschilenas.cl/jaulas/accesorios-para-jaulas/,Accesorios para Jaulas de Aves: Todo lo que Necesitas,15289,100
medidas de voladeros para gallos de pelea,mixto,SI,post,https://avesnativaschilenas.cl/jaulas/para-gallinas-ponedoras/,Jaulas para Gallinas Ponedoras: Guia de Compra 2026,15281,100
porque el condor andino esta en extincion,informacional,SI,post,https://avesnativaschilenas.cl/blog/porque-esta-en-peligro-de-extincion-el-picaflor-de-juan-fernandez/,porque esta en peligro de extinción el picaflor de juan fernández,9449,5
porque esta en extincion el condor andino,informacional,SI,post,https://avesnativaschilenas.cl/blog/porque-esta-en-peligro-de-extincion-el-picaflor-de-juan-fernandez/,porque esta en peligro de extinción el picaflor de juan fernández,9449,5
pájaros que están en peligro de extinción,informacional,SI,post,https://avesnativaschilenas.cl/blog/el-pavo-real-esta-en-peligro-de-extincion/,El Pavo Real en Peligro de Extinción: Todo lo que Necesitas Saber para Protegerlo,9999,5
que se le puede dar de comer a una paloma,mixto,SI,post,https://avesnativaschilenas.cl/cuidados/que-se-le-puede-dar-de-comer-a-un-pichon-de-paloma/,que se le puede dar de comer a un pichon de paloma,9410,9
rascaderos voladeros para gallos de pelea,mixto,SI,post,https://avesnativaschilenas.cl/jaulas/para-gallinas-ponedoras/,Jaulas para Gallinas Ponedoras: Guia de Compra 2026,15281,100
trampas automaticas para palomas ladronas,mixto,SI/Parcial,post,https://avesnativaschilenas.cl/jaulas/portatiles/descubre-la-jaula-plegable-perfecta-para-tus-mascotas-ideal-para-viajar-con-palomas-y-conejos/,Descubre la jaula plegable perfecta para tus mascotas: ¡ideal para viajar con palomas y conejos!,8605,2
venta de huevos de pavo real para incubar,comercial,SI,post,https://avesnativaschilenas.cl/blog/el-pavo-real-esta-en-peligro-de-extincion/,El Pavo Real en Peligro de Extinción: Todo lo que Necesitas Saber para Protegerlo,9999,4
alimentación para gallos de pelea en cuido,informacional,SI,post,https://avesnativaschilenas.cl/jaulas/para-gallinas-ponedoras/,Jaulas para Gallinas Ponedoras: Guia de Compra 2026,15281,100
características del águila según la biblia,informacional,SI,post,https://avesnativaschilenas.cl/aguilas/caracteristicas-de-las-aguilas-segun-la-biblia/,El Aguila en la Biblia: significado espiritual y versiculos clave,1857,5
comedero de pajaros con botellas plasticas,mixto,SI,post,https://avesnativaschilenas.cl/tienda/comederos/,Los mejores comederos para jaulas de pájaros : guía de compra y recomendaciones,2194,100
comedero de pajaros con material reciclado,mixto,SI,post,https://avesnativaschilenas.cl/tienda/comederos/,Los mejores comederos para jaulas de pájaros : guía de compra y recomendaciones,2194,100
comederos para aves con botellas plasticas,mixto,SI,post,https://avesnativaschilenas.cl/tienda/comederos/,Los mejores comederos para jaulas de pájaros : guía de compra y recomendaciones,2194,100
comederos para aves con material reciclado,mixto,SI,post,https://avesnativaschilenas.cl/tienda/comederos/,Los mejores comederos para jaulas de pájaros : guía de compra y recomendaciones,2194,100
comederos y bebederos para aves silvestres,mixto,SI,post,https://avesnativaschilenas.cl/tienda/comederos/,Los mejores comederos para jaulas de pájaros : guía de compra y recomendaciones,2194,100
comederos y bebederos para gallos de pelea,mixto,SI,post,https://avesnativaschilenas.cl/tienda/comederos/,Los mejores comederos para jaulas de pájaros : guía de compra y recomendaciones,2194,100
como hacer una funda para jaula de pájaros,informacional,SI,post,https://avesnativaschilenas.cl/jaulas/accesorios-para-jaulas/,Accesorios para Jaulas de Aves: Todo lo que Necesitas,15289,100
como prevenir que los animales se extingan,informacional,SI,post,https://avesnativaschilenas.cl/blog/que-se-le-pone-a-los-periquitos-para-hacer-el-nido/,que se le pone a los periquitos para hacer el nido,10019,3
como saber si un gorrion es macho o hembra,informacional,SI,post,https://avesnativaschilenas.cl/gaviotas/como-saber-si-una-gaviota-es-macho-o-hembra/,como saber si una gaviota es macho o hembra,9453,7
condor andino esta en peligro de extincion,informacional,SI,post,https://avesnativaschilenas.cl/blog/el-pavo-real-esta-en-peligro-de-extincion/,El Pavo Real en Peligro de Extinción: Todo lo que Necesitas Saber para Protegerlo,9999,5
condor porque esta en peligro de extincion,informacional,SI,post,https://avesnativaschilenas.cl/blog/porque-esta-en-peligro-de-extincion-el-picaflor-de-juan-fernandez/,porque esta en peligro de extinción el picaflor de juan fernández,9449,6
cuál es el mejor pájaro para tener en casa,comercial,SI,post,https://avesnativaschilenas.cl/cuidados/cual-es-el-mejor-pajaro-para-tener-en-casa/,cuál es el mejor pájaro para tener en casa,9452,9
cuál es el tipo de alimentación del cóndor,informacional,SI,post,https://avesnativaschilenas.cl/rapaces/cual-es-el-ave-de-rapina-mas-grande-del-mundo/,cual es el ave de rapiña mas grande del mundo,9376,5
excremento de las aves de rapiña codycross,mixto,SI,post,https://avesnativaschilenas.cl/rapaces/excremento-de-las-aves-de-rapina/,El Curioso Mundo del Excremento de las Aves de Rapiña: Más Allá de un Simple Desecho,1903,5
fotos de los pájaros más bonitos del mundo,mixto,SI,post,https://avesnativaschilenas.cl/rapaces/cual-es-el-ave-de-rapina-mas-grande-del-mundo/,cual es el ave de rapiña mas grande del mundo,9376,4
jaulas de concurso para canarios timbrados,mixto,SI,post,https://avesnativaschilenas.cl/jaulas/accesorios-para-jaulas/,Accesorios para Jaulas de Aves: Todo lo que Necesitas,15289,100
jaulas para periquitos australianos precio,comercial,SI,post,https://avesnativaschilenas.cl/jaulas/accesorios-para-jaulas/,Accesorios para Jaulas de Aves: Todo lo que Necesitas,15289,100
alimentación de los periquitos australianos,informacional,SI,post,https://avesnativaschilenas.cl/jaulas/para-periquitos/,Jaulas para Periquitos: Guia de Compra Completa 2026,15284,100
comederos de pajaros con material reciclado,mixto,SI,post,https://avesnativaschilenas.cl/tienda/comederos/,Los mejores comederos para jaulas de pájaros : guía de compra y recomendaciones,2194,100
como hacer que pongan huevos las codornices,informacional,SI,post,https://avesnativaschilenas.cl/jaulas/para-gallinas-ponedoras/,Jaulas para Gallinas Ponedoras: Guia de Compra 2026,15281,100
como hacer una jaula de madera para pajaros,informacional,SI,post,https://avesnativaschilenas.cl/jaulas/accesorios-para-jaulas/,Accesorios para Jaulas de Aves: Todo lo que Necesitas,15289,100
como hacer una jaula grande para periquitos,informacional,SI,post,https://avesnativaschilenas.cl/jaulas/accesorios-para-jaulas/,Accesorios para Jaulas de Aves: Todo lo que Necesitas,15289,100
como hacer una jaula para codorniz ponedora,informacional,SI,post,https://avesnativaschilenas.cl/jaulas/accesorios-para-jaulas/,Accesorios para Jaulas de Aves: Todo lo que Necesitas,15289,100
como hacer una jaula para pajaros de madera,informacional,SI,post,https://avesnativaschilenas.cl/jaulas/accesorios-para-jaulas/,Accesorios para Jaulas de Aves: Todo lo que Necesitas,15289,100
como hacer una puerta para jaula de pajaros,informacional,SI,post,https://avesnativaschilenas.cl/jaulas/accesorios-para-jaulas/,Accesorios para Jaulas de Aves: Todo lo que Necesitas,15289,100
como saber si una gaviota es macho o hembra,informacional,SI,post,https://avesnativaschilenas.cl/gaviotas/como-saber-si-una-gaviota-es-macho-o-hembra/,como saber si una gaviota es macho o hembra,9453,9
cuanto mide un águila con las alas abiertas,mixto,SI,post,https://avesnativaschilenas.cl/aguilas/cuanto-mide-un-aguila-real-con-las-alas-abiertas/,Cuanto mide un aguila real con las alas abiertas,9362,8
imágenes de aves con sus nombres en español,mixto,SI,post,https://avesnativaschilenas.cl/jaulas/accesorios/transforma-la-vida-de-tus-aves-con-la-jaula-yardwe-proteccion-y-estilo-en-5-piezas/,¡Transforma la vida de tus aves con la Jaula Yardwe: protección y estilo en 5 piezas!,8664,4
jaulas de gallinas ponedora de segunda mano,comercial,SI,post,https://avesnativaschilenas.cl/jaulas/accesorios-para-jaulas/,Accesorios para Jaulas de Aves: Todo lo que Necesitas,15289,100
jaulas grandes para pajaros de segunda mano,comercial,SI,post,https://avesnativaschilenas.cl/jaulas/accesorios-para-jaulas/,Accesorios para Jaulas de Aves: Todo lo que Necesitas,15289,100
jaulas para transportar pollos vivos precio,comercial,SI,post,https://avesnativaschilenas.cl/jaulas/accesorios-para-jaulas/,Accesorios para Jaulas de Aves: Todo lo que Necesitas,15289,100
koala en peligro de extinción como evitarlo,informacional,SI,post,https://avesnativaschilenas.cl/blog/aves-en-peligro-de-extincion-en-chile-lista-2026-y-como-ayudarlas/,Aves en Peligro de Extincion en Chile: Lista 2026 y Como Ayudarlas,11834,5
porque los jilgueros tienen jaulas pequeñas,mixto,SI,post,https://avesnativaschilenas.cl/jaulas/accesorios-para-jaulas/,Accesorios para Jaulas de Aves: Todo lo que Necesitas,15289,100
que diferencia hay entre picaflor y colibri,mixto,SI,post,https://avesnativaschilenas.cl/picaflor/que-diferencia-hay-entre-un-colibri-y-un-picaflor/,Colibrí vs Picaflor: ¿Son lo mismo? 7 diferencias clave que los distinguen,9420,7
caracteristicas de un aguila segun la biblia,informacional,SI,post,https://avesnativaschilenas.cl/aguilas/caracteristicas-de-las-aguilas-segun-la-biblia/,El Aguila en la Biblia: significado espiritual y versiculos clave,1857,6
características de la paloma según la biblia,informacional,SI,post,https://avesnativaschilenas.cl/aguilas/caracteristicas-de-las-aguilas-segun-la-biblia/,El Aguila en la Biblia: significado espiritual y versiculos clave,1857,5
comederos y bebederos para perdices de campo,mixto,SI,post,https://avesnativaschilenas.cl/tienda/comederos/,Los mejores comederos para jaulas de pájaros : guía de compra y recomendaciones,2194,100
como cuidar animales en peligro de extincion,informacional,SI,post,https://avesnativaschilenas.cl/blog/aves-en-peligro-de-extincion-en-chile-lista-2026-y-como-ayudarlas/,Aves en Peligro de Extincion en Chile: Lista 2026 y Como Ayudarlas,11834,5
como enseñan a volar las águilas a sus hijos,informacional,SI,post,https://avesnativaschilenas.cl/rapaces/como-las-aguilas-ensenan-a-volar-a-sus-crias/,como las águilas enseñan a volar a sus crías,9353,7
como las águilas enseñan a volar a sus crías,informacional,SI,post,https://avesnativaschilenas.cl/rapaces/como-las-aguilas-ensenan-a-volar-a-sus-crias/,como las águilas enseñan a volar a sus crías,9353,8
jaulas de cria para canarios de segunda mano,comercial,SI,post,https://avesnativaschilenas.cl/jaulas/accesorios-para-jaulas/,Accesorios para Jaulas de Aves: Todo lo que Necesitas,15289,100
venta de jaulas para periquitos australianos,comercial,SI,post,https://avesnativaschilenas.cl/jaulas/accesorios-para-jaulas/,Accesorios para Jaulas de Aves: Todo lo que Necesitas,15289,100
alimentacion que comen los periquitos de amor,informacional,SI,post,https://avesnativaschilenas.cl/jaulas/para-periquitos/,Jaulas para Periquitos: Guia de Compra Completa 2026,15284,100
comedero para pajaros con material reciclable,mixto,SI,post,https://avesnativaschilenas.cl/tienda/comederos/,Los mejores comederos para jaulas de pájaros : guía de compra y recomendaciones,2194,100
comederos para pajaros con material reciclado,mixto,SI,post,https://avesnativaschilenas.cl/tienda/comederos/,Los mejores comederos para jaulas de pájaros : guía de compra y recomendaciones,2194,100
comederos y bebederos para pajaros silvestres,mixto,SI,post,https://avesnativaschilenas.cl/tienda/comederos/,Los mejores comederos para jaulas de pájaros : guía de compra y recomendaciones,2194,100
como enseña el aguila a volar a sus polluelos,informacional,SI,post,https://avesnativaschilenas.cl/aguilas/como-ensena-el-aguila-a-volar-a-sus-polluelos/,Como el aguila ensena a volar a sus polluelos,9369,8
el condor andino esta en peligro de extincion,informacional,SI,post,https://avesnativaschilenas.cl/blog/el-pavo-real-esta-en-peligro-de-extincion/,El Pavo Real en Peligro de Extinción: Todo lo que Necesitas Saber para Protegerlo,9999,6
el cóndor andino está en peligro de extinción,informacional,SI,post,https://avesnativaschilenas.cl/blog/el-pavo-real-esta-en-peligro-de-extincion/,El Pavo Real en Peligro de Extinción: Todo lo que Necesitas Saber para Protegerlo,9999,6
jaulas de madera para periquitos australianos,mixto,SI,post,https://avesnativaschilenas.cl/jaulas/accesorios-para-jaulas/,Accesorios para Jaulas de Aves: Todo lo que Necesitas,15289,100
jaulas para periquitos australianos de madera,mixto,SI,post,https://avesnativaschilenas.cl/jaulas/accesorios-para-jaulas/,Accesorios para Jaulas de Aves: Todo lo que Necesitas,15289,100
las golondrinas estan en peligro de extincion,informacional,SI,post,https://avesnativaschilenas.cl/fardela/fardela-de-phoenix/,Fardela de Phoenix: el petrel blanquinegro en peligro de extinción,14189,4
medidas de jaula para periquitos australianos,mixto,SI,post,https://avesnativaschilenas.cl/jaulas/accesorios-para-jaulas/,Accesorios para Jaulas de Aves: Todo lo que Necesitas,15289,100
porque el cóndor está en peligro de extinción,informacional,SI,post,https://avesnativaschilenas.cl/blog/porque-esta-en-peligro-de-extincion-el-picaflor-de-juan-fernandez/,porque esta en peligro de extinción el picaflor de juan fernández,9449,7
significado profético del águila en la biblia,informacional,SI,post,https://avesnativaschilenas.cl/aguilas/caracteristicas-de-las-aguilas-segun-la-biblia/,El Aguila en la Biblia: significado espiritual y versiculos clave,1857,5
versiculos que hablen del águila en la biblia,mixto,SI,post,https://avesnativaschilenas.cl/aguilas/caracteristicas-de-las-aguilas-segun-la-biblia/,El Aguila en la Biblia: significado espiritual y versiculos clave,1857,5
alimento de mantenimiento para gallos de pelea,mixto,SI,post,https://avesnativaschilenas.cl/jaulas/para-gallinas-ponedoras/,Jaulas para Gallinas Ponedoras: Guia de Compra 2026,15281,100
caracteristicas de las aguilas segun la biblia,informacional,SI,post,https://avesnativaschilenas.cl/aguilas/caracteristicas-de-las-aguilas-segun-la-biblia/,El Aguila en la Biblia: significado espiritual y versiculos clave,1857,7
comedero para pajaros con botellas de plastico,mixto,SI,post,https://avesnativaschilenas.cl/tienda/comederos/,Los mejores comederos para jaulas de pájaros : guía de compra y recomendaciones,2194,100
comederos caseros para periquitos australianos,mixto,SI,post,https://avesnativaschilenas.cl/tienda/comederos/,Los mejores comederos para jaulas de pájaros : guía de compra y recomendaciones,2194,100
como cuidar un pichon de paloma caido del nido,informacional,SI,post,https://avesnativaschilenas.cl/jaulas/nidos-para-aves/,"Nidos para Aves: Tipos, Materiales y Como Elegir el Mejor",15288,100
cual es la diferencia entre colibri y picaflor,mixto,SI,post,https://avesnativaschilenas.cl/picaflor/que-diferencia-hay-entre-un-colibri-y-un-picaflor/,Colibrí vs Picaflor: ¿Son lo mismo? 7 diferencias clave que los distinguen,9420,5
cuál es el mejor alimento para gallos de pelea,comercial,SI,post,https://avesnativaschilenas.cl/jaulas/para-gallinas-ponedoras/,Jaulas para Gallinas Ponedoras: Guia de Compra 2026,15281,100
cuál es el significado del águila en la biblia,informacional,SI,post,https://avesnativaschilenas.cl/aguilas/caracteristicas-de-las-aguilas-segun-la-biblia/,El Aguila en la Biblia: significado espiritual y versiculos clave,1857,6
cuál es la diferencia entre picaflor y colibrí,mixto,SI,post,https://avesnativaschilenas.cl/picaflor/que-diferencia-hay-entre-un-colibri-y-un-picaflor/,Colibrí vs Picaflor: ¿Son lo mismo? 7 diferencias clave que los distinguen,9420,5
hay aves que cruzan el pantano y no se manchan,mixto,SI,post,https://avesnativaschilenas.cl/blog/hay-aves-que-cruzan-el-pantano-y-no-se-manchan/,hay aves que cruzan el pantano y no se manchan,9388,10
modelos de jaulas para periquitos australianos,mixto,SI,post,https://avesnativaschilenas.cl/jaulas/accesorios-para-jaulas/,Accesorios para Jaulas de Aves: Todo lo que Necesitas,15289,100
animal nativo de chile en peligro de extincion,informacional,SI,post,https://avesnativaschilenas.cl/blog/que-animal-esta-en-peligro-de-extincion-en-chile/,que animal esta en peligro de extincion en chile,9394,6
que comen las codornices para que pongan huevos,mixto,SI,post,https://avesnativaschilenas.cl/jaulas/para-gallinas-ponedoras/,Jaulas para Gallinas Ponedoras: Guia de Compra 2026,15281,100
ave de plumaje blanco y penacho amarillo y largo,mixto,SI,post,https://avesnativaschilenas.cl/cisne/ave-de-plumaje-blanco-y-penacho-amarillo-y-largo/,ave de plumaje blanco y penacho amarillo y largo,9413,8
como alimentar un pichón de paloma recién nacido,informacional,SI,post,https://avesnativaschilenas.cl/cuidados/como-darle-de-comer-a-un-pichon-de-paloma/,Como alimentar a un pichon de paloma: guia segura paso a paso,9458,6
como cuidar los animales en peligro de extincion,informacional,SI,post,https://avesnativaschilenas.cl/cuidados/10-medidas-para-proteger-a-los-animales-en-peligro-de-extincion/,10 medidas para proteger a los animales en peligro de extinción,9379,6
como diferenciar una gaviota macho de una hembra,informacional,SI,post,https://avesnativaschilenas.cl/gaviotas/como-saber-si-una-gaviota-es-macho-o-hembra/,como saber si una gaviota es macho o hembra,9453,5
como enseñan las aguilas a volar a sus polluelos,informacional,SI,post,https://avesnativaschilenas.cl/rapaces/como-las-aguilas-ensenan-a-volar-a-sus-crias/,como las águilas enseñan a volar a sus crías,9353,7
como evitar los animales en peligro de extincion,informacional,SI,post,https://avesnativaschilenas.cl/cuidados/10-medidas-para-proteger-a-los-animales-en-peligro-de-extincion/,10 medidas para proteger a los animales en peligro de extinción,9379,6
como podemos evitar la extincion de los animales,informacional,SI,post,https://avesnativaschilenas.cl/cuidados/10-medidas-para-proteger-a-los-animales-en-peligro-de-extincion/,10 medidas para proteger a los animales en peligro de extinción,9379,4
qué significado tiene el águila en lo espiritual,informacional,SI,post,https://avesnativaschilenas.cl/aguilas/caracteristicas-de-las-aguilas-segun-la-biblia/,El Aguila en la Biblia: significado espiritual y versiculos clave,1857,5
se puede tener un cuervo de mascota en argentina,mixto,SI,post,https://avesnativaschilenas.cl/blog/que-aves-se-pueden-tener-de-mascota-en-argentina/,que aves se pueden tener de mascota en argentina,10418,6
accesorios para jaulas de periquitos australianos,mixto,SI,post,https://avesnativaschilenas.cl/jaulas/accesorios-para-jaulas/,Accesorios para Jaulas de Aves: Todo lo que Necesitas,15289,100
alimentos prohibidos para periquitos australianos,mixto,SI,post,https://avesnativaschilenas.cl/jaulas/para-periquitos/,Jaulas para Periquitos: Guia de Compra Completa 2026,15284,100
animales nativos en peligro de extinción en chile,informacional,SI,post,https://avesnativaschilenas.cl/blog/animales-en-peligro-de-extincion-en-chile-zona-centro/,animales en peligro de extinción en chile zona centro,9365,6
como hacer papilla casera para pichones de paloma,informacional,SI,post,https://avesnativaschilenas.cl/migratorias/paloma/palomas-bebes/,"Cómo son los nidos de paloma, que comen y como cuidar pichones",2519,4
como se puede evitar la extincion de los animales,informacional,SI,post,https://avesnativaschilenas.cl/cuidados/10-medidas-para-proteger-a-los-animales-en-peligro-de-extincion/,10 medidas para proteger a los animales en peligro de extinción,9379,4
little live pets pajaritos parlanchines con jaula,mixto,SI,post,https://avesnativaschilenas.cl/jaulas/accesorios-para-jaulas/,Accesorios para Jaulas de Aves: Todo lo que Necesitas,15289,100
animales nativos de chile en peligro de extincion,informacional,SI,post,https://avesnativaschilenas.cl/blog/animales-en-peligro-de-extincion-en-chile-zona-centro/,animales en peligro de extinción en chile zona centro,9365,6
como cuidar a los animales en peligro de extincion,informacional,SI,post,https://avesnativaschilenas.cl/cuidados/10-medidas-para-proteger-a-los-animales-en-peligro-de-extincion/,10 medidas para proteger a los animales en peligro de extinción,9379,7
como hacer una incubadora casera para codorniz pdf,informacional,SI,post,https://avesnativaschilenas.cl/jaulas/para-gallinas-ponedoras/,Jaulas para Gallinas Ponedoras: Guia de Compra 2026,15281,100
como prevenir los animales en peligro de extincion,informacional,SI,post,https://avesnativaschilenas.cl/cuidados/10-medidas-para-proteger-a-los-animales-en-peligro-de-extincion/,10 medidas para proteger a los animales en peligro de extinción,9379,6
existen aves que cruzan el pantano y no se manchan,mixto,SI,post,https://avesnativaschilenas.cl/blog/hay-aves-que-cruzan-el-pantano-y-no-se-manchan/,hay aves que cruzan el pantano y no se manchan,9388,9
hay plumajes que cruzan el pantano y no se manchan,mixto,SI,post,https://avesnativaschilenas.cl/blog/hay-aves-que-cruzan-el-pantano-y-no-se-manchan/,hay aves que cruzan el pantano y no se manchan,9388,9
como evitar el peligro de extincion de los animales,informacional,SI,post,https://avesnativaschilenas.cl/cuidados/10-medidas-para-proteger-a-los-animales-en-peligro-de-extincion/,10 medidas para proteger a los animales en peligro de extinción,9379,5
cuantos gramos tiene una barrita de chocolate aguila,mixto,SI/Parcial,post,https://avesnativaschilenas.cl/cuervo/cuervillo-de-canada/,El Cuervillo de Cañada: Una Joya Alada de los Humedales Americanos,11292,2
cuál es la diferencia entre el colibrí y el picaflor,mixto,SI,post,https://avesnativaschilenas.cl/picaflor/que-diferencia-hay-entre-un-colibri-y-un-picaflor/,Colibrí vs Picaflor: ¿Son lo mismo? 7 diferencias clave que los distinguen,9420,5
cuál es la diferencia entre un colibrí y un picaflor,mixto,SI,post,https://avesnativaschilenas.cl/picaflor/que-diferencia-hay-entre-un-colibri-y-un-picaflor/,Colibrí vs Picaflor: ¿Son lo mismo? 7 diferencias clave que los distinguen,9420,6
grupo de aves marinas al que pertenecen las gaviotas,mixto,SI,post,https://avesnativaschilenas.cl/blog/grupo-de-aves-marinas-al-que-pertenecen-las-gaviotas/,Grupo de aves marinas al que pertenecen las gaviotas: guia de la familia Laridae en Chile,9156,9
porque el condor andino está en peligro de extinción,informacional,SI,post,https://avesnativaschilenas.cl/blog/porque-esta-en-peligro-de-extincion-el-picaflor-de-juan-fernandez/,porque esta en peligro de extinción el picaflor de juan fernández,9449,7
porque esta en peligro de extincion el condor andino,informacional,SI,post,https://avesnativaschilenas.cl/blog/porque-esta-en-peligro-de-extincion-el-picaflor-de-juan-fernandez/,porque esta en peligro de extinción el picaflor de juan fernández,9449,7
porque está en peligro de extinción el cóndor andino,informacional,SI,post,https://avesnativaschilenas.cl/blog/porque-esta-en-peligro-de-extincion-el-picaflor-de-juan-fernandez/,porque esta en peligro de extinción el picaflor de juan fernández,9449,7
conservatorio profesional de danza antonio ruiz soler,mixto,NO,,,,,1
cuáles son las aves que están en peligro de extinción,informacional,SI,page,https://avesnativaschilenas.cl/en-peligro-de-extincion/,"Aves en peligro de extinción en Chile: ¿Qué son, por qué importan y cómo salvarlas?",1015,7
hay aves que cruzan el pantano sin manchar su plumaje,mixto,SI,post,https://avesnativaschilenas.cl/blog/hay-aves-que-cruzan-el-pantano-y-no-se-manchan/,hay aves que cruzan el pantano y no se manchan,9388,6
alimentacion que comen los periquitos australianos bebes,informacional,SI,post,https://avesnativaschilenas.cl/jaulas/para-periquitos/,Jaulas para Periquitos: Guia de Compra Completa 2026,15284,100
como podemos cuidar los animales en peligro de extincion,informacional,SI,post,https://avesnativaschilenas.cl/cuidados/10-medidas-para-proteger-a-los-animales-en-peligro-de-extincion/,10 medidas para proteger a los animales en peligro de extinción,9379,6
como podemos cuidar a los animales en peligro de extincion,informacional,SI,post,https://avesnativaschilenas.cl/cuidados/10-medidas-para-proteger-a-los-animales-en-peligro-de-extincion/,10 medidas para proteger a los animales en peligro de extinción,9379,7
como podemos proteger los animales en peligro de extincion,informacional,SI,post,https://avesnativaschilenas.cl/cuidados/10-medidas-para-proteger-a-los-animales-en-peligro-de-extincion/,10 medidas para proteger a los animales en peligro de extinción,9379,7
informacion sobre el condor andino en peligro de extincion,informacional,SI,post,https://avesnativaschilenas.cl/fardela/fardela-de-phoenix/,Fardela de Phoenix: el petrel blanquinegro en peligro de extinción,14189,5
como podemos proteger a los animales en peligro de extinción,informacional,SI,post,https://avesnativaschilenas.cl/cuidados/10-medidas-para-proteger-a-los-animales-en-peligro-de-extincion/,10 medidas para proteger a los animales en peligro de extinción,9379,8
